-- MySQL dump 10.13  Distrib 5.7.12, for Linux (x86_64)
--
-- Host: rdsnntwuizj75mjskmgr3.mysql.rds.aliyuncs.com    Database: ebiztop
-- ------------------------------------------------------
-- Server version	5.6.29

/*!40101 SET @OLD_CHARACTER_SET_CLIENT=@@CHARACTER_SET_CLIENT */;
/*!40101 SET @OLD_CHARACTER_SET_RESULTS=@@CHARACTER_SET_RESULTS */;
/*!40101 SET @OLD_COLLATION_CONNECTION=@@COLLATION_CONNECTION */;
/*!40101 SET NAMES utf8 */;
/*!40103 SET @OLD_TIME_ZONE=@@TIME_ZONE */;
/*!40103 SET TIME_ZONE='+00:00' */;
/*!40014 SET @OLD_UNIQUE_CHECKS=@@UNIQUE_CHECKS, UNIQUE_CHECKS=0 */;
/*!40014 SET @OLD_FOREIGN_KEY_CHECKS=@@FOREIGN_KEY_CHECKS, FOREIGN_KEY_CHECKS=0 */;
/*!40101 SET @OLD_SQL_MODE=@@SQL_MODE, SQL_MODE='NO_AUTO_VALUE_ON_ZERO' */;
/*!40111 SET @OLD_SQL_NOTES=@@SQL_NOTES, SQL_NOTES=0 */;

--
-- Table structure for table `schools`
--

DROP TABLE IF EXISTS `schools`;
/*!40101 SET @saved_cs_client     = @@character_set_client */;
/*!40101 SET character_set_client = utf8 */;
CREATE TABLE `schools` (
  `id` int(10) unsigned NOT NULL AUTO_INCREMENT,
  `name` varchar(50) COLLATE utf8_unicode_ci NOT NULL COMMENT '学校名称',
  `logo` varchar(200) COLLATE utf8_unicode_ci NOT NULL COMMENT '学校logo图片地址',
  `domain` varchar(50) COLLATE utf8_unicode_ci NOT NULL COMMENT '域名',
  `admin_user_name` varchar(50) COLLATE utf8_unicode_ci NOT NULL COMMENT '管理员用户账号名',
  `is_valid` tinyint(1) NOT NULL COMMENT '是否有效',
  `total_pics` int(10) unsigned NOT NULL COMMENT '学校所有用户上传的图片总数',
  `total_sizes` bigint(20) unsigned NOT NULL COMMENT '学校所有用户上传的图片总容量',
  `created_at` timestamp NULL DEFAULT NULL,
  `updated_at` timestamp NULL DEFAULT NULL,
  PRIMARY KEY (`id`),
  UNIQUE KEY `schools_name_unique` (`name`),
  KEY `schools_is_valid_index` (`is_valid`)
) ENGINE=InnoDB AUTO_INCREMENT=31 DEFAULT CHARSET=utf8 COLLATE=utf8_unicode_ci COMMENT='学校表';
/*!40101 SET character_set_client = @saved_cs_client */;

--
-- Dumping data for table `schools`
--
-- WHERE:  id=30

LOCK TABLES `schools` WRITE;
/*!40000 ALTER TABLE `schools` DISABLE KEYS */;
INSERT INTO `schools` VALUES (30,'浙江纺织服装职业技术学院','images/school/1479814251_学校LOGO（浙江纺织）校徽版2.png','192.168.2.108','ziff-admin',1,2,359587,'2016-11-22 01:03:43','2016-11-22 21:28:56');
/*!40000 ALTER TABLE `schools` ENABLE KEYS */;
UNLOCK TABLES;
/*!40103 SET TIME_ZONE=@OLD_TIME_ZONE */;

/*!40101 SET SQL_MODE=@OLD_SQL_MODE */;
/*!40014 SET FOREIGN_KEY_CHECKS=@OLD_FOREIGN_KEY_CHECKS */;
/*!40014 SET UNIQUE_CHECKS=@OLD_UNIQUE_CHECKS */;
/*!40101 SET CHARACTER_SET_CLIENT=@OLD_CHARACTER_SET_CLIENT */;
/*!40101 SET CHARACTER_SET_RESULTS=@OLD_CHARACTER_SET_RESULTS */;
/*!40101 SET COLLATION_CONNECTION=@OLD_COLLATION_CONNECTION */;
/*!40111 SET SQL_NOTES=@OLD_SQL_NOTES */;

-- Dump completed on 2016-11-23 17:53:10
-- MySQL dump 10.13  Distrib 5.7.12, for Linux (x86_64)
--
-- Host: rdsnntwuizj75mjskmgr3.mysql.rds.aliyuncs.com    Database: ebiztop
-- ------------------------------------------------------
-- Server version	5.6.29

/*!40101 SET @OLD_CHARACTER_SET_CLIENT=@@CHARACTER_SET_CLIENT */;
/*!40101 SET @OLD_CHARACTER_SET_RESULTS=@@CHARACTER_SET_RESULTS */;
/*!40101 SET @OLD_COLLATION_CONNECTION=@@COLLATION_CONNECTION */;
/*!40101 SET NAMES utf8 */;
/*!40103 SET @OLD_TIME_ZONE=@@TIME_ZONE */;
/*!40103 SET TIME_ZONE='+00:00' */;
/*!40014 SET @OLD_UNIQUE_CHECKS=@@UNIQUE_CHECKS, UNIQUE_CHECKS=0 */;
/*!40014 SET @OLD_FOREIGN_KEY_CHECKS=@@FOREIGN_KEY_CHECKS, FOREIGN_KEY_CHECKS=0 */;
/*!40101 SET @OLD_SQL_MODE=@@SQL_MODE, SQL_MODE='NO_AUTO_VALUE_ON_ZERO' */;
/*!40111 SET @OLD_SQL_NOTES=@@SQL_NOTES, SQL_NOTES=0 */;

--
-- Table structure for table `platforms`
--

DROP TABLE IF EXISTS `platforms`;
/*!40101 SET @saved_cs_client     = @@character_set_client */;
/*!40101 SET character_set_client = utf8 */;
CREATE TABLE `platforms` (
  `id` int(10) unsigned NOT NULL AUTO_INCREMENT,
  `logo` varchar(50) COLLATE utf8_unicode_ci NOT NULL COMMENT 'logo地址',
  `name` varchar(20) COLLATE utf8_unicode_ci NOT NULL COMMENT '中文名称',
  `ename` varchar(20) COLLATE utf8_unicode_ci NOT NULL COMMENT '英文名称',
  `site_url` varchar(50) COLLATE utf8_unicode_ci NOT NULL COMMENT '官网url',
  `web_template` varchar(200) COLLATE utf8_unicode_ci NOT NULL COMMENT 'web端展示页面模板地址',
  `app_template` varchar(200) COLLATE utf8_unicode_ci NOT NULL COMMENT 'app端展示页面模板地址',
  `created_at` timestamp NULL DEFAULT NULL,
  `updated_at` timestamp NULL DEFAULT NULL,
  `template_type` int(10) unsigned NOT NULL COMMENT '实验平台的模板类型，0=默认，按规格属性。1=直接文件映射',
  PRIMARY KEY (`id`)
) ENGINE=InnoDB AUTO_INCREMENT=4 DEFAULT CHARSET=utf8 COLLATE=utf8_unicode_ci COMMENT='实验平台表';
/*!40101 SET character_set_client = @saved_cs_client */;

--
-- Dumping data for table `platforms`
--

LOCK TABLES `platforms` WRITE;
/*!40000 ALTER TABLE `platforms` DISABLE KEYS */;
INSERT INTO `platforms` VALUES (1,'images/platform/1472373419_1.png','速卖通','AliExpress','http://www.aliexpress.com','templates/aliexpress_web.blade.php','templates/aliexpress_app.blade.php','2016-06-15 16:07:16','2016-08-28 08:37:01',0),(3,'images/platform/amazon.png','亚马逊','amazon','http://www.amazon.com','templates/amazon_web.blade.php','templates/amazon_app.blade.php','2016-09-22 15:30:24','2016-09-24 12:07:18',1);
/*!40000 ALTER TABLE `platforms` ENABLE KEYS */;
UNLOCK TABLES;
/*!40103 SET TIME_ZONE=@OLD_TIME_ZONE */;

/*!40101 SET SQL_MODE=@OLD_SQL_MODE */;
/*!40014 SET FOREIGN_KEY_CHECKS=@OLD_FOREIGN_KEY_CHECKS */;
/*!40014 SET UNIQUE_CHECKS=@OLD_UNIQUE_CHECKS */;
/*!40101 SET CHARACTER_SET_CLIENT=@OLD_CHARACTER_SET_CLIENT */;
/*!40101 SET CHARACTER_SET_RESULTS=@OLD_CHARACTER_SET_RESULTS */;
/*!40101 SET COLLATION_CONNECTION=@OLD_COLLATION_CONNECTION */;
/*!40111 SET SQL_NOTES=@OLD_SQL_NOTES */;

-- Dump completed on 2016-11-23 17:53:10
-- MySQL dump 10.13  Distrib 5.7.12, for Linux (x86_64)
--
-- Host: rdsnntwuizj75mjskmgr3.mysql.rds.aliyuncs.com    Database: ebiztop
-- ------------------------------------------------------
-- Server version	5.6.29

/*!40101 SET @OLD_CHARACTER_SET_CLIENT=@@CHARACTER_SET_CLIENT */;
/*!40101 SET @OLD_CHARACTER_SET_RESULTS=@@CHARACTER_SET_RESULTS */;
/*!40101 SET @OLD_COLLATION_CONNECTION=@@COLLATION_CONNECTION */;
/*!40101 SET NAMES utf8 */;
/*!40103 SET @OLD_TIME_ZONE=@@TIME_ZONE */;
/*!40103 SET TIME_ZONE='+00:00' */;
/*!40014 SET @OLD_UNIQUE_CHECKS=@@UNIQUE_CHECKS, UNIQUE_CHECKS=0 */;
/*!40014 SET @OLD_FOREIGN_KEY_CHECKS=@@FOREIGN_KEY_CHECKS, FOREIGN_KEY_CHECKS=0 */;
/*!40101 SET @OLD_SQL_MODE=@@SQL_MODE, SQL_MODE='NO_AUTO_VALUE_ON_ZERO' */;
/*!40111 SET @OLD_SQL_NOTES=@@SQL_NOTES, SQL_NOTES=0 */;

--
-- Table structure for table `school_tests`
--

DROP TABLE IF EXISTS `school_tests`;
/*!40101 SET @saved_cs_client     = @@character_set_client */;
/*!40101 SET character_set_client = utf8 */;
CREATE TABLE `school_tests` (
  `id` int(10) unsigned NOT NULL AUTO_INCREMENT,
  `test_id` int(10) unsigned NOT NULL COMMENT '实验id',
  `school_id` int(10) unsigned NOT NULL COMMENT '学校id',
  `is_valid` tinyint(1) NOT NULL COMMENT '是否有效',
  `created_at` timestamp NULL DEFAULT NULL,
  `updated_at` timestamp NULL DEFAULT NULL,
  PRIMARY KEY (`id`),
  KEY `school_tests_test_id_index` (`test_id`),
  KEY `school_tests_school_id_index` (`school_id`),
  CONSTRAINT `school_tests_school_id_foreign` FOREIGN KEY (`school_id`) REFERENCES `schools` (`id`),
  CONSTRAINT `school_tests_test_id_foreign` FOREIGN KEY (`test_id`) REFERENCES `tests` (`id`)
) ENGINE=InnoDB AUTO_INCREMENT=1727 DEFAULT CHARSET=utf8 COLLATE=utf8_unicode_ci COMMENT='实验授权的实验';
/*!40101 SET character_set_client = @saved_cs_client */;

--
-- Dumping data for table `school_tests`
--
-- WHERE:  school_id=30

LOCK TABLES `school_tests` WRITE;
/*!40000 ALTER TABLE `school_tests` DISABLE KEYS */;
INSERT INTO `school_tests` VALUES (1712,16,30,1,'2016-11-22 20:16:06','2016-11-22 20:16:06'),(1713,46,30,1,'2016-11-22 20:16:06','2016-11-22 20:16:06'),(1714,44,30,1,'2016-11-22 20:16:06','2016-11-22 20:16:06'),(1715,37,30,1,'2016-11-22 20:16:06','2016-11-22 20:16:06'),(1716,13,30,1,'2016-11-22 20:16:06','2016-11-22 20:16:06'),(1717,15,30,1,'2016-11-22 20:16:06','2016-11-22 20:16:06'),(1718,12,30,1,'2016-11-22 20:16:06','2016-11-22 20:16:06'),(1719,32,30,1,'2016-11-22 20:16:06','2016-11-22 20:16:06'),(1720,31,30,1,'2016-11-22 20:16:06','2016-11-22 20:16:06'),(1721,34,30,1,'2016-11-22 20:16:06','2016-11-22 20:16:06'),(1722,5,30,1,'2016-11-22 20:16:06','2016-11-22 20:16:06'),(1723,38,30,1,'2016-11-22 20:16:06','2016-11-22 20:16:06'),(1724,40,30,1,'2016-11-22 20:16:06','2016-11-22 20:16:06'),(1725,42,30,1,'2016-11-22 20:16:06','2016-11-22 20:16:06'),(1726,39,30,1,'2016-11-22 20:16:06','2016-11-22 20:16:06');
/*!40000 ALTER TABLE `school_tests` ENABLE KEYS */;
UNLOCK TABLES;
/*!40103 SET TIME_ZONE=@OLD_TIME_ZONE */;

/*!40101 SET SQL_MODE=@OLD_SQL_MODE */;
/*!40014 SET FOREIGN_KEY_CHECKS=@OLD_FOREIGN_KEY_CHECKS */;
/*!40014 SET UNIQUE_CHECKS=@OLD_UNIQUE_CHECKS */;
/*!40101 SET CHARACTER_SET_CLIENT=@OLD_CHARACTER_SET_CLIENT */;
/*!40101 SET CHARACTER_SET_RESULTS=@OLD_CHARACTER_SET_RESULTS */;
/*!40101 SET COLLATION_CONNECTION=@OLD_COLLATION_CONNECTION */;
/*!40111 SET SQL_NOTES=@OLD_SQL_NOTES */;

-- Dump completed on 2016-11-23 17:53:10
-- MySQL dump 10.13  Distrib 5.7.12, for Linux (x86_64)
--
-- Host: rdsnntwuizj75mjskmgr3.mysql.rds.aliyuncs.com    Database: ebiztop
-- ------------------------------------------------------
-- Server version	5.6.29

/*!40101 SET @OLD_CHARACTER_SET_CLIENT=@@CHARACTER_SET_CLIENT */;
/*!40101 SET @OLD_CHARACTER_SET_RESULTS=@@CHARACTER_SET_RESULTS */;
/*!40101 SET @OLD_COLLATION_CONNECTION=@@COLLATION_CONNECTION */;
/*!40101 SET NAMES utf8 */;
/*!40103 SET @OLD_TIME_ZONE=@@TIME_ZONE */;
/*!40103 SET TIME_ZONE='+00:00' */;
/*!40014 SET @OLD_UNIQUE_CHECKS=@@UNIQUE_CHECKS, UNIQUE_CHECKS=0 */;
/*!40014 SET @OLD_FOREIGN_KEY_CHECKS=@@FOREIGN_KEY_CHECKS, FOREIGN_KEY_CHECKS=0 */;
/*!40101 SET @OLD_SQL_MODE=@@SQL_MODE, SQL_MODE='NO_AUTO_VALUE_ON_ZERO' */;
/*!40111 SET @OLD_SQL_NOTES=@@SQL_NOTES, SQL_NOTES=0 */;

--
-- Table structure for table `users`
--

DROP TABLE IF EXISTS `users`;
/*!40101 SET @saved_cs_client     = @@character_set_client */;
/*!40101 SET character_set_client = utf8 */;
CREATE TABLE `users` (
  `id` int(10) unsigned NOT NULL AUTO_INCREMENT,
  `user_type` tinyint(4) NOT NULL COMMENT '用户类型，1=运营，2=学校管理员，3=教师，4=学生',
  `user_name` varchar(100) COLLATE utf8_unicode_ci NOT NULL COMMENT '登录名，运营用户和学校管理员为指定账号，教师为工号，学生为学号',
  `display_name` varchar(50) COLLATE utf8_unicode_ci NOT NULL COMMENT '用户姓名，一般中文。',
  `api_token` varchar(60) COLLATE utf8_unicode_ci NOT NULL COMMENT 'api接口token',
  `school_id` smallint(6) NOT NULL DEFAULT '0' COMMENT '学校ID，除了运营，其他3个用户类型都属性一个学校',
  `password` varchar(255) COLLATE utf8_unicode_ci NOT NULL COMMENT '用户密码',
  `mobile_phone` varchar(20) COLLATE utf8_unicode_ci NOT NULL COMMENT '手机号码',
  `phone` varchar(20) COLLATE utf8_unicode_ci NOT NULL COMMENT '固定电话',
  `avatar` varchar(100) COLLATE utf8_unicode_ci NOT NULL COMMENT '头像地址',
  `remember_token` varchar(100) COLLATE utf8_unicode_ci DEFAULT NULL,
  `created_at` timestamp NULL DEFAULT NULL,
  `updated_at` timestamp NULL DEFAULT NULL,
  `is_valid` tinyint(1) NOT NULL DEFAULT '1' COMMENT '是否启用状态，1=启用，0=禁用。禁用的用户不能登录',
  PRIMARY KEY (`id`),
  UNIQUE KEY `users_api_token_unique` (`api_token`),
  KEY `users_user_name_index` (`user_name`),
  KEY `users_school_id_index` (`school_id`)
) ENGINE=InnoDB AUTO_INCREMENT=877 DEFAULT CHARSET=utf8 COLLATE=utf8_unicode_ci COMMENT='用户表';
/*!40101 SET character_set_client = @saved_cs_client */;

--
-- Dumping data for table `users`
--
-- WHERE:  user_type = 1 or user_name in (select admin_user_name from schools where id = 30)

LOCK TABLES `users` WRITE;
/*!40000 ALTER TABLE `users` DISABLE KEYS */;
INSERT INTO `users` VALUES (1,1,'ebiztop_admin','运营','z65A1hKkPVD1jb3Euf3TVZq6ELiZXtnpB3AORFGgNFjiwitCWW51DqAsacsx',0,'$2y$10$UZspZNbqudh9EBDKLtMH5eXo6jVf8TwQpPP.1MHPir.vOLwCcgdTe','','','','RpLtYPhfujTsexGelUsxCsEFdPNVElbYups6lEScHCe1f0jEHxENVsPnQf4O','2016-06-15 16:07:15','2016-11-22 21:25:25',1),(875,2,'ziff-admin','ziff-admin','GKOLEMAiGpBtwkSeP46MQTgWapE7NcJthLJSiVAXoe0RddCJALXNeIDSqEzX',30,'$2y$10$hu9H.PCs1B8cWAHR1gfZs.Wz8grcJdhgDt2jdbWBtaVb4zQZwgmKu','','','http://www.ebiztop.com/images/avatar/1479821419.gif','ojdlGI96VgchmCb2lN9AJwcqPs4D2jwXgDv2ddgwnG2E96Beoj1dGiD8Dm6O','2016-11-22 01:03:43','2016-11-22 21:25:49',1);
/*!40000 ALTER TABLE `users` ENABLE KEYS */;
UNLOCK TABLES;
/*!40103 SET TIME_ZONE=@OLD_TIME_ZONE */;

/*!40101 SET SQL_MODE=@OLD_SQL_MODE */;
/*!40014 SET FOREIGN_KEY_CHECKS=@OLD_FOREIGN_KEY_CHECKS */;
/*!40014 SET UNIQUE_CHECKS=@OLD_UNIQUE_CHECKS */;
/*!40101 SET CHARACTER_SET_CLIENT=@OLD_CHARACTER_SET_CLIENT */;
/*!40101 SET CHARACTER_SET_RESULTS=@OLD_CHARACTER_SET_RESULTS */;
/*!40101 SET COLLATION_CONNECTION=@OLD_COLLATION_CONNECTION */;
/*!40111 SET SQL_NOTES=@OLD_SQL_NOTES */;

-- Dump completed on 2016-11-23 17:53:10
-- MySQL dump 10.13  Distrib 5.7.12, for Linux (x86_64)
--
-- Host: rdsnntwuizj75mjskmgr3.mysql.rds.aliyuncs.com    Database: ebiztop
-- ------------------------------------------------------
-- Server version	5.6.29

/*!40101 SET @OLD_CHARACTER_SET_CLIENT=@@CHARACTER_SET_CLIENT */;
/*!40101 SET @OLD_CHARACTER_SET_RESULTS=@@CHARACTER_SET_RESULTS */;
/*!40101 SET @OLD_COLLATION_CONNECTION=@@COLLATION_CONNECTION */;
/*!40101 SET NAMES utf8 */;
/*!40103 SET @OLD_TIME_ZONE=@@TIME_ZONE */;
/*!40103 SET TIME_ZONE='+00:00' */;
/*!40014 SET @OLD_UNIQUE_CHECKS=@@UNIQUE_CHECKS, UNIQUE_CHECKS=0 */;
/*!40014 SET @OLD_FOREIGN_KEY_CHECKS=@@FOREIGN_KEY_CHECKS, FOREIGN_KEY_CHECKS=0 */;
/*!40101 SET @OLD_SQL_MODE=@@SQL_MODE, SQL_MODE='NO_AUTO_VALUE_ON_ZERO' */;
/*!40111 SET @OLD_SQL_NOTES=@@SQL_NOTES, SQL_NOTES=0 */;

--
-- Table structure for table `user_pics`
--

DROP TABLE IF EXISTS `user_pics`;
/*!40101 SET @saved_cs_client     = @@character_set_client */;
/*!40101 SET character_set_client = utf8 */;
CREATE TABLE `user_pics` (
  `id` bigint(20) unsigned NOT NULL AUTO_INCREMENT,
  `school_id` int(10) unsigned NOT NULL COMMENT '学校id',
  `parent_id` bigint(20) unsigned NOT NULL COMMENT '所在文件夹的id，包含文件和目录。',
  `user_id` int(10) unsigned NOT NULL COMMENT '用户id',
  `type` smallint(5) unsigned NOT NULL COMMENT '文件类型，0=目录，1=文件',
  `name` varchar(200) COLLATE utf8_unicode_ci NOT NULL COMMENT '上传时的文件名称或目录名称',
  `sizes` bigint(20) unsigned NOT NULL COMMENT '字节表示的文件大小。如果是目录，表示目录中所有文件总大小。',
  `pics` int(10) unsigned NOT NULL COMMENT '对于目录，表示包含的文件数量。对于文件，值为0',
  `url` varchar(500) COLLATE utf8_unicode_ci DEFAULT NULL COMMENT '文件的可访问路径，相对于OSS域名。如果是目录，则为空。',
  `created_at` timestamp NULL DEFAULT NULL,
  `updated_at` timestamp NULL DEFAULT NULL,
  PRIMARY KEY (`id`),
  KEY `user_pics_user_id_index` (`user_id`),
  KEY `user_pics_parent_id_index` (`parent_id`),
  KEY `user_pics_school_id_index` (`school_id`),
  KEY `user_pics_type_index` (`type`),
  CONSTRAINT `user_pics_user_id_foreign` FOREIGN KEY (`user_id`) REFERENCES `users` (`id`)
) ENGINE=InnoDB AUTO_INCREMENT=5537 DEFAULT CHARSET=utf8 COLLATE=utf8_unicode_ci COMMENT='图片信息表';
/*!40101 SET character_set_client = @saved_cs_client */;

--
-- Dumping data for table `user_pics`
--
-- WHERE:  school_id=0

LOCK TABLES `user_pics` WRITE;
/*!40000 ALTER TABLE `user_pics` DISABLE KEYS */;
INSERT INTO `user_pics` VALUES (2512,0,1,1,1,'7.jpg',198451,0,'http://ebiztop-tst.oss-cn-hangzhou.aliyuncs.com/school_0/ebiztop_admin/pics/147364792889561.jpg','2016-09-12 02:38:48','2016-09-12 02:38:48'),(2513,0,1,1,1,'8.jpg',160619,0,'http://ebiztop-tst.oss-cn-hangzhou.aliyuncs.com/school_0/ebiztop_admin/pics/147364792896531.jpg','2016-09-12 02:38:48','2016-09-12 02:38:48'),(2514,0,1,1,1,'9.jpg',149530,0,'http://ebiztop-tst.oss-cn-hangzhou.aliyuncs.com/school_0/ebiztop_admin/pics/147364792851061.jpg','2016-09-12 02:38:48','2016-09-12 02:38:48'),(2515,0,1,1,1,'10.jpg',152161,0,'http://ebiztop-tst.oss-cn-hangzhou.aliyuncs.com/school_0/ebiztop_admin/pics/14736479283107.jpg','2016-09-12 02:38:48','2016-09-12 02:38:48'),(2516,0,1,1,1,'11.jpg',154660,0,'http://ebiztop-tst.oss-cn-hangzhou.aliyuncs.com/school_0/ebiztop_admin/pics/14736479305064.jpg','2016-09-12 02:38:50','2016-09-12 02:38:50'),(2517,0,1,1,1,'12.jpg',161200,0,'http://ebiztop-tst.oss-cn-hangzhou.aliyuncs.com/school_0/ebiztop_admin/pics/14736479317915.jpg','2016-09-12 02:38:51','2016-09-12 02:38:51'),(2967,0,1,1,1,'10.jpg',150762,0,'http://ebiztop-tst.oss-cn-hangzhou.aliyuncs.com/school_0/ebiztop_admin/pics/147591800133268.jpg','2016-10-08 09:13:21','2016-10-08 09:13:21'),(2968,0,1,1,1,'11.jpg',159948,0,'http://ebiztop-tst.oss-cn-hangzhou.aliyuncs.com/school_0/ebiztop_admin/pics/147591801095634.jpg','2016-10-08 09:13:30','2016-10-08 09:13:30'),(2969,0,1,1,1,'10.jpg',150762,0,'http://ebiztop-tst.oss-cn-hangzhou.aliyuncs.com/school_0/ebiztop_admin/pics/147591801562378.jpg','2016-10-08 09:13:35','2016-10-08 09:13:35'),(2970,0,1,1,1,'8.jpg',155399,0,'http://ebiztop-tst.oss-cn-hangzhou.aliyuncs.com/school_0/ebiztop_admin/pics/147591802175038.jpg','2016-10-08 09:13:41','2016-10-08 09:13:41'),(2971,0,1,1,1,'7.jpg',168710,0,'http://ebiztop-tst.oss-cn-hangzhou.aliyuncs.com/school_0/ebiztop_admin/pics/14759180273319.jpg','2016-10-08 09:13:47','2016-10-08 09:13:47'),(2972,0,1,1,1,'4.jpg',203875,0,'http://ebiztop-tst.oss-cn-hangzhou.aliyuncs.com/school_0/ebiztop_admin/pics/147591803278224.jpg','2016-10-08 09:13:52','2016-10-08 09:13:52'),(2973,0,1,1,1,'3.jpg',158779,0,'http://ebiztop-tst.oss-cn-hangzhou.aliyuncs.com/school_0/ebiztop_admin/pics/147591803691110.jpg','2016-10-08 09:13:56','2016-10-08 09:13:56'),(2974,0,1,1,1,'2.jpg',180209,0,'http://ebiztop-tst.oss-cn-hangzhou.aliyuncs.com/school_0/ebiztop_admin/pics/147591804144462.jpg','2016-10-08 09:14:01','2016-10-08 09:14:01'),(2987,0,1,1,1,'3.jpg',158779,0,'http://ebiztop-tst.oss-cn-hangzhou.aliyuncs.com/school_0/ebiztop_admin/pics/147592544431883.jpg','2016-10-08 11:17:24','2016-10-08 11:17:24'),(2989,0,1,1,1,'11.jpg',155815,0,'http://ebiztop-tst.oss-cn-hangzhou.aliyuncs.com/school_0/ebiztop_admin/pics/147592930036111.jpg','2016-10-08 12:21:40','2016-10-08 12:21:40'),(2990,0,1,1,1,'2.jpg',110207,0,'http://ebiztop-tst.oss-cn-hangzhou.aliyuncs.com/school_0/ebiztop_admin/pics/147592930734910.jpg','2016-10-08 12:21:47','2016-10-08 12:21:47'),(2991,0,1,1,1,'3.jpg',128819,0,'http://ebiztop-tst.oss-cn-hangzhou.aliyuncs.com/school_0/ebiztop_admin/pics/147592931513264.jpg','2016-10-08 12:21:55','2016-10-08 12:21:55'),(2992,0,1,1,1,'5.jpg',128016,0,'http://ebiztop-tst.oss-cn-hangzhou.aliyuncs.com/school_0/ebiztop_admin/pics/147592931968419.jpg','2016-10-08 12:21:59','2016-10-08 12:21:59'),(2993,0,1,1,1,'8.jpg',124668,0,'http://ebiztop-tst.oss-cn-hangzhou.aliyuncs.com/school_0/ebiztop_admin/pics/147592932796489.jpg','2016-10-08 12:22:07','2016-10-08 12:22:07'),(2994,0,1,1,1,'4.jpg',134214,0,'http://ebiztop-tst.oss-cn-hangzhou.aliyuncs.com/school_0/ebiztop_admin/pics/147592933256371.jpg','2016-10-08 12:22:12','2016-10-08 12:22:12'),(2995,0,1,1,1,'6.jpg',131286,0,'http://ebiztop-tst.oss-cn-hangzhou.aliyuncs.com/school_0/ebiztop_admin/pics/147592933939488.jpg','2016-10-08 12:22:19','2016-10-08 12:22:19'),(3080,0,1,1,1,'10.jpg',95170,0,'http://ebiztop-tst.oss-cn-hangzhou.aliyuncs.com/school_0/ebiztop_admin/pics/147608626521554.jpg','2016-10-10 07:57:45','2016-10-10 07:57:45'),(3081,0,1,1,1,'8.jpg',147331,0,'http://ebiztop-tst.oss-cn-hangzhou.aliyuncs.com/school_0/ebiztop_admin/pics/147608627116204.jpg','2016-10-10 07:57:51','2016-10-10 07:57:51'),(3082,0,1,1,1,'25.jpg',242054,0,'http://ebiztop-tst.oss-cn-hangzhou.aliyuncs.com/school_0/ebiztop_admin/pics/147608627975003.jpg','2016-10-10 07:57:59','2016-10-10 07:57:59'),(3083,0,1,1,1,'6.jpg',134362,0,'http://ebiztop-tst.oss-cn-hangzhou.aliyuncs.com/school_0/ebiztop_admin/pics/147608629749276.jpg','2016-10-10 07:58:17','2016-10-10 07:58:17'),(3088,0,1,1,1,'2.jpg',126711,0,'http://ebiztop-tst.oss-cn-hangzhou.aliyuncs.com/school_0/ebiztop_admin/pics/14760863241928.jpg','2016-10-10 07:58:44','2016-10-10 07:58:44'),(3089,0,1,1,1,'1.jpg',125910,0,'http://ebiztop-tst.oss-cn-hangzhou.aliyuncs.com/school_0/ebiztop_admin/pics/1476086332185.jpg','2016-10-10 07:58:52','2016-10-10 07:58:52'),(3090,0,1,1,1,'3.jpg',139106,0,'http://ebiztop-tst.oss-cn-hangzhou.aliyuncs.com/school_0/ebiztop_admin/pics/147608633759719.jpg','2016-10-10 07:58:57','2016-10-10 07:58:57'),(3093,0,1,1,1,'4.jpg',122369,0,'http://ebiztop-tst.oss-cn-hangzhou.aliyuncs.com/school_0/ebiztop_admin/pics/147608635656060.jpg','2016-10-10 07:59:16','2016-10-10 07:59:16'),(3094,0,1,1,1,'14759963691966.jpg',122528,0,'http://ebiztop-tst.oss-cn-hangzhou.aliyuncs.com/school_0/ebiztop_admin/pics/14760863611902.jpg','2016-10-10 07:59:21','2016-10-10 07:59:21'),(3191,0,1,1,1,'1.jpg',73575,0,'http://ebiztop-tst.oss-cn-hangzhou.aliyuncs.com/school_0/ebiztop_admin/pics/147669275751320.jpg','2016-10-17 08:25:57','2016-10-17 08:25:57'),(3193,0,1,1,1,'2.jpg',57047,0,'http://ebiztop-tst.oss-cn-hangzhou.aliyuncs.com/school_0/ebiztop_admin/pics/147669275848381.jpg','2016-10-17 08:25:58','2016-10-17 08:25:58'),(3194,0,1,1,1,'5.jpg',60586,0,'http://ebiztop-tst.oss-cn-hangzhou.aliyuncs.com/school_0/ebiztop_admin/pics/147669275964059.jpg','2016-10-17 08:25:59','2016-10-17 08:25:59'),(3195,0,1,1,1,'6.jpg',66656,0,'http://ebiztop-tst.oss-cn-hangzhou.aliyuncs.com/school_0/ebiztop_admin/pics/14766927593944.jpg','2016-10-17 08:25:59','2016-10-17 08:25:59'),(3197,0,1,1,1,'3.jpg',62354,0,'http://ebiztop-tst.oss-cn-hangzhou.aliyuncs.com/school_0/ebiztop_admin/pics/147669276671001.jpg','2016-10-17 08:26:06','2016-10-17 08:26:06'),(3198,0,1,1,1,'4.jpg',170613,0,'http://ebiztop-tst.oss-cn-hangzhou.aliyuncs.com/school_0/ebiztop_admin/pics/147669276615200.jpg','2016-10-17 08:26:06','2016-10-17 08:26:06'),(3723,0,1,1,1,'_DSC0220.jpg',197846,0,'http://ebiztop-tst.oss-cn-hangzhou.aliyuncs.com/school_0/ebiztop_admin/pics/147738146810552.jpg','2016-10-25 07:44:28','2016-10-25 07:44:28'),(3724,0,1,1,1,'15.jpg',142482,0,'http://ebiztop-tst.oss-cn-hangzhou.aliyuncs.com/school_0/ebiztop_admin/pics/147738146924878.jpg','2016-10-25 07:44:29','2016-10-25 07:44:29'),(3725,0,1,1,1,'18.jpg',210365,0,'http://ebiztop-tst.oss-cn-hangzhou.aliyuncs.com/school_0/ebiztop_admin/pics/147738146983300.jpg','2016-10-25 07:44:29','2016-10-25 07:44:29'),(3726,0,1,1,1,'21.jpg',143319,0,'http://ebiztop-tst.oss-cn-hangzhou.aliyuncs.com/school_0/ebiztop_admin/pics/147738146933196.jpg','2016-10-25 07:44:29','2016-10-25 07:44:29'),(3727,0,1,1,1,'23.jpg',123809,0,'http://ebiztop-tst.oss-cn-hangzhou.aliyuncs.com/school_0/ebiztop_admin/pics/14773814692729.jpg','2016-10-25 07:44:29','2016-10-25 07:44:29'),(3728,0,1,1,1,'25.jpg',121637,0,'http://ebiztop-tst.oss-cn-hangzhou.aliyuncs.com/school_0/ebiztop_admin/pics/147738146910000.jpg','2016-10-25 07:44:29','2016-10-25 07:44:29'),(3732,0,1,1,1,'_DSC0253.jpg',214008,0,'http://ebiztop-tst.oss-cn-hangzhou.aliyuncs.com/school_0/ebiztop_admin/pics/147738218719301.jpg','2016-10-25 07:56:27','2016-10-25 07:56:27'),(3733,0,1,1,1,'图片2.jpg',43153,0,'http://ebiztop-tst.oss-cn-hangzhou.aliyuncs.com/school_0/ebiztop_admin/pics/147738218719997.jpg','2016-10-25 07:56:27','2016-10-25 07:56:27'),(3734,0,1,1,1,'_DSC0283.jpg',225439,0,'http://ebiztop-tst.oss-cn-hangzhou.aliyuncs.com/school_0/ebiztop_admin/pics/147738218830390.jpg','2016-10-25 07:56:28','2016-10-25 07:56:28'),(3735,0,1,1,1,'一样.jpg',146712,0,'http://ebiztop-tst.oss-cn-hangzhou.aliyuncs.com/school_0/ebiztop_admin/pics/147738218861362.jpg','2016-10-25 07:56:28','2016-10-25 07:56:28'),(3737,0,1,1,1,'1.png',45451,0,'http://ebiztop-tst.oss-cn-hangzhou.aliyuncs.com/school_0/ebiztop_admin/pics/147738242938793.png','2016-10-25 08:00:29','2016-10-25 08:00:29'),(3738,0,1,1,1,'2.png',92782,0,'http://ebiztop-tst.oss-cn-hangzhou.aliyuncs.com/school_0/ebiztop_admin/pics/14773824291682.png','2016-10-25 08:00:29','2016-10-25 08:00:29'),(3739,0,1,1,1,'4.png',247216,0,'http://ebiztop-tst.oss-cn-hangzhou.aliyuncs.com/school_0/ebiztop_admin/pics/147738243068131.png','2016-10-25 08:00:30','2016-10-25 08:00:30'),(3740,0,1,1,1,'1.jpg',208518,0,'http://ebiztop-tst.oss-cn-hangzhou.aliyuncs.com/school_0/ebiztop_admin/pics/147747328489227.jpg','2016-10-26 01:14:44','2016-10-26 01:14:44'),(3741,0,1,1,1,'11.jpg',159948,0,'http://ebiztop-tst.oss-cn-hangzhou.aliyuncs.com/school_0/ebiztop_admin/pics/147747330340055.jpg','2016-10-26 01:15:03','2016-10-26 01:15:03'),(3742,0,1,1,1,'10.jpg',150762,0,'http://ebiztop-tst.oss-cn-hangzhou.aliyuncs.com/school_0/ebiztop_admin/pics/147747331124067.jpg','2016-10-26 01:15:11','2016-10-26 01:15:11'),(3743,0,1,1,1,'9.jpg',163056,0,'http://ebiztop-tst.oss-cn-hangzhou.aliyuncs.com/school_0/ebiztop_admin/pics/147747331635346.jpg','2016-10-26 01:15:16','2016-10-26 01:15:16'),(3744,0,1,1,1,'8.jpg',155399,0,'http://ebiztop-tst.oss-cn-hangzhou.aliyuncs.com/school_0/ebiztop_admin/pics/147747331980332.jpg','2016-10-26 01:15:19','2016-10-26 01:15:19'),(3745,0,1,1,1,'6.jpg',153267,0,'http://ebiztop-tst.oss-cn-hangzhou.aliyuncs.com/school_0/ebiztop_admin/pics/147747334198629.jpg','2016-10-26 01:15:41','2016-10-26 01:15:41'),(3746,0,1,1,1,'1.jpg',208518,0,'http://ebiztop-tst.oss-cn-hangzhou.aliyuncs.com/school_0/ebiztop_admin/pics/147747343118229.jpg','2016-10-26 01:17:11','2016-10-26 01:17:11'),(3747,0,1,1,1,'11.jpg',159948,0,'http://ebiztop-tst.oss-cn-hangzhou.aliyuncs.com/school_0/ebiztop_admin/pics/147747343147743.jpg','2016-10-26 01:17:11','2016-10-26 01:17:11'),(3748,0,1,1,1,'10.jpg',150762,0,'http://ebiztop-tst.oss-cn-hangzhou.aliyuncs.com/school_0/ebiztop_admin/pics/147747344184205.jpg','2016-10-26 01:17:21','2016-10-26 01:17:21'),(3749,0,1,1,1,'9.jpg',163056,0,'http://ebiztop-tst.oss-cn-hangzhou.aliyuncs.com/school_0/ebiztop_admin/pics/147747344353868.jpg','2016-10-26 01:17:23','2016-10-26 01:17:23'),(3750,0,1,1,1,'8.jpg',155399,0,'http://ebiztop-tst.oss-cn-hangzhou.aliyuncs.com/school_0/ebiztop_admin/pics/147747344654914.jpg','2016-10-26 01:17:26','2016-10-26 01:17:26'),(3751,0,1,1,1,'7.jpg',168710,0,'http://ebiztop-tst.oss-cn-hangzhou.aliyuncs.com/school_0/ebiztop_admin/pics/14774734489282.jpg','2016-10-26 01:17:28','2016-10-26 01:17:28'),(3752,0,1,1,1,'未标题-1.jpg',303604,0,'http://ebiztop-tst.oss-cn-hangzhou.aliyuncs.com/school_0/ebiztop_admin/pics/147747359813779.jpg','2016-10-26 01:19:58','2016-10-26 01:19:58'),(3753,0,1,1,1,'未标题-1.jpg',303604,0,'http://ebiztop-tst.oss-cn-hangzhou.aliyuncs.com/school_0/ebiztop_admin/pics/14774736356360.jpg','2016-10-26 01:20:35','2016-10-26 01:20:35'),(3754,0,1,1,1,'1.jpg',208518,0,'http://ebiztop-tst.oss-cn-hangzhou.aliyuncs.com/school_0/ebiztop_admin/pics/147747865069626.jpg','2016-10-26 02:44:10','2016-10-26 02:44:10'),(3755,0,1,1,1,'11.jpg',159948,0,'http://ebiztop-tst.oss-cn-hangzhou.aliyuncs.com/school_0/ebiztop_admin/pics/147747865471304.jpg','2016-10-26 02:44:14','2016-10-26 02:44:14'),(3756,0,1,1,1,'10.jpg',150762,0,'http://ebiztop-tst.oss-cn-hangzhou.aliyuncs.com/school_0/ebiztop_admin/pics/147747865887927.jpg','2016-10-26 02:44:18','2016-10-26 02:44:18'),(3757,0,1,1,1,'9.jpg',163056,0,'http://ebiztop-tst.oss-cn-hangzhou.aliyuncs.com/school_0/ebiztop_admin/pics/147747866263431.jpg','2016-10-26 02:44:22','2016-10-26 02:44:22'),(3758,0,1,1,1,'7.jpg',168710,0,'http://ebiztop-tst.oss-cn-hangzhou.aliyuncs.com/school_0/ebiztop_admin/pics/147747866517035.jpg','2016-10-26 02:44:25','2016-10-26 02:44:25'),(3759,0,1,1,1,'7.jpg',168710,0,'http://ebiztop-tst.oss-cn-hangzhou.aliyuncs.com/school_0/ebiztop_admin/pics/147747866991674.jpg','2016-10-26 02:44:29','2016-10-26 02:44:29'),(3760,0,1,1,1,'8.jpg',155399,0,'http://ebiztop-tst.oss-cn-hangzhou.aliyuncs.com/school_0/ebiztop_admin/pics/147747867781699.jpg','2016-10-26 02:44:37','2016-10-26 02:44:37'),(3761,0,1,1,1,'7.jpg',168710,0,'http://ebiztop-tst.oss-cn-hangzhou.aliyuncs.com/school_0/ebiztop_admin/pics/147747868070324.jpg','2016-10-26 02:44:40','2016-10-26 02:44:40'),(3762,0,1,1,1,'未标题-1.jpg',303604,0,'http://ebiztop-tst.oss-cn-hangzhou.aliyuncs.com/school_0/ebiztop_admin/pics/147747869650143.jpg','2016-10-26 02:44:56','2016-10-26 02:44:56'),(3763,0,1,1,1,'未标题-1.jpg',303604,0,'http://ebiztop-tst.oss-cn-hangzhou.aliyuncs.com/school_0/ebiztop_admin/pics/147747871724035.jpg','2016-10-26 02:45:17','2016-10-26 02:45:17'),(3764,0,1,1,1,'2.jpg',142046,0,'http://ebiztop-tst.oss-cn-hangzhou.aliyuncs.com/school_0/ebiztop_admin/pics/147748149583468.jpg','2016-10-26 03:31:35','2016-10-26 03:31:35'),(3765,0,1,1,1,'8.jpg',147331,0,'http://ebiztop-tst.oss-cn-hangzhou.aliyuncs.com/school_0/ebiztop_admin/pics/147748149537937.jpg','2016-10-26 03:31:35','2016-10-26 03:31:35'),(3766,0,1,1,1,'10.jpg',95170,0,'http://ebiztop-tst.oss-cn-hangzhou.aliyuncs.com/school_0/ebiztop_admin/pics/147748149571192.jpg','2016-10-26 03:31:35','2016-10-26 03:31:35'),(3767,0,1,1,1,'13.jpg',199669,0,'http://ebiztop-tst.oss-cn-hangzhou.aliyuncs.com/school_0/ebiztop_admin/pics/147748149567740.jpg','2016-10-26 03:31:35','2016-10-26 03:31:35'),(3768,0,1,1,1,'6.jpg',134362,0,'http://ebiztop-tst.oss-cn-hangzhou.aliyuncs.com/school_0/ebiztop_admin/pics/147748150443233.jpg','2016-10-26 03:31:44','2016-10-26 03:31:44'),(3769,0,1,1,1,'20.jpg',275018,0,'http://ebiztop-tst.oss-cn-hangzhou.aliyuncs.com/school_0/ebiztop_admin/pics/147748154092654.jpg','2016-10-26 03:32:20','2016-10-26 03:32:20'),(3770,0,1,1,1,'mp3.jpg',361269,0,'http://ebiztop-tst.oss-cn-hangzhou.aliyuncs.com/school_0/ebiztop_admin/pics/147748158443076.jpg','2016-10-26 03:33:04','2016-10-26 03:33:04'),(3771,0,1,1,1,'童鞋1.jpg',314699,0,'http://ebiztop-tst.oss-cn-hangzhou.aliyuncs.com/school_0/ebiztop_admin/pics/147748290872235.jpg','2016-10-26 03:55:08','2016-10-26 03:55:08'),(3772,0,1,1,1,'童鞋2.jpg',344069,0,'http://ebiztop-tst.oss-cn-hangzhou.aliyuncs.com/school_0/ebiztop_admin/pics/147748290869527.jpg','2016-10-26 03:55:08','2016-10-26 03:55:08'),(3773,0,1,1,1,'童鞋3.jpg',344630,0,'http://ebiztop-tst.oss-cn-hangzhou.aliyuncs.com/school_0/ebiztop_admin/pics/147748290851976.jpg','2016-10-26 03:55:08','2016-10-26 03:55:08'),(3774,0,1,1,1,'童鞋4.jpg',545103,0,'http://ebiztop-tst.oss-cn-hangzhou.aliyuncs.com/school_0/ebiztop_admin/pics/147748291018362.jpg','2016-10-26 03:55:10','2016-10-26 03:55:10'),(3775,0,1,1,1,'童鞋3.jpg',390290,0,'http://ebiztop-tst.oss-cn-hangzhou.aliyuncs.com/school_0/ebiztop_admin/pics/147748343153949.jpg','2016-10-26 04:03:51','2016-10-26 04:03:51'),(3776,0,1,1,1,'童鞋4.jpg',403456,0,'http://ebiztop-tst.oss-cn-hangzhou.aliyuncs.com/school_0/ebiztop_admin/pics/147748343162146.jpg','2016-10-26 04:03:51','2016-10-26 04:03:51'),(3777,0,1,1,1,'童鞋5.jpg',545103,0,'http://ebiztop-tst.oss-cn-hangzhou.aliyuncs.com/school_0/ebiztop_admin/pics/147748343290183.jpg','2016-10-26 04:03:52','2016-10-26 04:03:52'),(3778,0,1,1,1,'童鞋1.jpg',314699,0,'http://ebiztop-tst.oss-cn-hangzhou.aliyuncs.com/school_0/ebiztop_admin/pics/147748435520139.jpg','2016-10-26 04:19:15','2016-10-26 04:19:15'),(3779,0,1,1,1,'童鞋4.jpg',290559,0,'http://ebiztop-tst.oss-cn-hangzhou.aliyuncs.com/school_0/ebiztop_admin/pics/147748435793618.jpg','2016-10-26 04:19:17','2016-10-26 04:19:17'),(3780,0,1,1,1,'童鞋2.jpg',280259,0,'http://ebiztop-tst.oss-cn-hangzhou.aliyuncs.com/school_0/ebiztop_admin/pics/147748435764074.jpg','2016-10-26 04:19:17','2016-10-26 04:19:17'),(3781,0,1,1,1,'童鞋3.jpg',305371,0,'http://ebiztop-tst.oss-cn-hangzhou.aliyuncs.com/school_0/ebiztop_admin/pics/147748435832195.jpg','2016-10-26 04:19:18','2016-10-26 04:19:18'),(3782,0,1,1,1,'童鞋7.jpg',330175,0,'http://ebiztop-tst.oss-cn-hangzhou.aliyuncs.com/school_0/ebiztop_admin/pics/147748436044150.jpg','2016-10-26 04:19:20','2016-10-26 04:19:20'),(3783,0,1,1,1,'童鞋6.jpg',318255,0,'http://ebiztop-tst.oss-cn-hangzhou.aliyuncs.com/school_0/ebiztop_admin/pics/147748436190560.jpg','2016-10-26 04:19:21','2016-10-26 04:19:21'),(3784,0,1,1,1,'童鞋5.jpg',342293,0,'http://ebiztop-tst.oss-cn-hangzhou.aliyuncs.com/school_0/ebiztop_admin/pics/147748436148068.jpg','2016-10-26 04:19:21','2016-10-26 04:19:21'),(3785,0,1,1,1,'童鞋8.jpg',299388,0,'http://ebiztop-tst.oss-cn-hangzhou.aliyuncs.com/school_0/ebiztop_admin/pics/147748436379065.jpg','2016-10-26 04:19:23','2016-10-26 04:19:23'),(3786,0,1,1,1,'童鞋10.jpg',336898,0,'http://ebiztop-tst.oss-cn-hangzhou.aliyuncs.com/school_0/ebiztop_admin/pics/147748436423195.jpg','2016-10-26 04:19:24','2016-10-26 04:19:24'),(3787,0,1,1,1,'童鞋9.jpg',321441,0,'http://ebiztop-tst.oss-cn-hangzhou.aliyuncs.com/school_0/ebiztop_admin/pics/1477484365598.jpg','2016-10-26 04:19:25','2016-10-26 04:19:25'),(3788,0,1,1,1,'童鞋11.jpg',422131,0,'http://ebiztop-tst.oss-cn-hangzhou.aliyuncs.com/school_0/ebiztop_admin/pics/147748436586048.jpg','2016-10-26 04:19:25','2016-10-26 04:19:25'),(3789,0,1,1,1,'童鞋4.jpg',290559,0,'http://ebiztop-tst.oss-cn-hangzhou.aliyuncs.com/school_0/ebiztop_admin/pics/147748451392014.jpg','2016-10-26 04:21:53','2016-10-26 04:21:53'),(3790,0,1,1,1,'童鞋5.jpg',342293,0,'http://ebiztop-tst.oss-cn-hangzhou.aliyuncs.com/school_0/ebiztop_admin/pics/147748455052541.jpg','2016-10-26 04:22:30','2016-10-26 04:22:30'),(3791,0,1,1,1,'童鞋6.jpg',318255,0,'http://ebiztop-tst.oss-cn-hangzhou.aliyuncs.com/school_0/ebiztop_admin/pics/14774845571935.jpg','2016-10-26 04:22:37','2016-10-26 04:22:37'),(3792,0,1,1,1,'童鞋7.jpg',330175,0,'http://ebiztop-tst.oss-cn-hangzhou.aliyuncs.com/school_0/ebiztop_admin/pics/147748456166094.jpg','2016-10-26 04:22:41','2016-10-26 04:22:41'),(3793,0,1,1,1,'童鞋1.jpg',314699,0,'http://ebiztop-tst.oss-cn-hangzhou.aliyuncs.com/school_0/ebiztop_admin/pics/147748461469175.jpg','2016-10-26 04:23:34','2016-10-26 04:23:34'),(3794,0,1,1,1,'童鞋2.jpg',280259,0,'http://ebiztop-tst.oss-cn-hangzhou.aliyuncs.com/school_0/ebiztop_admin/pics/147748462354402.jpg','2016-10-26 04:23:43','2016-10-26 04:23:43'),(3795,0,1,1,1,'童鞋3.jpg',305371,0,'http://ebiztop-tst.oss-cn-hangzhou.aliyuncs.com/school_0/ebiztop_admin/pics/147748462476298.jpg','2016-10-26 04:23:44','2016-10-26 04:23:44'),(3796,0,1,1,1,'童鞋4.jpg',290559,0,'http://ebiztop-tst.oss-cn-hangzhou.aliyuncs.com/school_0/ebiztop_admin/pics/147748463036090.jpg','2016-10-26 04:23:50','2016-10-26 04:23:50'),(3797,0,1,1,1,'童鞋5.jpg',342293,0,'http://ebiztop-tst.oss-cn-hangzhou.aliyuncs.com/school_0/ebiztop_admin/pics/147748463339642.jpg','2016-10-26 04:23:53','2016-10-26 04:23:53'),(3798,0,1,1,1,'童鞋6.jpg',318255,0,'http://ebiztop-tst.oss-cn-hangzhou.aliyuncs.com/school_0/ebiztop_admin/pics/147748463765078.jpg','2016-10-26 04:23:57','2016-10-26 04:23:57'),(3799,0,1,1,1,'童鞋7.jpg',330175,0,'http://ebiztop-tst.oss-cn-hangzhou.aliyuncs.com/school_0/ebiztop_admin/pics/147748464230883.jpg','2016-10-26 04:24:02','2016-10-26 04:24:02'),(3800,0,1,1,1,'童鞋8.jpg',299388,0,'http://ebiztop-tst.oss-cn-hangzhou.aliyuncs.com/school_0/ebiztop_admin/pics/147748464635509.jpg','2016-10-26 04:24:06','2016-10-26 04:24:06'),(3801,0,1,1,1,'童鞋9.jpg',321441,0,'http://ebiztop-tst.oss-cn-hangzhou.aliyuncs.com/school_0/ebiztop_admin/pics/147748465032854.jpg','2016-10-26 04:24:10','2016-10-26 04:24:10'),(3802,0,1,1,1,'童鞋10.jpg',336898,0,'http://ebiztop-tst.oss-cn-hangzhou.aliyuncs.com/school_0/ebiztop_admin/pics/147748466053964.jpg','2016-10-26 04:24:20','2016-10-26 04:24:20'),(3803,0,1,1,1,'童鞋11.jpg',422131,0,'http://ebiztop-tst.oss-cn-hangzhou.aliyuncs.com/school_0/ebiztop_admin/pics/147748466898516.jpg','2016-10-26 04:24:28','2016-10-26 04:24:28'),(3804,0,1,1,1,'手表1.jpg',334383,0,'http://ebiztop-tst.oss-cn-hangzhou.aliyuncs.com/school_0/ebiztop_admin/pics/147748532147854.jpg','2016-10-26 04:35:21','2016-10-26 04:35:21'),(3805,0,1,1,1,'手表2.jpg',292101,0,'http://ebiztop-tst.oss-cn-hangzhou.aliyuncs.com/school_0/ebiztop_admin/pics/147748532257722.jpg','2016-10-26 04:35:22','2016-10-26 04:35:22'),(3806,0,1,1,1,'手表3.jpg',335721,0,'http://ebiztop-tst.oss-cn-hangzhou.aliyuncs.com/school_0/ebiztop_admin/pics/1477485322254.jpg','2016-10-26 04:35:22','2016-10-26 04:35:22'),(3807,0,1,1,1,'手表4.jpg',316025,0,'http://ebiztop-tst.oss-cn-hangzhou.aliyuncs.com/school_0/ebiztop_admin/pics/147748533168220.jpg','2016-10-26 04:35:31','2016-10-26 04:35:31'),(3808,0,1,1,1,'手表5.jpg',349878,0,'http://ebiztop-tst.oss-cn-hangzhou.aliyuncs.com/school_0/ebiztop_admin/pics/147748533143955.jpg','2016-10-26 04:35:31','2016-10-26 04:35:31'),(3809,0,1,1,1,'手表6.jpg',334159,0,'http://ebiztop-tst.oss-cn-hangzhou.aliyuncs.com/school_0/ebiztop_admin/pics/147748533282400.jpg','2016-10-26 04:35:32','2016-10-26 04:35:32'),(3810,0,1,1,1,'手表7.jpg',343492,0,'http://ebiztop-tst.oss-cn-hangzhou.aliyuncs.com/school_0/ebiztop_admin/pics/147748533322869.jpg','2016-10-26 04:35:33','2016-10-26 04:35:33'),(3811,0,1,1,1,'手表8.jpg',364803,0,'http://ebiztop-tst.oss-cn-hangzhou.aliyuncs.com/school_0/ebiztop_admin/pics/147748534038004.jpg','2016-10-26 04:35:40','2016-10-26 04:35:40'),(3812,0,1,1,1,'手表9.jpg',576883,0,'http://ebiztop-tst.oss-cn-hangzhou.aliyuncs.com/school_0/ebiztop_admin/pics/147748534527197.jpg','2016-10-26 04:35:45','2016-10-26 04:35:45'),(3813,0,1,1,1,'1.jpg',123069,0,'http://ebiztop-tst.oss-cn-hangzhou.aliyuncs.com/school_0/ebiztop_admin/pics/147753088544623.jpg','2016-10-26 17:14:45','2016-10-26 17:14:45'),(3814,0,1,1,1,'3.jpg',128819,0,'http://ebiztop-tst.oss-cn-hangzhou.aliyuncs.com/school_0/ebiztop_admin/pics/147753088543750.jpg','2016-10-26 17:14:45','2016-10-26 17:14:45'),(3815,0,1,1,1,'4.jpg',134214,0,'http://ebiztop-tst.oss-cn-hangzhou.aliyuncs.com/school_0/ebiztop_admin/pics/147753088543257.jpg','2016-10-26 17:14:45','2016-10-26 17:14:45'),(3816,0,1,1,1,'5.jpg',128016,0,'http://ebiztop-tst.oss-cn-hangzhou.aliyuncs.com/school_0/ebiztop_admin/pics/147753088591288.jpg','2016-10-26 17:14:45','2016-10-26 17:14:45'),(3817,0,1,1,1,'6.jpg',131286,0,'http://ebiztop-tst.oss-cn-hangzhou.aliyuncs.com/school_0/ebiztop_admin/pics/147753088516038.jpg','2016-10-26 17:14:45','2016-10-26 17:14:45'),(3818,0,1,1,1,'11.jpg',155815,0,'http://ebiztop-tst.oss-cn-hangzhou.aliyuncs.com/school_0/ebiztop_admin/pics/147753088626702.jpg','2016-10-26 17:14:46','2016-10-26 17:14:46'),(3819,0,1,1,1,'mp3  1.jpg',294239,0,'http://ebiztop-tst.oss-cn-hangzhou.aliyuncs.com/school_0/ebiztop_admin/pics/147753092582469.jpg','2016-10-26 17:15:25','2016-10-26 17:15:25'),(3820,0,1,1,1,'mp3  2.jpg',265507,0,'http://ebiztop-tst.oss-cn-hangzhou.aliyuncs.com/school_0/ebiztop_admin/pics/147753092886285.jpg','2016-10-26 17:15:28','2016-10-26 17:15:28'),(3821,0,1,1,1,'mp3  3.jpg',267507,0,'http://ebiztop-tst.oss-cn-hangzhou.aliyuncs.com/school_0/ebiztop_admin/pics/147753093034825.jpg','2016-10-26 17:15:30','2016-10-26 17:15:30'),(3822,0,1,1,1,'mp3  4.jpg',258996,0,'http://ebiztop-tst.oss-cn-hangzhou.aliyuncs.com/school_0/ebiztop_admin/pics/147753093369886.jpg','2016-10-26 17:15:33','2016-10-26 17:15:33'),(3823,0,1,1,1,'mp3  5.jpg',324449,0,'http://ebiztop-tst.oss-cn-hangzhou.aliyuncs.com/school_0/ebiztop_admin/pics/147753093545338.jpg','2016-10-26 17:15:35','2016-10-26 17:15:35'),(3824,0,1,1,1,'mp3  6.jpg',322750,0,'http://ebiztop-tst.oss-cn-hangzhou.aliyuncs.com/school_0/ebiztop_admin/pics/147753093710048.jpg','2016-10-26 17:15:37','2016-10-26 17:15:37'),(3825,0,1,1,1,'mp3  7.jpg',311408,0,'http://ebiztop-tst.oss-cn-hangzhou.aliyuncs.com/school_0/ebiztop_admin/pics/147753094113845.jpg','2016-10-26 17:15:41','2016-10-26 17:15:41'),(3826,0,1,1,1,'mp3  8.jpg',303188,0,'http://ebiztop-tst.oss-cn-hangzhou.aliyuncs.com/school_0/ebiztop_admin/pics/147753094413857.jpg','2016-10-26 17:15:44','2016-10-26 17:15:44'),(3827,0,1,1,1,'mp3  9.jpg',401630,0,'http://ebiztop-tst.oss-cn-hangzhou.aliyuncs.com/school_0/ebiztop_admin/pics/147753094628489.jpg','2016-10-26 17:15:46','2016-10-26 17:15:46'),(3828,0,1,1,1,'mp3  10.jpg',421111,0,'http://ebiztop-tst.oss-cn-hangzhou.aliyuncs.com/school_0/ebiztop_admin/pics/147753094940155.jpg','2016-10-26 17:15:49','2016-10-26 17:15:49'),(3829,0,1,1,1,'mp3  10.jpg',421111,0,'http://ebiztop-tst.oss-cn-hangzhou.aliyuncs.com/school_0/ebiztop_admin/pics/147753095336654.jpg','2016-10-26 17:15:53','2016-10-26 17:15:53'),(3830,0,1,1,1,'2.jpg',105800,0,'http://ebiztop-tst.oss-cn-hangzhou.aliyuncs.com/school_0/ebiztop_admin/pics/147753260918723.jpg','2016-10-26 17:43:29','2016-10-26 17:43:29'),(3831,0,1,1,1,'3.jpg',170842,0,'http://ebiztop-tst.oss-cn-hangzhou.aliyuncs.com/school_0/ebiztop_admin/pics/147753260984678.jpg','2016-10-26 17:43:29','2016-10-26 17:43:29'),(3832,0,1,1,1,'4.jpg',95218,0,'http://ebiztop-tst.oss-cn-hangzhou.aliyuncs.com/school_0/ebiztop_admin/pics/147753261040595.jpg','2016-10-26 17:43:30','2016-10-26 17:43:30'),(3833,0,1,1,1,'21.jpg',104278,0,'http://ebiztop-tst.oss-cn-hangzhou.aliyuncs.com/school_0/ebiztop_admin/pics/14775326108579.jpg','2016-10-26 17:43:30','2016-10-26 17:43:30'),(3834,0,1,1,1,'39.jpg',130812,0,'http://ebiztop-tst.oss-cn-hangzhou.aliyuncs.com/school_0/ebiztop_admin/pics/147753265099842.jpg','2016-10-26 17:44:10','2016-10-26 17:44:10'),(3835,0,1,1,1,'23.jpg',122445,0,'http://ebiztop-tst.oss-cn-hangzhou.aliyuncs.com/school_0/ebiztop_admin/pics/147753267312657.jpg','2016-10-26 17:44:33','2016-10-26 17:44:33'),(3836,0,1,1,1,'手链1.jpg',259484,0,'http://ebiztop-tst.oss-cn-hangzhou.aliyuncs.com/school_0/ebiztop_admin/pics/147753274477547.jpg','2016-10-26 17:45:44','2016-10-26 17:45:44'),(3837,0,1,1,1,'手链2.jpg',281292,0,'http://ebiztop-tst.oss-cn-hangzhou.aliyuncs.com/school_0/ebiztop_admin/pics/147753274680787.jpg','2016-10-26 17:45:46','2016-10-26 17:45:46'),(3838,0,1,1,1,'手链3.jpg',287668,0,'http://ebiztop-tst.oss-cn-hangzhou.aliyuncs.com/school_0/ebiztop_admin/pics/147753274898322.jpg','2016-10-26 17:45:48','2016-10-26 17:45:48'),(3839,0,1,1,1,'手链4.jpg',284380,0,'http://ebiztop-tst.oss-cn-hangzhou.aliyuncs.com/school_0/ebiztop_admin/pics/147753275016984.jpg','2016-10-26 17:45:50','2016-10-26 17:45:50'),(3840,0,1,1,1,'手链5.jpg',308142,0,'http://ebiztop-tst.oss-cn-hangzhou.aliyuncs.com/school_0/ebiztop_admin/pics/14775327526646.jpg','2016-10-26 17:45:52','2016-10-26 17:45:52'),(3841,0,1,1,1,'手链6.jpg',319898,0,'http://ebiztop-tst.oss-cn-hangzhou.aliyuncs.com/school_0/ebiztop_admin/pics/147753275424884.jpg','2016-10-26 17:45:54','2016-10-26 17:45:54'),(3842,0,1,1,1,'手链7.jpg',301087,0,'http://ebiztop-tst.oss-cn-hangzhou.aliyuncs.com/school_0/ebiztop_admin/pics/147753275798922.jpg','2016-10-26 17:45:57','2016-10-26 17:45:57'),(3843,0,1,1,1,'手链8.jpg',252663,0,'http://ebiztop-tst.oss-cn-hangzhou.aliyuncs.com/school_0/ebiztop_admin/pics/147753275974286.jpg','2016-10-26 17:45:59','2016-10-26 17:45:59'),(3844,0,1,1,1,'手链9.jpg',424394,0,'http://ebiztop-tst.oss-cn-hangzhou.aliyuncs.com/school_0/ebiztop_admin/pics/147753276353242.jpg','2016-10-26 17:46:03','2016-10-26 17:46:03'),(3845,0,1,1,1,'未标题-1.jpg',134684,0,'http://ebiztop-tst.oss-cn-hangzhou.aliyuncs.com/school_0/ebiztop_admin/pics/147755419954527.jpg','2016-10-26 23:43:19','2016-10-26 23:43:19'),(3846,0,1,1,1,'未标题-2.jpg',60577,0,'http://ebiztop-tst.oss-cn-hangzhou.aliyuncs.com/school_0/ebiztop_admin/pics/147755419998272.jpg','2016-10-26 23:43:19','2016-10-26 23:43:19'),(3847,0,1,1,1,'未标题-3.jpg',162707,0,'http://ebiztop-tst.oss-cn-hangzhou.aliyuncs.com/school_0/ebiztop_admin/pics/147755419929394.jpg','2016-10-26 23:43:19','2016-10-26 23:43:19'),(3848,0,1,1,1,'未标题-4.jpg',135568,0,'http://ebiztop-tst.oss-cn-hangzhou.aliyuncs.com/school_0/ebiztop_admin/pics/147755419932203.jpg','2016-10-26 23:43:19','2016-10-26 23:43:19'),(3849,0,1,1,1,'未标题-5.jpg',170330,0,'http://ebiztop-tst.oss-cn-hangzhou.aliyuncs.com/school_0/ebiztop_admin/pics/147755419948589.jpg','2016-10-26 23:43:19','2016-10-26 23:43:19'),(3850,0,1,1,1,'未标题-6.jpg',134057,0,'http://ebiztop-tst.oss-cn-hangzhou.aliyuncs.com/school_0/ebiztop_admin/pics/147755419930867.jpg','2016-10-26 23:43:19','2016-10-26 23:43:19'),(3851,0,1,1,1,'运动鞋1.jpg',376790,0,'http://ebiztop-tst.oss-cn-hangzhou.aliyuncs.com/school_0/ebiztop_admin/pics/147755422236560.jpg','2016-10-26 23:43:42','2016-10-26 23:43:42'),(3852,0,1,1,1,'运动鞋2.jpg',388274,0,'http://ebiztop-tst.oss-cn-hangzhou.aliyuncs.com/school_0/ebiztop_admin/pics/147755422463088.jpg','2016-10-26 23:43:44','2016-10-26 23:43:44'),(3853,0,1,1,1,'运动鞋3.jpg',314025,0,'http://ebiztop-tst.oss-cn-hangzhou.aliyuncs.com/school_0/ebiztop_admin/pics/147755422655389.jpg','2016-10-26 23:43:46','2016-10-26 23:43:46'),(3854,0,1,1,1,'运动鞋4.jpg',272466,0,'http://ebiztop-tst.oss-cn-hangzhou.aliyuncs.com/school_0/ebiztop_admin/pics/147755422970219.jpg','2016-10-26 23:43:49','2016-10-26 23:43:49'),(3855,0,1,1,1,'运动鞋5.jpg',338860,0,'http://ebiztop-tst.oss-cn-hangzhou.aliyuncs.com/school_0/ebiztop_admin/pics/147755423367519.jpg','2016-10-26 23:43:53','2016-10-26 23:43:53'),(3856,0,1,1,1,'运动鞋6.jpg',436501,0,'http://ebiztop-tst.oss-cn-hangzhou.aliyuncs.com/school_0/ebiztop_admin/pics/147755423635724.jpg','2016-10-26 23:43:56','2016-10-26 23:43:56'),(3857,0,1,1,1,'运动鞋7.jpg',339711,0,'http://ebiztop-tst.oss-cn-hangzhou.aliyuncs.com/school_0/ebiztop_admin/pics/147755423970121.jpg','2016-10-26 23:43:59','2016-10-26 23:43:59'),(3858,0,1,1,1,'运动鞋8.jpg',295502,0,'http://ebiztop-tst.oss-cn-hangzhou.aliyuncs.com/school_0/ebiztop_admin/pics/147755424155027.jpg','2016-10-26 23:44:01','2016-10-26 23:44:01'),(3859,0,1,1,1,'运动鞋9.jpg',485051,0,'http://ebiztop-tst.oss-cn-hangzhou.aliyuncs.com/school_0/ebiztop_admin/pics/147755424524286.jpg','2016-10-26 23:44:05','2016-10-26 23:44:05'),(3860,0,1,1,1,'未标题-1.jpg',64021,0,'http://ebiztop-tst.oss-cn-hangzhou.aliyuncs.com/school_0/ebiztop_admin/pics/147755789522813.jpg','2016-10-27 00:44:55','2016-10-27 00:44:55'),(3861,0,1,1,1,'未标题-2.jpg',65318,0,'http://ebiztop-tst.oss-cn-hangzhou.aliyuncs.com/school_0/ebiztop_admin/pics/147755789549547.jpg','2016-10-27 00:44:55','2016-10-27 00:44:55'),(3862,0,1,1,1,'未标题-3.jpg',56361,0,'http://ebiztop-tst.oss-cn-hangzhou.aliyuncs.com/school_0/ebiztop_admin/pics/147755789527879.jpg','2016-10-27 00:44:55','2016-10-27 00:44:55'),(3863,0,1,1,1,'未标题-4.jpg',60551,0,'http://ebiztop-tst.oss-cn-hangzhou.aliyuncs.com/school_0/ebiztop_admin/pics/147755789625431.jpg','2016-10-27 00:44:56','2016-10-27 00:44:56'),(3864,0,1,1,1,'未标题-5.jpg',61396,0,'http://ebiztop-tst.oss-cn-hangzhou.aliyuncs.com/school_0/ebiztop_admin/pics/147755789680009.jpg','2016-10-27 00:44:56','2016-10-27 00:44:56'),(3865,0,1,1,1,'未标题-6.jpg',74856,0,'http://ebiztop-tst.oss-cn-hangzhou.aliyuncs.com/school_0/ebiztop_admin/pics/147755789679905.jpg','2016-10-27 00:44:56','2016-10-27 00:44:56'),(3866,0,1,1,1,'铲子1.jpg',291833,0,'http://ebiztop-tst.oss-cn-hangzhou.aliyuncs.com/school_0/ebiztop_admin/pics/147755793860479.jpg','2016-10-27 00:45:38','2016-10-27 00:45:38'),(3867,0,1,1,1,'铲子2.jpg',265342,0,'http://ebiztop-tst.oss-cn-hangzhou.aliyuncs.com/school_0/ebiztop_admin/pics/14775579401952.jpg','2016-10-27 00:45:40','2016-10-27 00:45:40'),(3868,0,1,1,1,'铲子3.jpg',264935,0,'http://ebiztop-tst.oss-cn-hangzhou.aliyuncs.com/school_0/ebiztop_admin/pics/147755794231383.jpg','2016-10-27 00:45:42','2016-10-27 00:45:42'),(3869,0,1,1,1,'铲子4.jpg',271593,0,'http://ebiztop-tst.oss-cn-hangzhou.aliyuncs.com/school_0/ebiztop_admin/pics/147755794673267.jpg','2016-10-27 00:45:46','2016-10-27 00:45:46'),(3870,0,1,1,1,'铲子5.jpg',342409,0,'http://ebiztop-tst.oss-cn-hangzhou.aliyuncs.com/school_0/ebiztop_admin/pics/147755795056324.jpg','2016-10-27 00:45:50','2016-10-27 00:45:50'),(3871,0,1,1,1,'铲子6.jpg',308329,0,'http://ebiztop-tst.oss-cn-hangzhou.aliyuncs.com/school_0/ebiztop_admin/pics/147755795492780.jpg','2016-10-27 00:45:54','2016-10-27 00:45:54'),(3872,0,1,1,1,'铲子7.jpg',312075,0,'http://ebiztop-tst.oss-cn-hangzhou.aliyuncs.com/school_0/ebiztop_admin/pics/147755795869889.jpg','2016-10-27 00:45:58','2016-10-27 00:45:58'),(3873,0,1,1,1,'铲子8.jpg',282592,0,'http://ebiztop-tst.oss-cn-hangzhou.aliyuncs.com/school_0/ebiztop_admin/pics/147755796234040.jpg','2016-10-27 00:46:02','2016-10-27 00:46:02'),(3874,0,1,1,1,'铲子9.jpg',426141,0,'http://ebiztop-tst.oss-cn-hangzhou.aliyuncs.com/school_0/ebiztop_admin/pics/147755796631684.jpg','2016-10-27 00:46:06','2016-10-27 00:46:06'),(3875,0,1,1,1,'未标题-1.jpg',121278,0,'http://ebiztop-tst.oss-cn-hangzhou.aliyuncs.com/school_0/ebiztop_admin/pics/147755970912415.jpg','2016-10-27 01:15:09','2016-10-27 01:15:09'),(3876,0,1,1,1,'未标题-2.jpg',84413,0,'http://ebiztop-tst.oss-cn-hangzhou.aliyuncs.com/school_0/ebiztop_admin/pics/147755970916576.jpg','2016-10-27 01:15:09','2016-10-27 01:15:09'),(3877,0,1,1,1,'未标题-3.jpg',91001,0,'http://ebiztop-tst.oss-cn-hangzhou.aliyuncs.com/school_0/ebiztop_admin/pics/1477559709330.jpg','2016-10-27 01:15:09','2016-10-27 01:15:09'),(3878,0,1,1,1,'未标题-4.jpg',78439,0,'http://ebiztop-tst.oss-cn-hangzhou.aliyuncs.com/school_0/ebiztop_admin/pics/147755970979216.jpg','2016-10-27 01:15:09','2016-10-27 01:15:09'),(3879,0,1,1,1,'未标题-5.jpg',78599,0,'http://ebiztop-tst.oss-cn-hangzhou.aliyuncs.com/school_0/ebiztop_admin/pics/14775597091107.jpg','2016-10-27 01:15:09','2016-10-27 01:15:09'),(3880,0,1,1,1,'未标题-6.jpg',122808,0,'http://ebiztop-tst.oss-cn-hangzhou.aliyuncs.com/school_0/ebiztop_admin/pics/147755970963902.jpg','2016-10-27 01:15:09','2016-10-27 01:15:09'),(3881,0,1,1,1,'公仔1.jpg',355452,0,'http://ebiztop-tst.oss-cn-hangzhou.aliyuncs.com/school_0/ebiztop_admin/pics/147755972987869.jpg','2016-10-27 01:15:29','2016-10-27 01:15:29'),(3882,0,1,1,1,'公仔2.jpg',307079,0,'http://ebiztop-tst.oss-cn-hangzhou.aliyuncs.com/school_0/ebiztop_admin/pics/147755973661261.jpg','2016-10-27 01:15:36','2016-10-27 01:15:36'),(3883,0,1,1,1,'公仔3.jpg',281419,0,'http://ebiztop-tst.oss-cn-hangzhou.aliyuncs.com/school_0/ebiztop_admin/pics/14775597363325.jpg','2016-10-27 01:15:36','2016-10-27 01:15:36'),(3884,0,1,1,1,'公仔4.jpg',297296,0,'http://ebiztop-tst.oss-cn-hangzhou.aliyuncs.com/school_0/ebiztop_admin/pics/1477559736386.jpg','2016-10-27 01:15:36','2016-10-27 01:15:36'),(3885,0,1,1,1,'公仔5.jpg',280657,0,'http://ebiztop-tst.oss-cn-hangzhou.aliyuncs.com/school_0/ebiztop_admin/pics/147755974317080.jpg','2016-10-27 01:15:43','2016-10-27 01:15:43'),(3886,0,1,1,1,'公仔8.jpg',299125,0,'http://ebiztop-tst.oss-cn-hangzhou.aliyuncs.com/school_0/ebiztop_admin/pics/147755974384655.jpg','2016-10-27 01:15:43','2016-10-27 01:15:43'),(3887,0,1,1,1,'公仔6.jpg',288824,0,'http://ebiztop-tst.oss-cn-hangzhou.aliyuncs.com/school_0/ebiztop_admin/pics/147755974451056.jpg','2016-10-27 01:15:44','2016-10-27 01:15:44'),(3888,0,1,1,1,'公仔7.jpg',272504,0,'http://ebiztop-tst.oss-cn-hangzhou.aliyuncs.com/school_0/ebiztop_admin/pics/147755974465371.jpg','2016-10-27 01:15:44','2016-10-27 01:15:44'),(3889,0,1,1,1,'公仔1.jpg',355452,0,'http://ebiztop-tst.oss-cn-hangzhou.aliyuncs.com/school_0/ebiztop_admin/pics/147755975383297.jpg','2016-10-27 01:15:53','2016-10-27 01:15:53'),(3890,0,1,1,1,'公仔2.jpg',307079,0,'http://ebiztop-tst.oss-cn-hangzhou.aliyuncs.com/school_0/ebiztop_admin/pics/147755975526649.jpg','2016-10-27 01:15:55','2016-10-27 01:15:55'),(3891,0,1,1,1,'公仔3.jpg',281419,0,'http://ebiztop-tst.oss-cn-hangzhou.aliyuncs.com/school_0/ebiztop_admin/pics/147755975854925.jpg','2016-10-27 01:15:58','2016-10-27 01:15:58'),(3892,0,1,1,1,'公仔4.jpg',297296,0,'http://ebiztop-tst.oss-cn-hangzhou.aliyuncs.com/school_0/ebiztop_admin/pics/14775597605877.jpg','2016-10-27 01:16:00','2016-10-27 01:16:00'),(3893,0,1,1,1,'公仔5.jpg',280657,0,'http://ebiztop-tst.oss-cn-hangzhou.aliyuncs.com/school_0/ebiztop_admin/pics/147755976254076.jpg','2016-10-27 01:16:02','2016-10-27 01:16:02'),(3894,0,1,1,1,'公仔6.jpg',288824,0,'http://ebiztop-tst.oss-cn-hangzhou.aliyuncs.com/school_0/ebiztop_admin/pics/147755976424248.jpg','2016-10-27 01:16:04','2016-10-27 01:16:04'),(3895,0,1,1,1,'公仔7.jpg',272504,0,'http://ebiztop-tst.oss-cn-hangzhou.aliyuncs.com/school_0/ebiztop_admin/pics/147755976651700.jpg','2016-10-27 01:16:06','2016-10-27 01:16:06'),(3896,0,1,1,1,'公仔8.jpg',299125,0,'http://ebiztop-tst.oss-cn-hangzhou.aliyuncs.com/school_0/ebiztop_admin/pics/147755976978657.jpg','2016-10-27 01:16:09','2016-10-27 01:16:09'),(3897,0,1,1,1,'公仔9.jpg',269496,0,'http://ebiztop-tst.oss-cn-hangzhou.aliyuncs.com/school_0/ebiztop_admin/pics/147755977476708.jpg','2016-10-27 01:16:14','2016-10-27 01:16:14'),(3898,0,1,1,1,'公仔10.jpg',295038,0,'http://ebiztop-tst.oss-cn-hangzhou.aliyuncs.com/school_0/ebiztop_admin/pics/147755977745485.jpg','2016-10-27 01:16:17','2016-10-27 01:16:17'),(3899,0,1,1,1,'公仔11.jpg',274275,0,'http://ebiztop-tst.oss-cn-hangzhou.aliyuncs.com/school_0/ebiztop_admin/pics/147755978185310.jpg','2016-10-27 01:16:21','2016-10-27 01:16:21'),(3900,0,1,1,1,'公仔12.jpg',299484,0,'http://ebiztop-tst.oss-cn-hangzhou.aliyuncs.com/school_0/ebiztop_admin/pics/147755978431273.jpg','2016-10-27 01:16:24','2016-10-27 01:16:24'),(3901,0,1,1,1,'公仔13.jpg',279743,0,'http://ebiztop-tst.oss-cn-hangzhou.aliyuncs.com/school_0/ebiztop_admin/pics/147755978749536.jpg','2016-10-27 01:16:27','2016-10-27 01:16:27'),(3902,0,1,1,1,'公仔14.jpg',344953,0,'http://ebiztop-tst.oss-cn-hangzhou.aliyuncs.com/school_0/ebiztop_admin/pics/147755979030480.jpg','2016-10-27 01:16:30','2016-10-27 01:16:30'),(3903,0,1,1,1,'公仔15.jpg',290165,0,'http://ebiztop-tst.oss-cn-hangzhou.aliyuncs.com/school_0/ebiztop_admin/pics/147755979361948.jpg','2016-10-27 01:16:33','2016-10-27 01:16:33'),(3904,0,1,1,1,'公仔16.jpg',420083,0,'http://ebiztop-tst.oss-cn-hangzhou.aliyuncs.com/school_0/ebiztop_admin/pics/147755979692267.jpg','2016-10-27 01:16:36','2016-10-27 01:16:36'),(3905,0,1,1,1,'未标题-1.jpg',112740,0,'http://ebiztop-tst.oss-cn-hangzhou.aliyuncs.com/school_0/ebiztop_admin/pics/14775652628407.jpg','2016-10-27 02:47:42','2016-10-27 02:47:42'),(3906,0,1,1,1,'未标题-2.jpg',73237,0,'http://ebiztop-tst.oss-cn-hangzhou.aliyuncs.com/school_0/ebiztop_admin/pics/147756526221023.jpg','2016-10-27 02:47:42','2016-10-27 02:47:42'),(3907,0,1,1,1,'未标题-3.jpg',124109,0,'http://ebiztop-tst.oss-cn-hangzhou.aliyuncs.com/school_0/ebiztop_admin/pics/147756526285540.jpg','2016-10-27 02:47:42','2016-10-27 02:47:42'),(3908,0,1,1,1,'未标题-4.jpg',71462,0,'http://ebiztop-tst.oss-cn-hangzhou.aliyuncs.com/school_0/ebiztop_admin/pics/14775652625216.jpg','2016-10-27 02:47:42','2016-10-27 02:47:42'),(3909,0,1,1,1,'未标题-5.jpg',113610,0,'http://ebiztop-tst.oss-cn-hangzhou.aliyuncs.com/school_0/ebiztop_admin/pics/147756526285126.jpg','2016-10-27 02:47:42','2016-10-27 02:47:42'),(3910,0,1,1,1,'未标题-6.jpg',73147,0,'http://ebiztop-tst.oss-cn-hangzhou.aliyuncs.com/school_0/ebiztop_admin/pics/147756526256182.jpg','2016-10-27 02:47:42','2016-10-27 02:47:42'),(3911,0,1,1,1,'皮带1.jpg',294420,0,'http://ebiztop-tst.oss-cn-hangzhou.aliyuncs.com/school_0/ebiztop_admin/pics/147756528072369.jpg','2016-10-27 02:48:00','2016-10-27 02:48:00'),(3912,0,1,1,1,'皮带2.jpg',291608,0,'http://ebiztop-tst.oss-cn-hangzhou.aliyuncs.com/school_0/ebiztop_admin/pics/147756528275418.jpg','2016-10-27 02:48:02','2016-10-27 02:48:02'),(3913,0,1,1,1,'皮带3.jpg',265705,0,'http://ebiztop-tst.oss-cn-hangzhou.aliyuncs.com/school_0/ebiztop_admin/pics/147756528435867.jpg','2016-10-27 02:48:04','2016-10-27 02:48:04'),(3914,0,1,1,1,'皮带4.jpg',323149,0,'http://ebiztop-tst.oss-cn-hangzhou.aliyuncs.com/school_0/ebiztop_admin/pics/147756528781966.jpg','2016-10-27 02:48:07','2016-10-27 02:48:07'),(3915,0,1,1,1,'皮带5.jpg',349976,0,'http://ebiztop-tst.oss-cn-hangzhou.aliyuncs.com/school_0/ebiztop_admin/pics/147756528963822.jpg','2016-10-27 02:48:09','2016-10-27 02:48:09'),(3916,0,1,1,1,'皮带6.jpg',337645,0,'http://ebiztop-tst.oss-cn-hangzhou.aliyuncs.com/school_0/ebiztop_admin/pics/14775652912410.jpg','2016-10-27 02:48:11','2016-10-27 02:48:11'),(3917,0,1,1,1,'皮带7.jpg',348078,0,'http://ebiztop-tst.oss-cn-hangzhou.aliyuncs.com/school_0/ebiztop_admin/pics/147756529365969.jpg','2016-10-27 02:48:13','2016-10-27 02:48:13'),(3918,0,1,1,1,'皮带8.jpg',286326,0,'http://ebiztop-tst.oss-cn-hangzhou.aliyuncs.com/school_0/ebiztop_admin/pics/147756529698705.jpg','2016-10-27 02:48:16','2016-10-27 02:48:16'),(3919,0,1,1,1,'皮带9.jpg',477401,0,'http://ebiztop-tst.oss-cn-hangzhou.aliyuncs.com/school_0/ebiztop_admin/pics/147756530029081.jpg','2016-10-27 02:48:20','2016-10-27 02:48:20'),(3920,0,1,1,1,'未标题-1.jpg',84685,0,'http://ebiztop-tst.oss-cn-hangzhou.aliyuncs.com/school_0/ebiztop_admin/pics/147756752524372.jpg','2016-10-27 03:25:25','2016-10-27 03:25:25'),(3921,0,1,1,1,'未标题-2.jpg',73102,0,'http://ebiztop-tst.oss-cn-hangzhou.aliyuncs.com/school_0/ebiztop_admin/pics/147756752548607.jpg','2016-10-27 03:25:25','2016-10-27 03:25:25'),(3922,0,1,1,1,'未标题-3.jpg',75102,0,'http://ebiztop-tst.oss-cn-hangzhou.aliyuncs.com/school_0/ebiztop_admin/pics/14775675253521.jpg','2016-10-27 03:25:25','2016-10-27 03:25:25'),(3923,0,1,1,1,'未标题-4.jpg',68902,0,'http://ebiztop-tst.oss-cn-hangzhou.aliyuncs.com/school_0/ebiztop_admin/pics/147756752628011.jpg','2016-10-27 03:25:26','2016-10-27 03:25:26'),(3924,0,1,1,1,'未标题-5.jpg',76105,0,'http://ebiztop-tst.oss-cn-hangzhou.aliyuncs.com/school_0/ebiztop_admin/pics/147756752691100.jpg','2016-10-27 03:25:26','2016-10-27 03:25:26'),(3925,0,1,1,1,'未标题-6.jpg',89539,0,'http://ebiztop-tst.oss-cn-hangzhou.aliyuncs.com/school_0/ebiztop_admin/pics/147756752659715.jpg','2016-10-27 03:25:26','2016-10-27 03:25:26'),(3926,0,1,1,1,'手机壳1.jpg',296921,0,'http://ebiztop-tst.oss-cn-hangzhou.aliyuncs.com/school_0/ebiztop_admin/pics/147756754361713.jpg','2016-10-27 03:25:43','2016-10-27 03:25:43'),(3927,0,1,1,1,'手机壳2.jpg',297228,0,'http://ebiztop-tst.oss-cn-hangzhou.aliyuncs.com/school_0/ebiztop_admin/pics/14775675458360.jpg','2016-10-27 03:25:45','2016-10-27 03:25:45'),(3928,0,1,1,1,'手机壳3.jpg',321465,0,'http://ebiztop-tst.oss-cn-hangzhou.aliyuncs.com/school_0/ebiztop_admin/pics/147756754732873.jpg','2016-10-27 03:25:47','2016-10-27 03:25:47'),(3929,0,1,1,1,'手机壳4.jpg',309356,0,'http://ebiztop-tst.oss-cn-hangzhou.aliyuncs.com/school_0/ebiztop_admin/pics/147756755074289.jpg','2016-10-27 03:25:50','2016-10-27 03:25:50'),(3930,0,1,1,1,'手机壳5.jpg',280099,0,'http://ebiztop-tst.oss-cn-hangzhou.aliyuncs.com/school_0/ebiztop_admin/pics/147756755488935.jpg','2016-10-27 03:25:54','2016-10-27 03:25:54'),(3931,0,1,1,1,'手机壳6.jpg',253611,0,'http://ebiztop-tst.oss-cn-hangzhou.aliyuncs.com/school_0/ebiztop_admin/pics/147756755819985.jpg','2016-10-27 03:25:58','2016-10-27 03:25:58'),(3932,0,1,1,1,'手机壳7.jpg',289441,0,'http://ebiztop-tst.oss-cn-hangzhou.aliyuncs.com/school_0/ebiztop_admin/pics/147756756197827.jpg','2016-10-27 03:26:01','2016-10-27 03:26:01'),(3933,0,1,1,1,'手机壳8.jpg',324530,0,'http://ebiztop-tst.oss-cn-hangzhou.aliyuncs.com/school_0/ebiztop_admin/pics/147756756438872.jpg','2016-10-27 03:26:04','2016-10-27 03:26:04'),(3934,0,1,1,1,'手机壳9.jpg',427977,0,'http://ebiztop-tst.oss-cn-hangzhou.aliyuncs.com/school_0/ebiztop_admin/pics/147756756819713.jpg','2016-10-27 03:26:08','2016-10-27 03:26:08'),(3935,0,1,1,1,'文具1.jpg',349065,0,'http://ebiztop-tst.oss-cn-hangzhou.aliyuncs.com/school_0/ebiztop_admin/pics/147756882950997.jpg','2016-10-27 03:47:09','2016-10-27 03:47:09'),(3936,0,1,1,1,'3.jpg',173254,0,'http://ebiztop-tst.oss-cn-hangzhou.aliyuncs.com/school_0/ebiztop_admin/pics/147756894134833.jpg','2016-10-27 03:49:01','2016-10-27 03:49:01'),(3937,0,1,1,1,'5.jpg',205297,0,'http://ebiztop-tst.oss-cn-hangzhou.aliyuncs.com/school_0/ebiztop_admin/pics/147756894146307.jpg','2016-10-27 03:49:01','2016-10-27 03:49:01'),(3938,0,1,1,1,'6.jpg',158165,0,'http://ebiztop-tst.oss-cn-hangzhou.aliyuncs.com/school_0/ebiztop_admin/pics/147756894195511.jpg','2016-10-27 03:49:01','2016-10-27 03:49:01'),(3939,0,1,1,1,'7.jpg',171985,0,'http://ebiztop-tst.oss-cn-hangzhou.aliyuncs.com/school_0/ebiztop_admin/pics/147756894168280.jpg','2016-10-27 03:49:01','2016-10-27 03:49:01'),(3940,0,1,1,1,'8.jpg',191489,0,'http://ebiztop-tst.oss-cn-hangzhou.aliyuncs.com/school_0/ebiztop_admin/pics/147756894258424.jpg','2016-10-27 03:49:02','2016-10-27 03:49:02'),(3941,0,1,1,1,'10.jpg',163187,0,'http://ebiztop-tst.oss-cn-hangzhou.aliyuncs.com/school_0/ebiztop_admin/pics/147756894274088.jpg','2016-10-27 03:49:02','2016-10-27 03:49:02'),(3942,0,1,1,1,'文具1.jpg',349065,0,'http://ebiztop-tst.oss-cn-hangzhou.aliyuncs.com/school_0/ebiztop_admin/pics/147756896036236.jpg','2016-10-27 03:49:20','2016-10-27 03:49:20'),(3943,0,1,1,1,'文具2.jpg',282056,0,'http://ebiztop-tst.oss-cn-hangzhou.aliyuncs.com/school_0/ebiztop_admin/pics/147756896237036.jpg','2016-10-27 03:49:22','2016-10-27 03:49:22'),(3944,0,1,1,1,'文具3.jpg',317083,0,'http://ebiztop-tst.oss-cn-hangzhou.aliyuncs.com/school_0/ebiztop_admin/pics/147756896438279.jpg','2016-10-27 03:49:24','2016-10-27 03:49:24'),(3945,0,1,1,1,'文具4.jpg',303943,0,'http://ebiztop-tst.oss-cn-hangzhou.aliyuncs.com/school_0/ebiztop_admin/pics/147756896653982.jpg','2016-10-27 03:49:26','2016-10-27 03:49:26'),(3946,0,1,1,1,'文具5.jpg',333757,0,'http://ebiztop-tst.oss-cn-hangzhou.aliyuncs.com/school_0/ebiztop_admin/pics/147756896997977.jpg','2016-10-27 03:49:29','2016-10-27 03:49:29'),(3947,0,1,1,1,'文具6.jpg',358633,0,'http://ebiztop-tst.oss-cn-hangzhou.aliyuncs.com/school_0/ebiztop_admin/pics/147756897248112.jpg','2016-10-27 03:49:32','2016-10-27 03:49:32'),(3948,0,1,1,1,'文具7.jpg',317724,0,'http://ebiztop-tst.oss-cn-hangzhou.aliyuncs.com/school_0/ebiztop_admin/pics/147756897530137.jpg','2016-10-27 03:49:35','2016-10-27 03:49:35'),(3949,0,1,1,1,'文具8.jpg',275864,0,'http://ebiztop-tst.oss-cn-hangzhou.aliyuncs.com/school_0/ebiztop_admin/pics/147756897833788.jpg','2016-10-27 03:49:38','2016-10-27 03:49:38'),(3950,0,1,1,1,'文具9.jpg',314355,0,'http://ebiztop-tst.oss-cn-hangzhou.aliyuncs.com/school_0/ebiztop_admin/pics/147756898184670.jpg','2016-10-27 03:49:41','2016-10-27 03:49:41'),(3951,0,1,1,1,'文具10.jpg',390344,0,'http://ebiztop-tst.oss-cn-hangzhou.aliyuncs.com/school_0/ebiztop_admin/pics/147756898534034.jpg','2016-10-27 03:49:45','2016-10-27 03:49:45'),(3952,0,1,1,1,'未标题-1.jpg',94881,0,'http://ebiztop-tst.oss-cn-hangzhou.aliyuncs.com/school_0/ebiztop_admin/pics/147757001449291.jpg','2016-10-27 04:06:54','2016-10-27 04:06:54'),(3953,0,1,1,1,'未标题-2.jpg',60770,0,'http://ebiztop-tst.oss-cn-hangzhou.aliyuncs.com/school_0/ebiztop_admin/pics/147757001439679.jpg','2016-10-27 04:06:54','2016-10-27 04:06:54'),(3954,0,1,1,1,'未标题-3.jpg',58629,0,'http://ebiztop-tst.oss-cn-hangzhou.aliyuncs.com/school_0/ebiztop_admin/pics/147757001416193.jpg','2016-10-27 04:06:54','2016-10-27 04:06:54'),(3955,0,1,1,1,'未标题-4.jpg',55466,0,'http://ebiztop-tst.oss-cn-hangzhou.aliyuncs.com/school_0/ebiztop_admin/pics/147757001481324.jpg','2016-10-27 04:06:54','2016-10-27 04:06:54'),(3956,0,1,1,1,'未标题-5.jpg',70360,0,'http://ebiztop-tst.oss-cn-hangzhou.aliyuncs.com/school_0/ebiztop_admin/pics/147757001472077.jpg','2016-10-27 04:06:54','2016-10-27 04:06:54'),(3957,0,1,1,1,'未标题-6.jpg',62661,0,'http://ebiztop-tst.oss-cn-hangzhou.aliyuncs.com/school_0/ebiztop_admin/pics/147757001437503.jpg','2016-10-27 04:06:54','2016-10-27 04:06:54'),(3958,0,1,1,1,'指甲油1.jpg',319432,0,'http://ebiztop-tst.oss-cn-hangzhou.aliyuncs.com/school_0/ebiztop_admin/pics/147757002810223.jpg','2016-10-27 04:07:08','2016-10-27 04:07:08'),(3959,0,1,1,1,'指甲油2.jpg',295950,0,'http://ebiztop-tst.oss-cn-hangzhou.aliyuncs.com/school_0/ebiztop_admin/pics/147757003281249.jpg','2016-10-27 04:07:12','2016-10-27 04:07:12'),(3960,0,1,1,1,'指甲油3.jpg',258222,0,'http://ebiztop-tst.oss-cn-hangzhou.aliyuncs.com/school_0/ebiztop_admin/pics/147757003631362.jpg','2016-10-27 04:07:16','2016-10-27 04:07:16'),(3961,0,1,1,1,'指甲油4.jpg',257739,0,'http://ebiztop-tst.oss-cn-hangzhou.aliyuncs.com/school_0/ebiztop_admin/pics/147757003972450.jpg','2016-10-27 04:07:19','2016-10-27 04:07:19'),(3962,0,1,1,1,'指甲油5.jpg',254362,0,'http://ebiztop-tst.oss-cn-hangzhou.aliyuncs.com/school_0/ebiztop_admin/pics/14775700434054.jpg','2016-10-27 04:07:23','2016-10-27 04:07:23'),(3963,0,1,1,1,'指甲油6.jpg',258681,0,'http://ebiztop-tst.oss-cn-hangzhou.aliyuncs.com/school_0/ebiztop_admin/pics/147757004770341.jpg','2016-10-27 04:07:27','2016-10-27 04:07:27'),(3964,0,1,1,1,'指甲油7.jpg',258562,0,'http://ebiztop-tst.oss-cn-hangzhou.aliyuncs.com/school_0/ebiztop_admin/pics/147757005089264.jpg','2016-10-27 04:07:30','2016-10-27 04:07:30'),(3965,0,1,1,1,'指甲油8.jpg',306128,0,'http://ebiztop-tst.oss-cn-hangzhou.aliyuncs.com/school_0/ebiztop_admin/pics/147757005312736.jpg','2016-10-27 04:07:33','2016-10-27 04:07:33'),(3966,0,1,1,1,'指甲油9.jpg',288394,0,'http://ebiztop-tst.oss-cn-hangzhou.aliyuncs.com/school_0/ebiztop_admin/pics/147757005690036.jpg','2016-10-27 04:07:36','2016-10-27 04:07:36'),(3967,0,1,1,1,'指甲油10.jpg',433476,0,'http://ebiztop-tst.oss-cn-hangzhou.aliyuncs.com/school_0/ebiztop_admin/pics/14775700609287.jpg','2016-10-27 04:07:40','2016-10-27 04:07:40'),(4065,0,1,1,1,'手表1.jpg',314388,0,'http://ebiztop-tst.oss-cn-hangzhou.aliyuncs.com/school_0/ebiztop_admin/pics/147764058725428.jpg','2016-10-27 23:43:07','2016-10-27 23:43:07'),(4066,0,1,1,1,'手表2.jpg',292101,0,'http://ebiztop-tst.oss-cn-hangzhou.aliyuncs.com/school_0/ebiztop_admin/pics/147764058995503.jpg','2016-10-27 23:43:09','2016-10-27 23:43:09'),(4067,0,1,1,1,'手表3.jpg',335721,0,'http://ebiztop-tst.oss-cn-hangzhou.aliyuncs.com/school_0/ebiztop_admin/pics/147764059186998.jpg','2016-10-27 23:43:11','2016-10-27 23:43:11'),(4068,0,1,1,1,'手表4.jpg',316025,0,'http://ebiztop-tst.oss-cn-hangzhou.aliyuncs.com/school_0/ebiztop_admin/pics/147764059577683.jpg','2016-10-27 23:43:15','2016-10-27 23:43:15'),(4069,0,1,1,1,'手表5.jpg',349878,0,'http://ebiztop-tst.oss-cn-hangzhou.aliyuncs.com/school_0/ebiztop_admin/pics/147764059984882.jpg','2016-10-27 23:43:19','2016-10-27 23:43:19'),(4070,0,1,1,1,'手表6.jpg',334159,0,'http://ebiztop-tst.oss-cn-hangzhou.aliyuncs.com/school_0/ebiztop_admin/pics/147764060248987.jpg','2016-10-27 23:43:22','2016-10-27 23:43:22'),(4071,0,1,1,1,'手表7.jpg',343492,0,'http://ebiztop-tst.oss-cn-hangzhou.aliyuncs.com/school_0/ebiztop_admin/pics/147764060672694.jpg','2016-10-27 23:43:26','2016-10-27 23:43:26'),(4072,0,1,1,1,'手表8.jpg',364803,0,'http://ebiztop-tst.oss-cn-hangzhou.aliyuncs.com/school_0/ebiztop_admin/pics/147764060947318.jpg','2016-10-27 23:43:29','2016-10-27 23:43:29'),(4073,0,1,1,1,'手表9.jpg',576883,0,'http://ebiztop-tst.oss-cn-hangzhou.aliyuncs.com/school_0/ebiztop_admin/pics/147764061167949.jpg','2016-10-27 23:43:31','2016-10-27 23:43:31'),(4074,0,1,1,1,'公仔1.jpg',336927,0,'http://ebiztop-tst.oss-cn-hangzhou.aliyuncs.com/school_0/ebiztop_admin/pics/147764198214579.jpg','2016-10-28 00:06:22','2016-10-28 00:06:22'),(4075,0,1,1,1,'手机壳1.jpg',278396,0,'http://ebiztop-tst.oss-cn-hangzhou.aliyuncs.com/school_0/ebiztop_admin/pics/147764229783489.jpg','2016-10-28 00:11:37','2016-10-28 00:11:37'),(4076,0,1,1,1,'mp3  1.jpg',275696,0,'http://ebiztop-tst.oss-cn-hangzhou.aliyuncs.com/school_0/ebiztop_admin/pics/147764256566543.jpg','2016-10-28 00:16:05','2016-10-28 00:16:05'),(4091,0,1,1,1,'指甲油1.jpg',300897,0,'http://ebiztop-tst.oss-cn-hangzhou.aliyuncs.com/school_0/ebiztop_admin/pics/14776432005127.jpg','2016-10-28 00:26:40','2016-10-28 00:26:40'),(4092,0,1,1,1,'文具1.jpg',330532,0,'http://ebiztop-tst.oss-cn-hangzhou.aliyuncs.com/school_0/ebiztop_admin/pics/147764414652018.jpg','2016-10-28 00:42:26','2016-10-28 00:42:26'),(4093,0,1,1,1,'运动鞋1.jpg',358281,0,'http://ebiztop-tst.oss-cn-hangzhou.aliyuncs.com/school_0/ebiztop_admin/pics/147764683672413.jpg','2016-10-28 01:27:16','2016-10-28 01:27:16'),(4094,0,1,1,1,'mp3  1.jpg',275696,0,'http://ebiztop-tst.oss-cn-hangzhou.aliyuncs.com/school_0/ebiztop_admin/pics/147764728343519.jpg','2016-10-28 01:34:43','2016-10-28 01:34:43'),(4095,0,1,1,1,'mp3  2.jpg',265507,0,'http://ebiztop-tst.oss-cn-hangzhou.aliyuncs.com/school_0/ebiztop_admin/pics/147764729067299.jpg','2016-10-28 01:34:50','2016-10-28 01:34:50'),(4096,0,1,1,1,'mp3  1.jpg',275696,0,'http://ebiztop-tst.oss-cn-hangzhou.aliyuncs.com/school_0/ebiztop_admin/pics/1477647378908.jpg','2016-10-28 01:36:18','2016-10-28 01:36:18'),(4097,0,1,1,1,'mp3  2.jpg',265507,0,'http://ebiztop-tst.oss-cn-hangzhou.aliyuncs.com/school_0/ebiztop_admin/pics/147764738122201.jpg','2016-10-28 01:36:21','2016-10-28 01:36:21'),(4098,0,1,1,1,'mp3  3.jpg',267507,0,'http://ebiztop-tst.oss-cn-hangzhou.aliyuncs.com/school_0/ebiztop_admin/pics/147764738453554.jpg','2016-10-28 01:36:24','2016-10-28 01:36:24'),(4099,0,1,1,1,'mp3  4.jpg',258996,0,'http://ebiztop-tst.oss-cn-hangzhou.aliyuncs.com/school_0/ebiztop_admin/pics/147764738637639.jpg','2016-10-28 01:36:26','2016-10-28 01:36:26'),(4100,0,1,1,1,'mp3  5.jpg',324449,0,'http://ebiztop-tst.oss-cn-hangzhou.aliyuncs.com/school_0/ebiztop_admin/pics/147764738868467.jpg','2016-10-28 01:36:28','2016-10-28 01:36:28'),(4101,0,1,1,1,'mp3  6.jpg',322750,0,'http://ebiztop-tst.oss-cn-hangzhou.aliyuncs.com/school_0/ebiztop_admin/pics/147764739059028.jpg','2016-10-28 01:36:30','2016-10-28 01:36:30'),(4102,0,1,1,1,'mp3  7.jpg',311408,0,'http://ebiztop-tst.oss-cn-hangzhou.aliyuncs.com/school_0/ebiztop_admin/pics/147764739259645.jpg','2016-10-28 01:36:32','2016-10-28 01:36:32'),(4103,0,1,1,1,'mp3  8.jpg',303188,0,'http://ebiztop-tst.oss-cn-hangzhou.aliyuncs.com/school_0/ebiztop_admin/pics/147764739560110.jpg','2016-10-28 01:36:35','2016-10-28 01:36:35'),(4104,0,1,1,1,'mp3  9.jpg',401630,0,'http://ebiztop-tst.oss-cn-hangzhou.aliyuncs.com/school_0/ebiztop_admin/pics/14776473985935.jpg','2016-10-28 01:36:38','2016-10-28 01:36:38'),(4105,0,1,1,1,'mp3  10.jpg',421111,0,'http://ebiztop-tst.oss-cn-hangzhou.aliyuncs.com/school_0/ebiztop_admin/pics/147764740157689.jpg','2016-10-28 01:36:41','2016-10-28 01:36:41'),(4106,0,1,1,1,'mp3  10.jpg',421111,0,'http://ebiztop-tst.oss-cn-hangzhou.aliyuncs.com/school_0/ebiztop_admin/pics/147764740913926.jpg','2016-10-28 01:36:49','2016-10-28 01:36:49'),(4107,0,1,1,1,'mp3  1.jpg',275696,0,'http://ebiztop-tst.oss-cn-hangzhou.aliyuncs.com/school_0/ebiztop_admin/pics/147764751391406.jpg','2016-10-28 01:38:33','2016-10-28 01:38:33'),(4108,0,1,1,1,'mp3  2.jpg',265507,0,'http://ebiztop-tst.oss-cn-hangzhou.aliyuncs.com/school_0/ebiztop_admin/pics/14776475145680.jpg','2016-10-28 01:38:34','2016-10-28 01:38:34'),(4109,0,1,1,1,'mp3  3.jpg',267507,0,'http://ebiztop-tst.oss-cn-hangzhou.aliyuncs.com/school_0/ebiztop_admin/pics/14776475173042.jpg','2016-10-28 01:38:37','2016-10-28 01:38:37'),(4110,0,1,1,1,'mp3  4.jpg',258996,0,'http://ebiztop-tst.oss-cn-hangzhou.aliyuncs.com/school_0/ebiztop_admin/pics/14776475191625.jpg','2016-10-28 01:38:39','2016-10-28 01:38:39'),(4111,0,1,1,1,'mp3  5.jpg',324449,0,'http://ebiztop-tst.oss-cn-hangzhou.aliyuncs.com/school_0/ebiztop_admin/pics/147764752087884.jpg','2016-10-28 01:38:40','2016-10-28 01:38:40'),(4112,0,1,1,1,'mp3  6.jpg',322750,0,'http://ebiztop-tst.oss-cn-hangzhou.aliyuncs.com/school_0/ebiztop_admin/pics/147764752229997.jpg','2016-10-28 01:38:42','2016-10-28 01:38:42'),(4113,0,1,1,1,'mp3  7.jpg',311408,0,'http://ebiztop-tst.oss-cn-hangzhou.aliyuncs.com/school_0/ebiztop_admin/pics/14776475259093.jpg','2016-10-28 01:38:45','2016-10-28 01:38:45'),(4114,0,1,1,1,'mp3  8.jpg',303188,0,'http://ebiztop-tst.oss-cn-hangzhou.aliyuncs.com/school_0/ebiztop_admin/pics/147764752817049.jpg','2016-10-28 01:38:48','2016-10-28 01:38:48'),(4115,0,1,1,1,'mp3  9.jpg',401630,0,'http://ebiztop-tst.oss-cn-hangzhou.aliyuncs.com/school_0/ebiztop_admin/pics/147764753198542.jpg','2016-10-28 01:38:51','2016-10-28 01:38:51'),(4116,0,1,1,1,'mp3  10.jpg',421111,0,'http://ebiztop-tst.oss-cn-hangzhou.aliyuncs.com/school_0/ebiztop_admin/pics/147764753351202.jpg','2016-10-28 01:38:53','2016-10-28 01:38:53'),(4117,0,1,1,1,'未标题-1.jpg',143936,0,'http://ebiztop-tst.oss-cn-hangzhou.aliyuncs.com/school_0/ebiztop_admin/pics/147764832994728.jpg','2016-10-28 01:52:09','2016-10-28 01:52:09'),(4118,0,1,1,1,'未标题-2.jpg',135592,0,'http://ebiztop-tst.oss-cn-hangzhou.aliyuncs.com/school_0/ebiztop_admin/pics/147764832961868.jpg','2016-10-28 01:52:09','2016-10-28 01:52:09'),(4119,0,1,1,1,'未标题-3.jpg',125463,0,'http://ebiztop-tst.oss-cn-hangzhou.aliyuncs.com/school_0/ebiztop_admin/pics/147764832938895.jpg','2016-10-28 01:52:09','2016-10-28 01:52:09'),(4120,0,1,1,1,'未标题-4.jpg',112968,0,'http://ebiztop-tst.oss-cn-hangzhou.aliyuncs.com/school_0/ebiztop_admin/pics/147764832968930.jpg','2016-10-28 01:52:09','2016-10-28 01:52:09'),(4121,0,1,1,1,'未标题-5.jpg',160721,0,'http://ebiztop-tst.oss-cn-hangzhou.aliyuncs.com/school_0/ebiztop_admin/pics/147764832947575.jpg','2016-10-28 01:52:09','2016-10-28 01:52:09'),(4122,0,1,1,1,'未标题-6.jpg',115054,0,'http://ebiztop-tst.oss-cn-hangzhou.aliyuncs.com/school_0/ebiztop_admin/pics/147764832939171.jpg','2016-10-28 01:52:09','2016-10-28 01:52:09'),(4123,0,1,1,1,'风扇1.jpg',327355,0,'http://ebiztop-tst.oss-cn-hangzhou.aliyuncs.com/school_0/ebiztop_admin/pics/147764833942780.jpg','2016-10-28 01:52:19','2016-10-28 01:52:19'),(4124,0,1,1,1,'风扇2.jpg',320474,0,'http://ebiztop-tst.oss-cn-hangzhou.aliyuncs.com/school_0/ebiztop_admin/pics/147764834276593.jpg','2016-10-28 01:52:22','2016-10-28 01:52:22'),(4125,0,1,1,1,'风扇3.jpg',298099,0,'http://ebiztop-tst.oss-cn-hangzhou.aliyuncs.com/school_0/ebiztop_admin/pics/147764834510341.jpg','2016-10-28 01:52:25','2016-10-28 01:52:25'),(4126,0,1,1,1,'风扇4.jpg',308435,0,'http://ebiztop-tst.oss-cn-hangzhou.aliyuncs.com/school_0/ebiztop_admin/pics/147764834728120.jpg','2016-10-28 01:52:27','2016-10-28 01:52:27'),(4127,0,1,1,1,'风扇5.jpg',386236,0,'http://ebiztop-tst.oss-cn-hangzhou.aliyuncs.com/school_0/ebiztop_admin/pics/147764834942613.jpg','2016-10-28 01:52:29','2016-10-28 01:52:29'),(4128,0,1,1,1,'风扇6.jpg',338856,0,'http://ebiztop-tst.oss-cn-hangzhou.aliyuncs.com/school_0/ebiztop_admin/pics/147764835118748.jpg','2016-10-28 01:52:31','2016-10-28 01:52:31'),(4129,0,1,1,1,'风扇7.jpg',315969,0,'http://ebiztop-tst.oss-cn-hangzhou.aliyuncs.com/school_0/ebiztop_admin/pics/147764835322376.jpg','2016-10-28 01:52:33','2016-10-28 01:52:33'),(4130,0,1,1,1,'风扇8.jpg',426032,0,'http://ebiztop-tst.oss-cn-hangzhou.aliyuncs.com/school_0/ebiztop_admin/pics/147764835616070.jpg','2016-10-28 01:52:36','2016-10-28 01:52:36'),(4143,0,1,1,1,'1.jpg',67292,0,'http://ebiztop-tst.oss-cn-hangzhou.aliyuncs.com/school_0/ebiztop_admin/pics/147789850444157.jpg','2016-10-30 23:21:44','2016-10-30 23:21:44'),(4144,0,1,1,1,'2.jpg',127337,0,'http://ebiztop-tst.oss-cn-hangzhou.aliyuncs.com/school_0/ebiztop_admin/pics/147789852063906.jpg','2016-10-30 23:22:00','2016-10-30 23:22:00'),(4145,0,1,1,1,'5.jpg',38763,0,'http://ebiztop-tst.oss-cn-hangzhou.aliyuncs.com/school_0/ebiztop_admin/pics/147789853725724.jpg','2016-10-30 23:22:17','2016-10-30 23:22:17'),(4151,0,1,1,1,'mp3.jpg',284439,0,'http://ebiztop-tst.oss-cn-hangzhou.aliyuncs.com/school_0/ebiztop_admin/pics/147789951532599.jpg','2016-10-30 23:38:35','2016-10-30 23:38:35'),(4152,0,1,1,1,'mp3.jpg',1031695,0,'http://ebiztop-tst.oss-cn-hangzhou.aliyuncs.com/school_0/ebiztop_admin/pics/147790354119229.jpg','2016-10-31 00:45:41','2016-10-31 00:45:41'),(4153,0,1,1,1,'mp3.jpg',1031695,0,'http://ebiztop-tst.oss-cn-hangzhou.aliyuncs.com/school_0/ebiztop_admin/pics/147790387747802.jpg','2016-10-31 00:51:17','2016-10-31 00:51:17'),(4154,0,1,1,1,'mp3.jpg',1031695,0,'http://ebiztop-tst.oss-cn-hangzhou.aliyuncs.com/school_0/ebiztop_admin/pics/147790531015282.jpg','2016-10-31 01:15:10','2016-10-31 01:15:10'),(4155,0,1,1,1,'mp3.jpg',1031695,0,'http://ebiztop-tst.oss-cn-hangzhou.aliyuncs.com/school_0/ebiztop_admin/pics/147791041416735.jpg','2016-10-31 02:40:14','2016-10-31 02:40:14'),(4157,0,1,1,1,'ScreenClip.png',54876,0,'http://ebiztop-tst.oss-cn-hangzhou.aliyuncs.com/school_0/ebiztop_admin/pics/1477910669331.png','2016-10-31 02:44:30','2016-10-31 02:44:30'),(4158,0,1,1,1,'ScreenClip.png',384414,0,'http://ebiztop-tst.oss-cn-hangzhou.aliyuncs.com/school_0/ebiztop_admin/pics/147791071962802.png','2016-10-31 02:45:19','2016-10-31 02:45:19'),(4159,0,1,1,1,'ScreenClip.png',384414,0,'http://ebiztop-tst.oss-cn-hangzhou.aliyuncs.com/school_0/ebiztop_admin/pics/147791160932.png','2016-10-31 03:00:09','2016-10-31 03:00:09'),(4160,0,1,1,1,'mp3.jpg',1031695,0,'http://ebiztop-tst.oss-cn-hangzhou.aliyuncs.com/school_0/ebiztop_admin/pics/147791451932572.jpg','2016-10-31 03:48:39','2016-10-31 03:48:39'),(4161,0,1,1,1,'ScreenClip.png',384414,0,'http://ebiztop-tst.oss-cn-hangzhou.aliyuncs.com/school_0/ebiztop_admin/pics/147791453334131.png','2016-10-31 03:48:53','2016-10-31 03:48:53'),(4513,0,1,1,1,'未标题-1.jpg',1346776,0,'http://ebiztop-tst.oss-cn-hangzhou.aliyuncs.com/school_0/ebiztop_admin/pics/147807409797936.jpg','2016-11-02 00:08:17','2016-11-02 00:08:17'),(4514,0,1,1,1,'手表.jpg',1446914,0,'http://ebiztop-tst.oss-cn-hangzhou.aliyuncs.com/school_0/ebiztop_admin/pics/14780749051812.jpg','2016-11-02 00:21:45','2016-11-02 00:21:45'),(4515,0,1,1,1,'公仔.jpg',1139682,0,'http://ebiztop-tst.oss-cn-hangzhou.aliyuncs.com/school_0/ebiztop_admin/pics/147807558720315.jpg','2016-11-02 00:33:07','2016-11-02 00:33:07'),(4516,0,1,1,1,'公仔.jpg',1139682,0,'http://ebiztop-tst.oss-cn-hangzhou.aliyuncs.com/school_0/ebiztop_admin/pics/147807571894405.jpg','2016-11-02 00:35:18','2016-11-02 00:35:18'),(4517,0,1,1,1,'公仔长.jpg',1184540,0,'http://ebiztop-tst.oss-cn-hangzhou.aliyuncs.com/school_0/ebiztop_admin/pics/147807592532795.jpg','2016-11-02 00:38:45','2016-11-02 00:38:45'),(4518,0,1,1,1,'公仔16.jpg',420083,0,'http://ebiztop-tst.oss-cn-hangzhou.aliyuncs.com/school_0/ebiztop_admin/pics/147807593088301.jpg','2016-11-02 00:38:50','2016-11-02 00:38:50'),(4519,0,1,1,1,'公仔长.jpg',894156,0,'http://ebiztop-tst.oss-cn-hangzhou.aliyuncs.com/school_0/ebiztop_admin/pics/147807606872629.jpg','2016-11-02 00:41:08','2016-11-02 00:41:08'),(4520,0,1,1,1,'公仔长1.jpg',900663,0,'http://ebiztop-tst.oss-cn-hangzhou.aliyuncs.com/school_0/ebiztop_admin/pics/147807607626135.jpg','2016-11-02 00:41:16','2016-11-02 00:41:16'),(4521,0,1,1,1,'手机壳.jpg',978777,0,'http://ebiztop-tst.oss-cn-hangzhou.aliyuncs.com/school_0/ebiztop_admin/pics/147807623167113.jpg','2016-11-02 00:43:51','2016-11-02 00:43:51'),(4522,0,1,1,1,'mp3.jpg',1301658,0,'http://ebiztop-tst.oss-cn-hangzhou.aliyuncs.com/school_0/ebiztop_admin/pics/147807650257769.jpg','2016-11-02 00:48:22','2016-11-02 00:48:22'),(4523,0,1,1,1,'指甲油.jpg',983517,0,'http://ebiztop-tst.oss-cn-hangzhou.aliyuncs.com/school_0/ebiztop_admin/pics/147807671788240.jpg','2016-11-02 00:51:57','2016-11-02 00:51:57'),(4524,0,1,1,1,'手链.jpg',1000178,0,'http://ebiztop-tst.oss-cn-hangzhou.aliyuncs.com/school_0/ebiztop_admin/pics/147807733067087.jpg','2016-11-02 01:02:10','2016-11-02 01:02:10'),(4525,0,1,1,1,'皮带.jpg',1212630,0,'http://ebiztop-tst.oss-cn-hangzhou.aliyuncs.com/school_0/ebiztop_admin/pics/147807782821805.jpg','2016-11-02 01:10:28','2016-11-02 01:10:28'),(4526,0,1,1,1,'文具.jpg',1285018,0,'http://ebiztop-tst.oss-cn-hangzhou.aliyuncs.com/school_0/ebiztop_admin/pics/147807794699987.jpg','2016-11-02 01:12:26','2016-11-02 01:12:26'),(4527,0,1,1,1,'文具.jpg',1267002,0,'http://ebiztop-tst.oss-cn-hangzhou.aliyuncs.com/school_0/ebiztop_admin/pics/147807801984309.jpg','2016-11-02 01:13:39','2016-11-02 01:13:39'),(4528,0,1,1,1,'手表.jpg',1429202,0,'http://ebiztop-tst.oss-cn-hangzhou.aliyuncs.com/school_0/ebiztop_admin/pics/147807822555247.jpg','2016-11-02 01:17:05','2016-11-02 01:17:05'),(4529,0,1,1,1,'手机壳.jpg',1056506,0,'http://ebiztop-tst.oss-cn-hangzhou.aliyuncs.com/school_0/ebiztop_admin/pics/147807831631280.jpg','2016-11-02 01:18:36','2016-11-02 01:18:36'),(4530,0,1,1,1,'mp3.jpg',1270771,0,'http://ebiztop-tst.oss-cn-hangzhou.aliyuncs.com/school_0/ebiztop_admin/pics/147807839312150.jpg','2016-11-02 01:19:53','2016-11-02 01:19:53'),(4531,0,1,1,1,'指甲油.jpg',961762,0,'http://ebiztop-tst.oss-cn-hangzhou.aliyuncs.com/school_0/ebiztop_admin/pics/14780784676032.jpg','2016-11-02 01:21:07','2016-11-02 01:21:07'),(4532,0,1,1,1,'运动鞋.jpg',1454614,0,'http://ebiztop-tst.oss-cn-hangzhou.aliyuncs.com/school_0/ebiztop_admin/pics/147807855827727.jpg','2016-11-02 01:22:38','2016-11-02 01:22:38'),(4533,0,1,1,1,'运动鞋.jpg',1437205,0,'http://ebiztop-tst.oss-cn-hangzhou.aliyuncs.com/school_0/ebiztop_admin/pics/14780785961368.jpg','2016-11-02 01:23:16','2016-11-02 01:23:16'),(4534,0,1,1,1,'57cf45bbN305bef88.jpg',285305,0,'http://ebiztop-tst.oss-cn-hangzhou.aliyuncs.com/school_0/ebiztop_admin/pics/147807869120924.jpg','2016-11-02 01:24:51','2016-11-02 01:24:51'),(4535,0,1,1,1,'铲子.jpg',1029468,0,'http://ebiztop-tst.oss-cn-hangzhou.aliyuncs.com/school_0/ebiztop_admin/pics/147807873576215.jpg','2016-11-02 01:25:35','2016-11-02 01:25:35'),(4536,0,1,1,1,'风扇.jpg',1200584,0,'http://ebiztop-tst.oss-cn-hangzhou.aliyuncs.com/school_0/ebiztop_admin/pics/147807891459043.jpg','2016-11-02 01:28:34','2016-11-02 01:28:34'),(4537,0,1,1,1,'风扇.jpg',1178507,0,'http://ebiztop-tst.oss-cn-hangzhou.aliyuncs.com/school_0/ebiztop_admin/pics/147808301959460.jpg','2016-11-02 02:36:59','2016-11-02 02:36:59'),(4538,0,1,1,1,'7.jpg',198451,0,'http://ebiztop-tst.oss-cn-hangzhou.aliyuncs.com/school_0/ebiztop_admin/pics/147808406235704.jpg','2016-11-02 02:54:22','2016-11-02 02:54:22'),(4539,0,1,1,1,'7.jpg',191265,0,'http://ebiztop-tst.oss-cn-hangzhou.aliyuncs.com/school_0/ebiztop_admin/pics/147808445015835.jpg','2016-11-02 03:00:50','2016-11-02 03:00:50'),(4540,0,1,1,1,'3.jpg',89927,0,'http://ebiztop-tst.oss-cn-hangzhou.aliyuncs.com/school_0/ebiztop_admin/pics/147808445711620.jpg','2016-11-02 03:00:57','2016-11-02 03:00:57'),(5119,0,1,1,1,'主图1.jpg',125866,0,'/upload/image/20161116/1479259395806477.jpg','2016-11-15 17:23:15','2016-11-15 17:23:15'),(5120,0,1,1,1,'主图2.jpg',89574,0,'/upload/image/20161116/1479259395521504.jpg','2016-11-15 17:23:15','2016-11-15 17:23:15'),(5121,0,1,1,1,'主图3.jpg',98200,0,'/upload/image/20161116/1479259395390531.jpg','2016-11-15 17:23:15','2016-11-15 17:23:15'),(5122,0,1,1,1,'主图4.jpg',111945,0,'/upload/image/20161116/1479259395625718.jpg','2016-11-15 17:23:15','2016-11-15 17:23:15'),(5123,0,1,1,1,'主图5.jpg',109099,0,'/upload/image/20161116/1479259395818009.jpg','2016-11-15 17:23:16','2016-11-15 17:23:16'),(5124,0,1,1,1,'主图6.jpg',103936,0,'/upload/image/20161116/1479259396804449.jpg','2016-11-15 17:23:16','2016-11-15 17:23:16'),(5125,0,1,1,1,'未标题-1.jpg',1346776,0,'/upload/image/20161116/1479259409963520.jpg','2016-11-15 17:23:31','2016-11-15 17:23:31'),(5126,0,1,1,1,'主图1.jpg',144613,0,'/upload/image/20161116/1479259654225054.jpg','2016-11-15 17:27:34','2016-11-15 17:27:34'),(5127,0,1,1,1,'主图2.jpg',99394,0,'/upload/image/20161116/1479259654925483.jpg','2016-11-15 17:27:34','2016-11-15 17:27:34'),(5128,0,1,1,1,'主图3.jpg',109099,0,'/upload/image/20161116/1479259654946188.jpg','2016-11-15 17:27:34','2016-11-15 17:27:34'),(5129,0,1,1,1,'主图4.jpg',103740,0,'/upload/image/20161116/1479259654957808.jpg','2016-11-15 17:27:34','2016-11-15 17:27:34'),(5130,0,1,1,1,'主图5.jpg',76089,0,'/upload/image/20161116/1479259654561568.jpg','2016-11-15 17:27:35','2016-11-15 17:27:35'),(5131,0,1,1,1,'主图6.jpg',91824,0,'/upload/image/20161116/1479259654179203.jpg','2016-11-15 17:27:35','2016-11-15 17:27:35'),(5132,0,1,1,1,'手表.jpg',1429202,0,'/upload/image/20161116/1479259665587028.jpg','2016-11-15 17:27:47','2016-11-15 17:27:47'),(5133,0,1,1,1,'主图1.jpg',121669,0,'/upload/image/20161116/1479259730617201.jpg','2016-11-15 17:28:51','2016-11-15 17:28:51'),(5134,0,1,1,1,'主图2.jpg',84814,0,'/upload/image/20161116/1479259730901608.jpg','2016-11-15 17:28:51','2016-11-15 17:28:51'),(5135,0,1,1,1,'主图3.jpg',91990,0,'/upload/image/20161116/1479259730365263.jpg','2016-11-15 17:28:51','2016-11-15 17:28:51'),(5136,0,1,1,1,'主图4.jpg',79084,0,'/upload/image/20161116/1479259731170232.jpg','2016-11-15 17:28:51','2016-11-15 17:28:51'),(5137,0,1,1,1,'主图5.jpg',78972,0,'/upload/image/20161116/1479259731621236.jpg','2016-11-15 17:28:51','2016-11-15 17:28:51'),(5138,0,1,1,1,'主图6.jpg',124164,0,'/upload/image/20161116/1479259731352030.jpg','2016-11-15 17:28:51','2016-11-15 17:28:51'),(5139,0,1,1,1,'公仔长.jpg',894156,0,'/upload/image/20161116/1479259752532641.jpg','2016-11-15 17:29:13','2016-11-15 17:29:13'),(5140,0,1,1,1,'公仔长1.jpg',900663,0,'/upload/image/20161116/1479259765519957.jpg','2016-11-15 17:29:26','2016-11-15 17:29:26'),(5141,0,1,1,1,'主图1.jpg',90258,0,'/upload/image/20161116/1479259897352996.jpg','2016-11-15 17:31:37','2016-11-15 17:31:37'),(5142,0,1,1,1,'主图2.jpg',79911,0,'/upload/image/20161116/1479259897534792.jpg','2016-11-15 17:31:37','2016-11-15 17:31:37'),(5143,0,1,1,1,'主图3.jpg',72593,0,'/upload/image/20161116/1479259897955634.jpg','2016-11-15 17:31:38','2016-11-15 17:31:38'),(5144,0,1,1,1,'主图4.jpg',75601,0,'/upload/image/20161116/1479259898462729.jpg','2016-11-15 17:31:38','2016-11-15 17:31:38'),(5145,0,1,1,1,'主图5.jpg',89460,0,'/upload/image/20161116/1479259898483889.jpg','2016-11-15 17:31:38','2016-11-15 17:31:38'),(5146,0,1,1,1,'主图6.jpg',74311,0,'/upload/image/20161116/1479259898514672.jpg','2016-11-15 17:31:38','2016-11-15 17:31:38'),(5147,0,1,1,1,'手机壳.jpg',1056506,0,'/upload/image/20161116/1479259909525132.jpg','2016-11-15 17:31:51','2016-11-15 17:31:51'),(5148,0,1,1,1,'主图1.jpg',116703,0,'/upload/image/20161116/1479260092834001.jpg','2016-11-15 17:34:52','2016-11-15 17:34:52'),(5149,0,1,1,1,'主图2.jpg',89604,0,'/upload/image/20161116/1479260092261349.jpg','2016-11-15 17:34:52','2016-11-15 17:34:52'),(5150,0,1,1,1,'主图3.jpg',97191,0,'/upload/image/20161116/1479260092532233.jpg','2016-11-15 17:34:52','2016-11-15 17:34:52'),(5151,0,1,1,1,'主图4.jpg',84425,0,'/upload/image/20161116/1479260092540160.jpg','2016-11-15 17:34:52','2016-11-15 17:34:52'),(5152,0,1,1,1,'主图5.jpg',89708,0,'/upload/image/20161116/1479260092297107.jpg','2016-11-15 17:34:52','2016-11-15 17:34:52'),(5153,0,1,1,1,'主图6.jpg',101811,0,'/upload/image/20161116/1479260092128842.jpg','2016-11-15 17:34:52','2016-11-15 17:34:52'),(5154,0,1,1,1,'mp3.jpg',1270771,0,'/upload/image/20161116/1479260106412113.jpg','2016-11-15 17:35:08','2016-11-15 17:35:08'),(5155,0,1,1,1,'主图1.jpg',95226,0,'/upload/image/20161116/1479260281896301.jpg','2016-11-15 17:38:01','2016-11-15 17:38:01'),(5156,0,1,1,1,'主图2.jpg',62133,0,'/upload/image/20161116/1479260281925258.jpg','2016-11-15 17:38:02','2016-11-15 17:38:02'),(5157,0,1,1,1,'主图3.jpg',59981,0,'/upload/image/20161116/1479260281390410.jpg','2016-11-15 17:38:02','2016-11-15 17:38:02'),(5158,0,1,1,1,'主图4.jpg',56682,0,'/upload/image/20161116/1479260282752513.jpg','2016-11-15 17:38:02','2016-11-15 17:38:02'),(5159,0,1,1,1,'主图5.jpg',72787,0,'/upload/image/20161116/1479260282134257.jpg','2016-11-15 17:38:02','2016-11-15 17:38:02'),(5160,0,1,1,1,'主图6.jpg',63290,0,'/upload/image/20161116/1479260282618431.jpg','2016-11-15 17:38:02','2016-11-15 17:38:02'),(5161,0,1,1,1,'指甲油.jpg',961762,0,'/upload/image/20161116/1479260295439954.jpg','2016-11-15 17:38:17','2016-11-15 17:38:17'),(5162,0,1,1,1,'主图1.jpg',78505,0,'/upload/image/20161116/1479260364756693.jpg','2016-11-15 17:39:24','2016-11-15 17:39:24'),(5163,0,1,1,1,'主图2.jpg',76440,0,'/upload/image/20161116/1479260364867313.jpg','2016-11-15 17:39:25','2016-11-15 17:39:25'),(5164,0,1,1,1,'主图3.jpg',74969,0,'/upload/image/20161116/1479260364382430.jpg','2016-11-15 17:39:25','2016-11-15 17:39:25'),(5165,0,1,1,1,'主图4.jpg',69937,0,'/upload/image/20161116/1479260365246037.jpg','2016-11-15 17:39:25','2016-11-15 17:39:25'),(5166,0,1,1,1,'主图5.jpg',89433,0,'/upload/image/20161116/1479260365520760.jpg','2016-11-15 17:39:25','2016-11-15 17:39:25'),(5167,0,1,1,1,'主图6.jpg',97110,0,'/upload/image/20161116/1479260365556868.jpg','2016-11-15 17:39:25','2016-11-15 17:39:25'),(5168,0,1,1,1,'手链.jpg',1000178,0,'/upload/image/20161116/1479260376475786.jpg','2016-11-15 17:39:38','2016-11-15 17:39:38'),(5169,0,1,1,1,'主图1.jpg',113985,0,'/upload/image/20161116/1479260442261485.jpg','2016-11-15 17:40:43','2016-11-15 17:40:43'),(5170,0,1,1,1,'主图2.jpg',72491,0,'/upload/image/20161116/1479260443304590.jpg','2016-11-15 17:40:43','2016-11-15 17:40:43'),(5171,0,1,1,1,'主图3.jpg',124536,0,'/upload/image/20161116/1479260443531317.jpg','2016-11-15 17:40:43','2016-11-15 17:40:43'),(5172,0,1,1,1,'主图4.jpg',73568,0,'/upload/image/20161116/1479260443919387.jpg','2016-11-15 17:40:43','2016-11-15 17:40:43'),(5173,0,1,1,1,'主图5.jpg',113931,0,'/upload/image/20161116/1479260443816699.jpg','2016-11-15 17:40:43','2016-11-15 17:40:43'),(5174,0,1,1,1,'主图6.jpg',82506,0,'/upload/image/20161116/1479260443723135.jpg','2016-11-15 17:40:43','2016-11-15 17:40:43'),(5175,0,1,1,1,'皮带.jpg',1212630,0,'/upload/image/20161116/1479260457223623.jpg','2016-11-15 17:40:58','2016-11-15 17:40:58'),(5176,0,1,1,1,'主图1.jpg',142071,0,'/upload/image/20161116/1479260517418110.jpg','2016-11-15 17:41:57','2016-11-15 17:41:57'),(5177,0,1,1,1,'主图2.jpg',130081,0,'/upload/image/20161116/1479260517929448.jpg','2016-11-15 17:41:57','2016-11-15 17:41:57'),(5178,0,1,1,1,'主图3.jpg',131500,0,'/upload/image/20161116/1479260517939595.jpg','2016-11-15 17:41:57','2016-11-15 17:41:57'),(5179,0,1,1,1,'主图4.jpg',112427,0,'/upload/image/20161116/1479260517706310.jpg','2016-11-15 17:41:57','2016-11-15 17:41:57'),(5180,0,1,1,1,'主图5.jpg',116815,0,'/upload/image/20161116/1479260517439168.jpg','2016-11-15 17:41:57','2016-11-15 17:41:57'),(5181,0,1,1,1,'主图6.jpg',157640,0,'/upload/image/20161116/1479260517430604.jpg','2016-11-15 17:41:57','2016-11-15 17:41:57'),(5182,0,1,1,1,'文具.jpg',1267002,0,'/upload/image/20161116/1479260529323569.jpg','2016-11-15 17:42:10','2016-11-15 17:42:10'),(5183,0,1,1,1,'主图1.jpg',170968,0,'/upload/image/20161116/1479260574221344.jpg','2016-11-15 17:42:54','2016-11-15 17:42:54'),(5184,0,1,1,1,'主图2.jpg',135084,0,'/upload/image/20161116/1479260574678027.jpg','2016-11-15 17:42:55','2016-11-15 17:42:55'),(5185,0,1,1,1,'主图3.jpg',61148,0,'/upload/image/20161116/1479260575244956.jpg','2016-11-15 17:42:55','2016-11-15 17:42:55'),(5186,0,1,1,1,'主图4.jpg',134487,0,'/upload/image/20161116/1479260575464192.jpg','2016-11-15 17:42:55','2016-11-15 17:42:55'),(5187,0,1,1,1,'主图5.jpg',137333,0,'/upload/image/20161116/1479260575681860.jpg','2016-11-15 17:42:55','2016-11-15 17:42:55'),(5188,0,1,1,1,'主图6.jpg',163016,0,'/upload/image/20161116/1479260575508808.jpg','2016-11-15 17:42:55','2016-11-15 17:42:55'),(5189,0,1,1,1,'运动鞋.jpg',1437205,0,'/upload/image/20161116/1479260589466005.jpg','2016-11-15 17:43:10','2016-11-15 17:43:10'),(5190,0,1,1,1,'主图1.jpg',125866,0,'/upload/image/20161116/1479260735576942.jpg','2016-11-15 17:45:35','2016-11-15 17:45:35'),(5191,0,1,1,1,'主图白.jpg',97793,0,'/upload/image/20161116/1479260741735260.jpg','2016-11-15 17:45:41','2016-11-15 17:45:41'),(5192,0,1,1,1,'主图2.jpg',89574,0,'/upload/image/20161116/1479260745570648.jpg','2016-11-15 17:45:45','2016-11-15 17:45:45'),(5193,0,1,1,1,'主图3.jpg',98200,0,'/upload/image/20161116/1479260751218389.jpg','2016-11-15 17:45:52','2016-11-15 17:45:52'),(5194,0,1,1,1,'主图4.jpg',111945,0,'/upload/image/20161116/1479260755941264.jpg','2016-11-15 17:45:55','2016-11-15 17:45:55'),(5195,0,1,1,1,'主图5.jpg',109099,0,'/upload/image/20161116/1479260758281699.jpg','2016-11-15 17:45:58','2016-11-15 17:45:58'),(5196,0,1,1,1,'主图5.jpg',109099,0,'/upload/image/20161116/1479260777829234.jpg','2016-11-15 17:46:17','2016-11-15 17:46:17'),(5197,0,1,1,1,'主图6.jpg',103936,0,'/upload/image/20161116/1479260780989460.jpg','2016-11-15 17:46:20','2016-11-15 17:46:20'),(5198,0,1,1,1,'主图7.jpg',94049,0,'/upload/image/20161116/1479260783355911.jpg','2016-11-15 17:46:24','2016-11-15 17:46:24'),(5199,0,1,1,1,'主图8.jpg',140881,0,'/upload/image/20161116/1479260787280864.jpg','2016-11-15 17:46:27','2016-11-15 17:46:27'),(5200,0,1,1,1,'主图9.jpg',138715,0,'/upload/image/20161116/1479260791815599.jpg','2016-11-15 17:46:31','2016-11-15 17:46:31'),(5201,0,1,1,1,'主图白.jpg',69656,0,'/upload/image/20161116/1479261350626929.jpg','2016-11-15 17:55:50','2016-11-15 17:55:50'),(5202,0,1,1,1,'主图1.jpg',116703,0,'/upload/image/20161116/1479261357614989.jpg','2016-11-15 17:55:57','2016-11-15 17:55:57'),(5203,0,1,1,1,'主图2.jpg',89604,0,'/upload/image/20161116/1479261364774510.jpg','2016-11-15 17:56:05','2016-11-15 17:56:05'),(5204,0,1,1,1,'主图3.jpg',97191,0,'/upload/image/20161116/1479261370480976.jpg','2016-11-15 17:56:10','2016-11-15 17:56:10'),(5205,0,1,1,1,'主图4.jpg',84425,0,'/upload/image/20161116/1479261374259876.jpg','2016-11-15 17:56:14','2016-11-15 17:56:14'),(5206,0,1,1,1,'主图5.jpg',89708,0,'/upload/image/20161116/1479261377149731.jpg','2016-11-15 17:56:17','2016-11-15 17:56:17'),(5207,0,1,1,1,'主图6.jpg',101811,0,'/upload/image/20161116/1479261383517469.jpg','2016-11-15 17:56:23','2016-11-15 17:56:23'),(5208,0,1,1,1,'主图7.jpg',98202,0,'/upload/image/20161116/1479261387535384.jpg','2016-11-15 17:56:27','2016-11-15 17:56:27'),(5209,0,1,1,1,'主图8.jpg',121402,0,'/upload/image/20161116/1479261390198679.jpg','2016-11-15 17:56:30','2016-11-15 17:56:30'),(5210,0,1,1,1,'主图1.jpg',144613,0,'/upload/image/20161116/1479261461385768.jpg','2016-11-15 17:57:42','2016-11-15 17:57:42'),(5211,0,1,1,1,'主图2.jpg',99394,0,'/upload/image/20161116/1479261466755561.jpg','2016-11-15 17:57:46','2016-11-15 17:57:46'),(5212,0,1,1,1,'主图3.jpg',109099,0,'/upload/image/20161116/1479261470910311.jpg','2016-11-15 17:57:51','2016-11-15 17:57:51'),(5213,0,1,1,1,'主图4.jpg',103740,0,'/upload/image/20161116/1479261474333122.jpg','2016-11-15 17:57:54','2016-11-15 17:57:54'),(5214,0,1,1,1,'主图5.jpg',76089,0,'/upload/image/20161116/1479261477353018.jpg','2016-11-15 17:57:57','2016-11-15 17:57:57'),(5215,0,1,1,1,'主图6.jpg',91824,0,'/upload/image/20161116/1479261487381713.jpg','2016-11-15 17:58:07','2016-11-15 17:58:07'),(5216,0,1,1,1,'主图4.jpg',103740,0,'/upload/image/20161116/1479261491973877.jpg','2016-11-15 17:58:11','2016-11-15 17:58:11'),(5217,0,1,1,1,'主图7.jpg',83990,0,'/upload/image/20161116/1479261494863357.jpg','2016-11-15 17:58:14','2016-11-15 17:58:14'),(5218,0,1,1,1,'主图8.jpg',84063,0,'/upload/image/20161116/1479261503250644.jpg','2016-11-15 17:58:23','2016-11-15 17:58:23'),(5219,0,1,1,1,'主图9.jpg',92055,0,'/upload/image/20161116/1479261506840692.jpg','2016-11-15 17:58:27','2016-11-15 17:58:27'),(5220,0,1,1,1,'主图9.jpg',92055,0,'/upload/image/20161116/1479261512829569.jpg','2016-11-15 17:58:32','2016-11-15 17:58:32'),(5221,0,1,1,1,'主图7.jpg',83990,0,'/upload/image/20161116/1479261517396116.jpg','2016-11-15 17:58:37','2016-11-15 17:58:37'),(5222,0,1,1,1,'主图1.jpg',65214,0,'/upload/image/20161116/1479261552834982.jpg','2016-11-15 17:59:12','2016-11-15 17:59:12'),(5223,0,1,1,1,'主图2.jpg',66049,0,'/upload/image/20161116/1479261553150052.jpg','2016-11-15 17:59:13','2016-11-15 17:59:13'),(5224,0,1,1,1,'主图3.jpg',57088,0,'/upload/image/20161116/1479261553893096.jpg','2016-11-15 17:59:13','2016-11-15 17:59:13'),(5225,0,1,1,1,'主图4.jpg',61154,0,'/upload/image/20161116/1479261553920978.jpg','2016-11-15 17:59:13','2016-11-15 17:59:13'),(5226,0,1,1,1,'主图5.jpg',62151,0,'/upload/image/20161116/1479261553722011.jpg','2016-11-15 17:59:13','2016-11-15 17:59:13'),(5227,0,1,1,1,'主图6.jpg',75508,0,'/upload/image/20161116/1479261553122042.jpg','2016-11-15 17:59:13','2016-11-15 17:59:13'),(5228,0,1,1,1,'铲子.jpg',1029468,0,'/upload/image/20161116/1479261564644453.jpg','2016-11-15 17:59:25','2016-11-15 17:59:25'),(5229,0,1,1,1,'主图1.jpg',143936,0,'/upload/image/20161116/1479261609136580.jpg','2016-11-15 18:00:09','2016-11-15 18:00:09'),(5230,0,1,1,1,'主图2.jpg',135592,0,'/upload/image/20161116/1479261609715263.jpg','2016-11-15 18:00:09','2016-11-15 18:00:09'),(5231,0,1,1,1,'主图3.jpg',125463,0,'/upload/image/20161116/1479261609210140.jpg','2016-11-15 18:00:09','2016-11-15 18:00:09'),(5232,0,1,1,1,'主图4.jpg',112968,0,'/upload/image/20161116/1479261609893870.jpg','2016-11-15 18:00:10','2016-11-15 18:00:10'),(5233,0,1,1,1,'主图5.jpg',160721,0,'/upload/image/20161116/1479261609630468.jpg','2016-11-15 18:00:10','2016-11-15 18:00:10'),(5234,0,1,1,1,'主图6.jpg',115054,0,'/upload/image/20161116/1479261610107238.jpg','2016-11-15 18:00:10','2016-11-15 18:00:10'),(5235,0,1,1,1,'风扇.jpg',1178507,0,'/upload/image/20161116/1479261619769111.jpg','2016-11-15 18:00:21','2016-11-15 18:00:21'),(5239,0,1,1,1,'图片1.png',79014,0,'/upload/image/20161116/1479296840256067.png','2016-11-16 03:47:20','2016-11-16 03:47:20'),(5240,0,1,1,1,'图片1.png',79014,0,'/upload/image/20161116/1479296843442030.png','2016-11-16 03:47:23','2016-11-16 03:47:23'),(5241,0,1,1,1,'图片1.png',79014,0,'/upload/image/20161116/1479296846677007.png','2016-11-16 03:47:26','2016-11-16 03:47:26'),(5242,0,1,1,1,'图片1.png',79014,0,'/upload/image/20161116/1479296849725487.png','2016-11-16 03:47:29','2016-11-16 03:47:29'),(5243,0,1,1,1,'图片1.png',79014,0,'/upload/image/20161116/1479296853550735.png','2016-11-16 03:47:33','2016-11-16 03:47:33'),(5244,0,1,1,1,'图片1.png',79014,0,'/upload/image/20161116/1479296857509572.png','2016-11-16 03:47:37','2016-11-16 03:47:37');
/*!40000 ALTER TABLE `user_pics` ENABLE KEYS */;
UNLOCK TABLES;
/*!40103 SET TIME_ZONE=@OLD_TIME_ZONE */;

/*!40101 SET SQL_MODE=@OLD_SQL_MODE */;
/*!40014 SET FOREIGN_KEY_CHECKS=@OLD_FOREIGN_KEY_CHECKS */;
/*!40014 SET UNIQUE_CHECKS=@OLD_UNIQUE_CHECKS */;
/*!40101 SET CHARACTER_SET_CLIENT=@OLD_CHARACTER_SET_CLIENT */;
/*!40101 SET CHARACTER_SET_RESULTS=@OLD_CHARACTER_SET_RESULTS */;
/*!40101 SET COLLATION_CONNECTION=@OLD_COLLATION_CONNECTION */;
/*!40111 SET SQL_NOTES=@OLD_SQL_NOTES */;

-- Dump completed on 2016-11-23 17:53:10
-- MySQL dump 10.13  Distrib 5.7.12, for Linux (x86_64)
--
-- Host: rdsnntwuizj75mjskmgr3.mysql.rds.aliyuncs.com    Database: ebiztop
-- ------------------------------------------------------
-- Server version	5.6.29

/*!40101 SET @OLD_CHARACTER_SET_CLIENT=@@CHARACTER_SET_CLIENT */;
/*!40101 SET @OLD_CHARACTER_SET_RESULTS=@@CHARACTER_SET_RESULTS */;
/*!40101 SET @OLD_COLLATION_CONNECTION=@@COLLATION_CONNECTION */;
/*!40101 SET NAMES utf8 */;
/*!40103 SET @OLD_TIME_ZONE=@@TIME_ZONE */;
/*!40103 SET TIME_ZONE='+00:00' */;
/*!40014 SET @OLD_UNIQUE_CHECKS=@@UNIQUE_CHECKS, UNIQUE_CHECKS=0 */;
/*!40014 SET @OLD_FOREIGN_KEY_CHECKS=@@FOREIGN_KEY_CHECKS, FOREIGN_KEY_CHECKS=0 */;
/*!40101 SET @OLD_SQL_MODE=@@SQL_MODE, SQL_MODE='NO_AUTO_VALUE_ON_ZERO' */;
/*!40111 SET @OLD_SQL_NOTES=@@SQL_NOTES, SQL_NOTES=0 */;

--
-- Table structure for table `tests`
--

DROP TABLE IF EXISTS `tests`;
/*!40101 SET @saved_cs_client     = @@character_set_client */;
/*!40101 SET character_set_client = utf8 */;
CREATE TABLE `tests` (
  `id` int(10) unsigned NOT NULL AUTO_INCREMENT,
  `name` varchar(50) COLLATE utf8_unicode_ci NOT NULL COMMENT '平台实验中文名称',
  `ename` varchar(50) COLLATE utf8_unicode_ci NOT NULL COMMENT '平台实验英文名称',
  `platform_id` int(10) unsigned NOT NULL COMMENT '实验所属的平台',
  `has_case` tinyint(1) NOT NULL COMMENT '是否已生成实验案例。',
  `created_at` timestamp NULL DEFAULT NULL,
  `updated_at` timestamp NULL DEFAULT NULL,
  `test_catalog_id` int(10) unsigned NOT NULL COMMENT '实验分类id',
  PRIMARY KEY (`id`),
  KEY `tests_platform_id_index` (`platform_id`),
  KEY `tests_name_index` (`name`),
  CONSTRAINT `tests_platform_id_foreign` FOREIGN KEY (`platform_id`) REFERENCES `platforms` (`id`)
) ENGINE=InnoDB AUTO_INCREMENT=48 DEFAULT CHARSET=utf8 COLLATE=utf8_unicode_ci COMMENT='平台实验表（产品表）';
/*!40101 SET character_set_client = @saved_cs_client */;

--
-- Dumping data for table `tests`
--
-- WHERE:  id in (select test_id from school_tests where school_id=30)

LOCK TABLES `tests` WRITE;
/*!40000 ALTER TABLE `tests` DISABLE KEYS */;
INSERT INTO `tests` VALUES (5,'童鞋','Baby Shoes',1,1,'2016-06-17 07:00:28','2016-11-21 22:34:48',1),(12,'手表','Watch',1,1,'2016-06-29 11:44:58','2016-11-20 18:29:30',5),(13,'手办','Action Figure',1,1,'2016-07-04 11:30:37','2016-11-15 17:31:00',10),(15,'手机壳','Phone Case',1,1,'2016-07-06 02:48:44','2016-11-21 22:31:31',3),(16,'MP3','MP3 ',1,1,'2016-07-06 02:57:19','2016-11-20 21:20:51',12),(31,'指甲油','Nail Polish',1,1,'2016-08-30 02:24:54','2016-11-15 17:38:28',2),(32,'手链','Bracelet',1,1,'2016-08-30 03:06:51','2016-11-15 17:39:56',4),(34,'皮带',' Belt',1,1,'2016-08-30 06:17:41','2016-11-15 17:41:07',6),(37,'彩铅','Colored Pencil',1,1,'2016-09-21 11:28:54','2016-11-15 17:42:18',11),(38,'跑步鞋','Running Shoes',1,1,'2016-09-22 09:10:19','2016-11-15 18:34:25',13),(39,'亚马逊童鞋','Amazon Baby Shoes',3,1,'2016-09-25 15:19:10','2016-11-21 22:59:28',1),(40,'亚马逊MP3','Amazon MP3',3,1,'2016-09-26 01:49:00','2016-11-21 22:54:41',12),(42,'亚马逊手表','Amazon Watch',3,1,'2016-09-30 06:28:52','2016-11-17 01:15:15',5),(44,'园艺铲子','Gardening Shovel',1,1,'2016-10-11 06:06:26','2016-11-15 17:59:31',14),(46,'USB风扇','USB Fan',1,1,'2016-10-11 11:50:02','2016-11-15 18:00:34',15);
/*!40000 ALTER TABLE `tests` ENABLE KEYS */;
UNLOCK TABLES;
/*!40103 SET TIME_ZONE=@OLD_TIME_ZONE */;

/*!40101 SET SQL_MODE=@OLD_SQL_MODE */;
/*!40014 SET FOREIGN_KEY_CHECKS=@OLD_FOREIGN_KEY_CHECKS */;
/*!40014 SET UNIQUE_CHECKS=@OLD_UNIQUE_CHECKS */;
/*!40101 SET CHARACTER_SET_CLIENT=@OLD_CHARACTER_SET_CLIENT */;
/*!40101 SET CHARACTER_SET_RESULTS=@OLD_CHARACTER_SET_RESULTS */;
/*!40101 SET COLLATION_CONNECTION=@OLD_COLLATION_CONNECTION */;
/*!40111 SET SQL_NOTES=@OLD_SQL_NOTES */;

-- Dump completed on 2016-11-23 17:53:10
-- MySQL dump 10.13  Distrib 5.7.12, for Linux (x86_64)
--
-- Host: rdsnntwuizj75mjskmgr3.mysql.rds.aliyuncs.com    Database: ebiztop
-- ------------------------------------------------------
-- Server version	5.6.29

/*!40101 SET @OLD_CHARACTER_SET_CLIENT=@@CHARACTER_SET_CLIENT */;
/*!40101 SET @OLD_CHARACTER_SET_RESULTS=@@CHARACTER_SET_RESULTS */;
/*!40101 SET @OLD_COLLATION_CONNECTION=@@COLLATION_CONNECTION */;
/*!40101 SET NAMES utf8 */;
/*!40103 SET @OLD_TIME_ZONE=@@TIME_ZONE */;
/*!40103 SET TIME_ZONE='+00:00' */;
/*!40014 SET @OLD_UNIQUE_CHECKS=@@UNIQUE_CHECKS, UNIQUE_CHECKS=0 */;
/*!40014 SET @OLD_FOREIGN_KEY_CHECKS=@@FOREIGN_KEY_CHECKS, FOREIGN_KEY_CHECKS=0 */;
/*!40101 SET @OLD_SQL_MODE=@@SQL_MODE, SQL_MODE='NO_AUTO_VALUE_ON_ZERO' */;
/*!40111 SET @OLD_SQL_NOTES=@@SQL_NOTES, SQL_NOTES=0 */;

--
-- Table structure for table `test_evaluations`
--

DROP TABLE IF EXISTS `test_evaluations`;
/*!40101 SET @saved_cs_client     = @@character_set_client */;
/*!40101 SET character_set_client = utf8 */;
CREATE TABLE `test_evaluations` (
  `id` int(10) unsigned NOT NULL AUTO_INCREMENT,
  `school_id` int(10) unsigned NOT NULL COMMENT '实验案例所有学校id，不同的学校可能授权相同的实验',
  `user_id` int(10) unsigned NOT NULL COMMENT '创建评分标准的用户id',
  `test_id` int(10) unsigned NOT NULL COMMENT '实验id',
  `title_keys` varchar(200) COLLATE utf8_unicode_ci NOT NULL COMMENT '产品要求标题关键字，多个以逗号分隔',
  `main_pics` int(10) unsigned NOT NULL COMMENT '产品主要图片要求数量',
  `desc_pics` int(10) unsigned NOT NULL COMMENT '产品详情要求图片数量',
  `attr_write_rate` int(10) unsigned NOT NULL COMMENT '产品属性填写率',
  `teacher_note` varchar(500) COLLATE utf8_unicode_ci NOT NULL COMMENT '教师要求',
  `type` smallint(6) NOT NULL COMMENT '生成类型，0=运营创建实例生成，1=教师根据运营修改后的评价标准',
  `created_at` timestamp NULL DEFAULT NULL,
  `updated_at` timestamp NULL DEFAULT NULL,
  `class_hour` int(10) unsigned DEFAULT NULL COMMENT '课时',
  PRIMARY KEY (`id`),
  KEY `test_evaluations_school_id_index` (`school_id`),
  KEY `test_evaluations_test_id_index` (`test_id`),
  KEY `test_evaluations_user_id_index` (`user_id`),
  CONSTRAINT `test_evaluations_test_id_foreign` FOREIGN KEY (`test_id`) REFERENCES `tests` (`id`),
  CONSTRAINT `test_evaluations_user_id_foreign` FOREIGN KEY (`user_id`) REFERENCES `users` (`id`)
) ENGINE=InnoDB AUTO_INCREMENT=79 DEFAULT CHARSET=utf8 COLLATE=utf8_unicode_ci COMMENT='实验评分标准表';
/*!40101 SET character_set_client = @saved_cs_client */;

--
-- Dumping data for table `test_evaluations`
--
-- WHERE:  school_id=0

LOCK TABLES `test_evaluations` WRITE;
/*!40000 ALTER TABLE `test_evaluations` DISABLE KEYS */;
INSERT INTO `test_evaluations` VALUES (2,0,1,2,'ring,rings,wedding,lover,fashion',5,8,85,'要求认真仔细 不要拍无关的照片',0,'2016-06-16 06:05:38','2016-10-19 08:55:32',15),(5,0,1,5,'shoes,shoe,child,children,girl,girls,baby,soft,summer,cute',6,6,85,'一学期',0,'2016-06-17 07:00:28','2016-11-07 03:17:51',24),(13,0,1,12,'watch,fashion,man,watches,time,men,causual',6,6,85,'飞机飞打开地方看看',0,'2016-06-29 11:44:58','2016-11-22 00:49:40',40),(21,0,1,15,'phone,cases,shell,mobile,inch, inches,slim,clear,flexible,soft',6,6,85,'图片干净整洁',0,'2016-07-06 02:48:44','2016-11-07 03:15:23',24),(22,0,1,16,'MP3,player,mini,walkman,sport,fashion,USB,flash disk',6,6,85,'',0,'2016-07-06 02:57:19','2016-11-01 23:15:25',NULL),(28,0,1,13,'dolls,stuffed toys,Baby toy, play,figure,figures,set,action',6,12,85,'',0,'2016-07-07 11:47:39','2016-11-22 00:52:29',24),(29,0,1,21,'New Pretty Waterproof Magic Fruity Smell Changable Color Lipstick Lip Cream PO',6,10,85,'',0,'2016-07-07 12:26:13','2016-08-23 08:48:41',NULL),(33,0,1,25,'Tools,hammer',6,10,85,'',0,'2016-07-08 07:52:07','2016-08-22 06:58:57',NULL),(50,0,1,31,'nail polish,beautiful,woman,Cosmetics,Cosmetology,nail,polish,beauty,set',6,12,85,'',0,'2016-08-30 02:24:54','2016-10-31 00:54:10',NULL),(51,0,1,32,'bracelet,woman,fashion,fine,blue crystal,bangle,women,crystal,blue',6,6,85,'',0,'2016-08-30 03:06:51','2016-10-31 00:57:23',NULL),(52,0,1,33,'women woman handbag bag',6,10,95,'',0,'2016-08-30 06:07:56','2016-08-30 06:07:56',NULL),(53,0,1,34,'belt,man,men,black,leather,business,leisure,casual',6,6,85,'',0,'2016-08-30 06:17:41','2016-11-01 03:39:06',NULL),(54,0,1,35,'baby,kids,boy,girl,clothing,sets,fashion,new,suits',6,10,85,'',0,'2016-08-30 06:37:23','2016-08-30 06:37:23',NULL),(59,0,1,37,'office,school,supplies,pencil, colored, colour, pens,colorful, colourful',6,8,85,'',0,'2016-09-21 11:28:54','2016-11-22 00:57:46',24),(60,0,1,38,'sport,running,shoes,fashion,sports,shoe,light weight,sneaker,sneakers',6,6,85,'',0,'2016-09-22 09:10:19','2016-10-31 01:22:37',NULL),(61,0,1,39,'shoes,shoe,child,children,girl,girls,baby,soft,summer,cute',9,0,85,'电话那颠三倒四的世界经济的实际借口借口借口借口借口',0,'2016-09-25 15:19:10','2016-11-22 01:28:54',48),(62,0,1,40,'MP3,player,mini,walkman,fashion,sport,USB,flash disk',9,0,85,'',0,'2016-09-26 01:49:00','2016-10-31 01:28:39',NULL),(64,0,1,42,'watch,fashion,man,watches,time,men,causual',9,0,85,'',0,'2016-09-30 06:28:52','2016-10-31 01:28:10',NULL),(66,0,1,44,'shovel,iron,shovels,small,shovel gardening,gardening,tool,tools,home',6,8,85,'',0,'2016-10-11 06:06:26','2016-10-31 01:24:59',NULL),(71,0,1,46,' small,fan,USB,mini,fans,table,desk',6,6,85,'',0,'2016-10-11 11:50:02','2016-10-31 01:26:29',NULL),(76,0,1,41,'sport,running,shoes,fashion, sports,shoe,light weight, sneaker,sneakers',9,0,80,'',0,'2016-11-02 01:02:17','2016-11-02 01:02:17',NULL);
/*!40000 ALTER TABLE `test_evaluations` ENABLE KEYS */;
UNLOCK TABLES;
/*!40103 SET TIME_ZONE=@OLD_TIME_ZONE */;

/*!40101 SET SQL_MODE=@OLD_SQL_MODE */;
/*!40014 SET FOREIGN_KEY_CHECKS=@OLD_FOREIGN_KEY_CHECKS */;
/*!40014 SET UNIQUE_CHECKS=@OLD_UNIQUE_CHECKS */;
/*!40101 SET CHARACTER_SET_CLIENT=@OLD_CHARACTER_SET_CLIENT */;
/*!40101 SET CHARACTER_SET_RESULTS=@OLD_CHARACTER_SET_RESULTS */;
/*!40101 SET COLLATION_CONNECTION=@OLD_COLLATION_CONNECTION */;
/*!40111 SET SQL_NOTES=@OLD_SQL_NOTES */;

-- Dump completed on 2016-11-23 17:53:10
-- MySQL dump 10.13  Distrib 5.7.12, for Linux (x86_64)
--
-- Host: rdsnntwuizj75mjskmgr3.mysql.rds.aliyuncs.com    Database: ebiztop
-- ------------------------------------------------------
-- Server version	5.6.29

/*!40101 SET @OLD_CHARACTER_SET_CLIENT=@@CHARACTER_SET_CLIENT */;
/*!40101 SET @OLD_CHARACTER_SET_RESULTS=@@CHARACTER_SET_RESULTS */;
/*!40101 SET @OLD_COLLATION_CONNECTION=@@COLLATION_CONNECTION */;
/*!40101 SET NAMES utf8 */;
/*!40103 SET @OLD_TIME_ZONE=@@TIME_ZONE */;
/*!40103 SET TIME_ZONE='+00:00' */;
/*!40014 SET @OLD_UNIQUE_CHECKS=@@UNIQUE_CHECKS, UNIQUE_CHECKS=0 */;
/*!40014 SET @OLD_FOREIGN_KEY_CHECKS=@@FOREIGN_KEY_CHECKS, FOREIGN_KEY_CHECKS=0 */;
/*!40101 SET @OLD_SQL_MODE=@@SQL_MODE, SQL_MODE='NO_AUTO_VALUE_ON_ZERO' */;
/*!40111 SET @OLD_SQL_NOTES=@@SQL_NOTES, SQL_NOTES=0 */;

--
-- Table structure for table `coursewares`
--

DROP TABLE IF EXISTS `coursewares`;
/*!40101 SET @saved_cs_client     = @@character_set_client */;
/*!40101 SET character_set_client = utf8 */;
CREATE TABLE `coursewares` (
  `id` int(10) unsigned NOT NULL AUTO_INCREMENT,
  `user_id` int(10) unsigned NOT NULL COMMENT '创建课件的用户id',
  `name` varchar(200) COLLATE utf8_unicode_ci NOT NULL COMMENT '课件名称',
  `url` varchar(500) COLLATE utf8_unicode_ci NOT NULL COMMENT '课件可访问的路径',
  `size` int(10) unsigned NOT NULL COMMENT '课件大小（字节）',
  `created_at` timestamp NULL DEFAULT NULL,
  `updated_at` timestamp NULL DEFAULT NULL,
  `test_id` int(10) unsigned NOT NULL DEFAULT '0' COMMENT '课件对应的实验id，有些课件作为实验的默认课件提供。',
  PRIMARY KEY (`id`),
  KEY `coursewares_user_id_index` (`user_id`),
  KEY `coursewares_test_id_index` (`test_id`),
  CONSTRAINT `coursewares_user_id_foreign` FOREIGN KEY (`user_id`) REFERENCES `users` (`id`)
) ENGINE=InnoDB AUTO_INCREMENT=156 DEFAULT CHARSET=utf8 COLLATE=utf8_unicode_ci COMMENT='课件表';
/*!40101 SET character_set_client = @saved_cs_client */;

--
-- Dumping data for table `coursewares`
--
-- WHERE:  test_id in (select test_id from school_tests where school_id=30)

LOCK TABLES `coursewares` WRITE;
/*!40000 ALTER TABLE `coursewares` DISABLE KEYS */;
INSERT INTO `coursewares` VALUES (113,1,'MP3市场分析和产品拍摄编辑课件.pdf','/upload/file/20161123/1479879378269513.pdf',2668820,'2016-10-26 04:46:59','2016-11-22 21:36:23',16),(114,1,'手链市场分析和产品拍摄编辑课件.pdf','/upload/file/20161123/1479879457721447.pdf',2456172,'2016-10-26 17:26:52','2016-11-22 21:38:48',32),(118,1,'童鞋市场分析和产品拍摄编辑课件.pdf','/upload/file/20161122/1479819798578120.pdf',3739267,'2016-10-30 22:39:41','2016-11-22 05:03:20',5),(119,1,'手表市场分析和产品拍摄编辑课件.pdf','/upload/file/20161123/1479879283861788.pdf',2461079,'2016-10-30 22:40:27','2016-11-22 21:34:47',12),(127,1,'童鞋市场分析和产品拍摄编辑课件（亚马逊）.pdf','/upload/file/20161123/1479880675889613.pdf',3394020,'2016-11-01 23:29:27','2016-11-22 21:59:10',39),(128,1,'手表市场分析和产品拍摄编辑课件（亚马逊）.pdf','/upload/file/20161123/1479880843388455.pdf',2233409,'2016-11-01 23:30:15','2016-11-22 22:04:22',42),(129,1,'MP3市场分析和产品拍摄编辑课件（亚马逊）.pdf','/upload/file/20161123/1479881251519461.pdf',2375091,'2016-11-01 23:32:02','2016-11-22 22:07:32',40),(135,1,'手机壳市场分析和产品拍摄编辑课件.pdf','/upload/file/20161123/1479879328551678.pdf',4749748,'2016-11-07 03:15:23','2016-11-22 21:35:31',15),(136,1,'皮带市场分析和产品拍摄编辑课件.pdf','/upload/file/20161123/1479879549257260.pdf',3884868,'2016-11-07 03:21:30','2016-11-22 21:39:37',34),(137,1,'跑步鞋市场分析和产品拍摄编辑课件.pdf','/upload/file/20161123/1479879624682731.pdf',2872736,'2016-11-07 03:23:52','2016-11-22 21:40:25',38),(149,1,'指甲油市场分析和产品拍摄编辑课件.pdf','/upload/file/20161123/1479879403594405.pdf',4185163,'2016-11-22 00:48:21','2016-11-22 21:37:22',31),(150,1,'儿童玩具市场分析和产品拍摄编辑课件.pdf','/upload/file/20161123/1479879306779455.pdf',4052197,'2016-11-22 00:52:29','2016-11-22 21:35:07',13),(151,1,'办公文教产品市场分析和产品拍摄编辑课件.pdf','/upload/file/20161123/1479879601130631.pdf',4721861,'2016-11-22 00:57:46','2016-11-22 21:40:06',37),(152,1,'家居产品市场分析和产品拍摄编辑课件.pdf','/upload/file/20161123/1479880109239841.pdf',3107661,'2016-11-22 00:59:10','2016-11-22 21:50:49',44),(153,1,'小型家电市场分析和产品拍摄编辑课件.pdf','/upload/file/20161123/1479881179349338.pdf',2603337,'2016-11-22 00:59:27','2016-11-22 22:06:20',46);
/*!40000 ALTER TABLE `coursewares` ENABLE KEYS */;
UNLOCK TABLES;
/*!40103 SET TIME_ZONE=@OLD_TIME_ZONE */;

/*!40101 SET SQL_MODE=@OLD_SQL_MODE */;
/*!40014 SET FOREIGN_KEY_CHECKS=@OLD_FOREIGN_KEY_CHECKS */;
/*!40014 SET UNIQUE_CHECKS=@OLD_UNIQUE_CHECKS */;
/*!40101 SET CHARACTER_SET_CLIENT=@OLD_CHARACTER_SET_CLIENT */;
/*!40101 SET CHARACTER_SET_RESULTS=@OLD_CHARACTER_SET_RESULTS */;
/*!40101 SET COLLATION_CONNECTION=@OLD_COLLATION_CONNECTION */;
/*!40111 SET SQL_NOTES=@OLD_SQL_NOTES */;

-- Dump completed on 2016-11-23 17:53:10
-- MySQL dump 10.13  Distrib 5.7.12, for Linux (x86_64)
--
-- Host: rdsnntwuizj75mjskmgr3.mysql.rds.aliyuncs.com    Database: ebiztop
-- ------------------------------------------------------
-- Server version	5.6.29

/*!40101 SET @OLD_CHARACTER_SET_CLIENT=@@CHARACTER_SET_CLIENT */;
/*!40101 SET @OLD_CHARACTER_SET_RESULTS=@@CHARACTER_SET_RESULTS */;
/*!40101 SET @OLD_COLLATION_CONNECTION=@@COLLATION_CONNECTION */;
/*!40101 SET NAMES utf8 */;
/*!40103 SET @OLD_TIME_ZONE=@@TIME_ZONE */;
/*!40103 SET TIME_ZONE='+00:00' */;
/*!40014 SET @OLD_UNIQUE_CHECKS=@@UNIQUE_CHECKS, UNIQUE_CHECKS=0 */;
/*!40014 SET @OLD_FOREIGN_KEY_CHECKS=@@FOREIGN_KEY_CHECKS, FOREIGN_KEY_CHECKS=0 */;
/*!40101 SET @OLD_SQL_MODE=@@SQL_MODE, SQL_MODE='NO_AUTO_VALUE_ON_ZERO' */;
/*!40111 SET @OLD_SQL_NOTES=@@SQL_NOTES, SQL_NOTES=0 */;

--
-- Table structure for table `product_attr_catalogs`
--

DROP TABLE IF EXISTS `product_attr_catalogs`;
/*!40101 SET @saved_cs_client     = @@character_set_client */;
/*!40101 SET character_set_client = utf8 */;
CREATE TABLE `product_attr_catalogs` (
  `id` int(10) unsigned NOT NULL AUTO_INCREMENT,
  `test_id` int(10) unsigned NOT NULL COMMENT '属性对应实验id',
  `name` varchar(50) COLLATE utf8_unicode_ci NOT NULL COMMENT '属性类目名称，如：品牌，适用人群，性别等',
  `type` int(10) unsigned NOT NULL COMMENT '属性类型，0=固定值，1=下拉选择，2=多选，3=直接输入;',
  `is_required` tinyint(1) NOT NULL COMMENT '是否必填',
  `created_at` timestamp NULL DEFAULT NULL,
  `updated_at` timestamp NULL DEFAULT NULL,
  PRIMARY KEY (`id`),
  KEY `product_attr_catalogs_test_id_index` (`test_id`),
  CONSTRAINT `product_attr_catalogs_test_id_foreign` FOREIGN KEY (`test_id`) REFERENCES `tests` (`id`)
) ENGINE=InnoDB AUTO_INCREMENT=491 DEFAULT CHARSET=utf8 COLLATE=utf8_unicode_ci COMMENT='产品属性类目表';
/*!40101 SET character_set_client = @saved_cs_client */;

--
-- Dumping data for table `product_attr_catalogs`
--
-- WHERE:  test_id in (select test_id from school_tests where school_id=30)

LOCK TABLES `product_attr_catalogs` WRITE;
/*!40000 ALTER TABLE `product_attr_catalogs` DISABLE KEYS */;
INSERT INTO `product_attr_catalogs` VALUES (215,16,'Screen',1,0,'2016-07-07 03:33:03','2016-11-01 22:00:27'),(216,16,'Screensize',1,0,'2016-07-07 03:33:03','2016-11-01 22:02:33'),(217,16,'Memory Size',1,0,'2016-07-07 03:33:03','2016-11-01 22:02:33'),(218,16,'Storage Type',1,0,'2016-07-07 03:33:03','2016-11-01 22:02:33'),(219,16,'Battery Life',1,0,'2016-07-07 03:33:03','2016-11-01 23:15:26'),(220,16,'Battery Specification',1,0,'2016-07-07 03:33:03','2016-11-01 22:02:33'),(221,16,'Style',1,0,'2016-07-07 03:33:03','2016-11-01 22:02:33'),(222,16,'Signal Noise Ratio',1,0,'2016-07-07 03:33:03','2016-11-01 22:02:33'),(223,16,'Have Speakers or not',1,0,'2016-07-07 03:33:03','2016-11-01 22:02:33'),(224,16,'Function',2,0,'2016-07-07 03:33:03','2016-11-01 22:00:27'),(225,16,'Audio Format Support',2,0,'2016-07-07 03:33:03','2016-11-01 22:00:27'),(431,16,'Video Format Support',2,0,'2016-08-30 06:59:11','2016-11-01 22:00:27'),(432,16,'Operation Mode',1,0,'2016-08-30 06:59:11','2016-11-01 22:02:34'),(487,16,'Memory Card Type',1,0,'2016-11-01 23:15:25','2016-11-01 23:15:25'),(479,46,'Material',1,0,'2016-10-28 01:49:53','2016-11-01 23:53:36'),(490,46,'Type',1,0,'2016-11-01 23:53:36','2016-11-01 23:53:36'),(442,44,'Application',2,0,'2016-10-11 06:06:26','2016-11-01 23:52:15'),(443,44,'Material',1,0,'2016-10-11 06:06:26','2016-11-01 23:52:15'),(477,44,'Folded or Not',1,0,'2016-10-27 00:28:22','2016-11-01 23:52:15'),(434,37,'Type',1,0,'2016-09-21 11:28:54','2016-11-01 23:48:03'),(435,37,'Body Material',1,0,'2016-09-21 11:28:54','2016-11-01 23:48:03'),(436,37,'Use',2,0,'2016-09-21 11:28:54','2016-11-01 23:48:03'),(243,13,'Warning',0,0,'2016-07-07 11:47:39','2016-11-01 21:48:15'),(244,13,'Gender',1,0,'2016-07-07 11:47:39','2016-11-01 21:48:15'),(245,13,'Age Range',1,0,'2016-07-07 11:47:39','2016-11-01 21:48:15'),(246,13,'Type',1,0,'2016-07-07 11:47:39','2016-11-01 21:48:15'),(247,13,'Filling',1,0,'2016-07-07 11:47:39','2016-11-01 21:48:15'),(248,13,'Material',1,0,'2016-07-07 11:47:39','2016-11-01 21:48:15'),(249,13,'Theme',1,0,'2016-07-07 11:47:39','2016-11-01 21:48:15'),(250,13,'Dimensions',3,0,'2016-07-07 11:47:39','2016-11-01 21:48:15'),(484,13,'Feature',2,0,'2016-11-01 21:48:15','2016-11-01 21:48:15'),(229,15,'Compatible Brand',1,0,'2016-07-07 07:25:01','2016-11-01 21:50:40'),(230,15,'Compatible Model',1,0,'2016-07-07 07:25:01','2016-11-01 21:50:40'),(231,15,'Function',2,0,'2016-07-07 07:25:01','2016-11-01 21:50:40'),(232,15,'Material',1,0,'2016-07-07 07:25:01','2016-11-01 21:50:40'),(233,15,'Style',1,0,'2016-07-07 07:25:01','2016-11-01 21:50:40'),(234,15,'is_customized',1,0,'2016-07-07 07:25:01','2016-11-01 21:50:40'),(235,15,'Mix Color',1,0,'2016-07-07 07:25:01','2016-11-01 21:50:41'),(236,15,'Drop shipping',1,0,'2016-07-07 07:25:01','2016-11-01 21:50:41'),(485,15,'Type',1,0,'2016-11-01 21:50:41','2016-11-01 21:50:41'),(351,12,'Style',1,0,'2016-08-23 09:00:53','2016-11-01 19:30:27'),(353,12,'Band Material Type',1,0,'2016-08-23 09:00:53','2016-11-01 19:30:27'),(354,12,'Case Shape',1,0,'2016-08-23 09:00:53','2016-11-01 19:30:27'),(355,12,'Band Length',1,0,'2016-08-23 09:00:53','2016-11-01 19:30:27'),(356,12,'Band Width',1,0,'2016-08-23 09:00:53','2016-11-01 19:30:27'),(357,12,'Case Thickness',1,0,'2016-08-23 09:00:53','2016-11-01 19:30:27'),(358,12,'Dial Display',1,0,'2016-08-23 09:00:53','2016-11-01 19:30:27'),(359,12,'Gender',1,0,'2016-08-23 09:00:53','2016-11-01 19:30:27'),(365,12,'Watch mirror material',1,0,'2016-08-30 02:00:37','2016-11-01 19:30:27'),(366,12,'Bottom of the table type',1,0,'2016-08-30 02:00:37','2016-11-01 19:30:27'),(372,12,'Battery Capacity',3,0,'2016-08-30 02:00:37','2016-11-01 19:30:27'),(374,12,'Weight',3,0,'2016-08-30 02:00:37','2016-11-01 19:30:27'),(455,12,'Dial Diameter',1,0,'2016-10-26 00:32:47','2016-11-01 19:30:27'),(456,12,'Case Material',1,0,'2016-10-26 00:32:47','2016-11-01 19:30:27'),(457,12,'Water Resistance Depth',3,0,'2016-10-26 00:32:47','2016-11-01 19:30:27'),(472,12,'Clasp Type',1,0,'2016-10-26 03:03:36','2016-11-01 19:30:27'),(473,12,'Feature',2,0,'2016-10-26 03:03:36','2016-11-01 19:30:27'),(483,12,'Popular Element',2,0,'2016-11-01 19:30:27','2016-11-01 19:30:27'),(383,32,'Style',1,0,'2016-08-30 03:06:51','2016-11-01 23:39:45'),(384,32,'Material',1,0,'2016-08-30 03:06:51','2016-11-02 01:03:32'),(385,32,'Gender',1,0,'2016-08-30 03:06:51','2016-11-02 01:03:32'),(386,32,'Mosaic Material',1,0,'2016-08-30 03:06:51','2016-11-02 01:03:32'),(387,32,'Pattern',1,0,'2016-08-30 03:06:51','2016-11-02 01:03:32'),(446,32,'Fine or Fashion',1,0,'2016-10-25 21:18:32','2016-11-02 01:03:32'),(376,31,'Time to Market',1,0,'2016-08-30 02:24:54','2016-11-01 22:06:54'),(377,31,'Special Use',1,0,'2016-08-30 02:24:54','2016-11-01 22:06:54'),(378,31,'Suitable for Skin',1,0,'2016-08-30 02:24:54','2016-11-01 22:06:54'),(380,31,'Shelf Life',1,0,'2016-08-30 02:24:54','2016-11-01 23:17:41'),(381,31,'Product classification',1,0,'2016-08-30 02:24:54','2016-11-01 22:06:54'),(382,31,'Net Weight',3,0,'2016-08-30 02:24:54','2016-11-01 23:17:41'),(488,31,'Specification Type',1,0,'2016-11-01 23:17:41','2016-11-01 23:17:41'),(489,31,'Cosmetic Property',1,0,'2016-11-01 23:17:41','2016-11-01 23:17:41'),(408,34,'Belt Buckle Style',1,0,'2016-08-30 06:27:57','2016-11-01 23:45:18'),(409,34,'Style',1,0,'2016-08-30 06:27:57','2016-11-01 23:45:18'),(410,34,'Main Material',1,0,'2016-08-30 06:27:57','2016-11-01 23:43:35'),(412,34,'Crafts',1,0,'2016-08-30 06:27:57','2016-11-01 23:43:35'),(413,34,'Gender',1,0,'2016-08-30 06:27:57','2016-11-01 23:43:35'),(414,34,'Width',3,0,'2016-08-30 06:27:57','2016-11-01 23:43:35'),(447,34,'Popular Element',2,0,'2016-10-25 22:33:41','2016-11-01 23:45:18'),(324,5,'Season',1,0,'2016-08-23 08:32:34','2016-08-30 06:18:08'),(326,5,'Dimension Description',1,0,'2016-08-23 08:32:34','2016-08-30 06:20:20'),(327,5,'Intended for',0,0,'2016-08-23 08:32:34','2016-11-01 19:10:13'),(329,5,'Gender',1,0,'2016-08-23 08:44:47','2016-08-30 06:18:08'),(330,5,'Upper Material',1,0,'2016-08-23 08:44:47','2016-11-01 19:10:13'),(331,5,'Pattern Type',1,0,'2016-08-23 08:44:47','2016-11-01 19:10:13'),(388,5,'Brand Name',3,0,'2016-08-30 03:16:50','2016-08-30 03:16:50'),(389,5,'Closure Type',1,0,'2016-08-30 03:16:50','2016-11-01 19:10:13'),(390,5,'Flat Shoe Type',1,0,'2016-08-30 03:16:50','2016-08-30 03:16:50'),(406,5,'Fashion Element',2,0,'2016-08-30 06:18:08','2016-11-01 19:10:13'),(407,5,'Outsole Material',1,0,'2016-08-30 06:18:08','2016-08-30 06:18:08'),(437,38,'Gender',1,0,'2016-09-22 09:10:19','2016-11-01 23:50:40'),(438,38,'Closure Type',1,0,'2016-09-22 09:10:19','2016-11-01 23:50:40'),(439,38,'Upper Material',2,0,'2016-09-22 09:10:19','2016-11-01 23:50:40'),(440,38,'Feature',2,0,'2016-09-22 09:10:19','2016-11-01 23:50:40'),(441,38,'Upper Height',1,0,'2016-09-22 09:10:19','2016-11-01 23:50:40'),(474,38,'Sneakers Technology',1,0,'2016-10-26 19:33:45','2016-11-01 23:50:40'),(475,38,'Popular Element',2,0,'2016-10-26 19:33:45','2016-11-01 23:50:40'),(476,38,'Suitable For The Road',2,0,'2016-10-26 21:26:25','2016-11-01 23:50:40');
/*!40000 ALTER TABLE `product_attr_catalogs` ENABLE KEYS */;
UNLOCK TABLES;
/*!40103 SET TIME_ZONE=@OLD_TIME_ZONE */;

/*!40101 SET SQL_MODE=@OLD_SQL_MODE */;
/*!40014 SET FOREIGN_KEY_CHECKS=@OLD_FOREIGN_KEY_CHECKS */;
/*!40014 SET UNIQUE_CHECKS=@OLD_UNIQUE_CHECKS */;
/*!40101 SET CHARACTER_SET_CLIENT=@OLD_CHARACTER_SET_CLIENT */;
/*!40101 SET CHARACTER_SET_RESULTS=@OLD_CHARACTER_SET_RESULTS */;
/*!40101 SET COLLATION_CONNECTION=@OLD_COLLATION_CONNECTION */;
/*!40111 SET SQL_NOTES=@OLD_SQL_NOTES */;

-- Dump completed on 2016-11-23 17:53:10
-- MySQL dump 10.13  Distrib 5.7.12, for Linux (x86_64)
--
-- Host: rdsnntwuizj75mjskmgr3.mysql.rds.aliyuncs.com    Database: ebiztop
-- ------------------------------------------------------
-- Server version	5.6.29

/*!40101 SET @OLD_CHARACTER_SET_CLIENT=@@CHARACTER_SET_CLIENT */;
/*!40101 SET @OLD_CHARACTER_SET_RESULTS=@@CHARACTER_SET_RESULTS */;
/*!40101 SET @OLD_COLLATION_CONNECTION=@@COLLATION_CONNECTION */;
/*!40101 SET NAMES utf8 */;
/*!40103 SET @OLD_TIME_ZONE=@@TIME_ZONE */;
/*!40103 SET TIME_ZONE='+00:00' */;
/*!40014 SET @OLD_UNIQUE_CHECKS=@@UNIQUE_CHECKS, UNIQUE_CHECKS=0 */;
/*!40014 SET @OLD_FOREIGN_KEY_CHECKS=@@FOREIGN_KEY_CHECKS, FOREIGN_KEY_CHECKS=0 */;
/*!40101 SET @OLD_SQL_MODE=@@SQL_MODE, SQL_MODE='NO_AUTO_VALUE_ON_ZERO' */;
/*!40111 SET @OLD_SQL_NOTES=@@SQL_NOTES, SQL_NOTES=0 */;

--
-- Table structure for table `product_attr_values`
--

DROP TABLE IF EXISTS `product_attr_values`;
/*!40101 SET @saved_cs_client     = @@character_set_client */;
/*!40101 SET character_set_client = utf8 */;
CREATE TABLE `product_attr_values` (
  `id` int(10) unsigned NOT NULL AUTO_INCREMENT,
  `test_id` int(10) unsigned NOT NULL COMMENT '对应实验id',
  `catalog_id` int(10) unsigned NOT NULL COMMENT '属性类目id',
  `value` varchar(200) COLLATE utf8_unicode_ci NOT NULL COMMENT '具体属性值，比如，品牌的属性类目，可以包含：Nike，李宁等属性值',
  `created_at` timestamp NULL DEFAULT NULL,
  `updated_at` timestamp NULL DEFAULT NULL,
  PRIMARY KEY (`id`),
  KEY `product_attr_values_test_id_index` (`test_id`),
  KEY `product_attr_values_catalog_id_index` (`catalog_id`),
  CONSTRAINT `product_attr_values_catalog_id_foreign` FOREIGN KEY (`catalog_id`) REFERENCES `product_attr_catalogs` (`id`),
  CONSTRAINT `product_attr_values_test_id_foreign` FOREIGN KEY (`test_id`) REFERENCES `tests` (`id`)
) ENGINE=InnoDB AUTO_INCREMENT=33049 DEFAULT CHARSET=utf8 COLLATE=utf8_unicode_ci COMMENT='产品属性值表';
/*!40101 SET character_set_client = @saved_cs_client */;

--
-- Dumping data for table `product_attr_values`
--
-- WHERE:  test_id in (select test_id from school_tests where school_id=30)

LOCK TABLES `product_attr_values` WRITE;
/*!40000 ALTER TABLE `product_attr_values` DISABLE KEYS */;
INSERT INTO `product_attr_values` VALUES (32211,16,215,'Colorful Screen','2016-11-01 23:15:25','2016-11-01 23:15:25'),(32212,16,215,'HD Screen','2016-11-01 23:15:25','2016-11-01 23:15:25'),(32213,16,215,'Monochrome Screen','2016-11-01 23:15:25','2016-11-01 23:15:25'),(32214,16,215,'No Screen','2016-11-01 23:15:25','2016-11-01 23:15:25'),(32215,16,215,'OLED','2016-11-01 23:15:25','2016-11-01 23:15:25'),(32216,16,215,'QVGA Screen','2016-11-01 23:15:25','2016-11-01 23:15:25'),(32217,16,215,'TFT Screen','2016-11-01 23:15:25','2016-11-01 23:15:25'),(32218,16,215,'Others','2016-11-01 23:15:25','2016-11-01 23:15:25'),(32219,16,431,'AMV','2016-11-01 23:15:25','2016-11-01 23:15:25'),(32220,16,431,'ASF','2016-11-01 23:15:25','2016-11-01 23:15:25'),(32221,16,431,'AVI','2016-11-01 23:15:25','2016-11-01 23:15:25'),(32222,16,431,'DAT','2016-11-01 23:15:25','2016-11-01 23:15:25'),(32223,16,431,'DIVX','2016-11-01 23:15:25','2016-11-01 23:15:25'),(32224,16,431,'FLV','2016-11-01 23:15:25','2016-11-01 23:15:25'),(32225,16,431,'MPEG','2016-11-01 23:15:25','2016-11-01 23:15:25'),(32226,16,431,'MPEG-4','2016-11-01 23:15:25','2016-11-01 23:15:25'),(32227,16,431,'MOV','2016-11-01 23:15:25','2016-11-01 23:15:25'),(32228,16,431,'RM','2016-11-01 23:15:25','2016-11-01 23:15:25'),(32229,16,431,'RMVB','2016-11-01 23:15:25','2016-11-01 23:15:25'),(32230,16,431,'VOB','2016-11-01 23:15:25','2016-11-01 23:15:25'),(32231,16,431,'VOD','2016-11-01 23:15:25','2016-11-01 23:15:25'),(32232,16,431,'WMV','2016-11-01 23:15:25','2016-11-01 23:15:25'),(32233,16,431,'XIVD','2016-11-01 23:15:25','2016-11-01 23:15:25'),(32234,16,431,'Others','2016-11-01 23:15:25','2016-11-01 23:15:25'),(32235,16,431,'Unsupport','2016-11-01 23:15:25','2016-11-01 23:15:25'),(32236,16,487,'unsupport','2016-11-01 23:15:25','2016-11-01 23:15:25'),(32237,16,487,'Mini SD Card','2016-11-01 23:15:25','2016-11-01 23:15:25'),(32238,16,487,'MMC Card','2016-11-01 23:15:26','2016-11-01 23:15:26'),(32239,16,487,'MSD Memory Stick','2016-11-01 23:15:26','2016-11-01 23:15:26'),(32240,16,487,'M2 Card','2016-11-01 23:15:26','2016-11-01 23:15:26'),(32241,16,487,'RSMMC Card','2016-11-01 23:15:26','2016-11-01 23:15:26'),(32242,16,487,'SD Card','2016-11-01 23:15:26','2016-11-01 23:15:26'),(32243,16,487,'TF Card','2016-11-01 23:15:26','2016-11-01 23:15:26'),(32244,16,487,'Others','2016-11-01 23:15:26','2016-11-01 23:15:26'),(32245,16,225,'APE','2016-11-01 23:15:26','2016-11-01 23:15:26'),(32246,16,225,'FLAC','2016-11-01 23:15:26','2016-11-01 23:15:26'),(32247,16,225,'MP3','2016-11-01 23:15:26','2016-11-01 23:15:26'),(32248,16,225,'OGG','2016-11-01 23:15:26','2016-11-01 23:15:26'),(32249,16,225,'WAV','2016-11-01 23:15:26','2016-11-01 23:15:26'),(32250,16,225,'WMA','2016-11-01 23:15:26','2016-11-01 23:15:26'),(32251,16,225,'Others','2016-11-01 23:15:26','2016-11-01 23:15:26'),(32252,16,224,'Bluetooth','2016-11-01 23:15:26','2016-11-01 23:15:26'),(32253,16,224,'Camera','2016-11-01 23:15:26','2016-11-01 23:15:26'),(32254,16,224,'Digital companion','2016-11-01 23:15:26','2016-11-01 23:15:26'),(32255,16,224,'E-Book Reading','2016-11-01 23:15:26','2016-11-01 23:15:26'),(32256,16,224,'FM Radio','2016-11-01 23:15:26','2016-11-01 23:15:26'),(32257,16,224,'Game Console','2016-11-01 23:15:26','2016-11-01 23:15:26'),(32258,16,224,'Glass','2016-11-01 23:15:26','2016-11-01 23:15:26'),(32259,16,224,'GPS','2016-11-01 23:15:26','2016-11-01 23:15:26'),(32260,16,224,'Gravity sensor','2016-11-01 23:15:26','2016-11-01 23:15:26'),(32261,16,224,'Headset','2016-11-01 23:15:26','2016-11-01 23:15:26'),(32262,16,224,'Intelligent Operating System','2016-11-01 23:15:26','2016-11-01 23:15:26'),(32263,16,224,'Photo Viewer','2016-11-01 23:15:26','2016-11-01 23:15:26'),(32264,16,224,'Speaker','2016-11-01 23:15:26','2016-11-01 23:15:26'),(32265,16,224,'TV Output','2016-11-01 23:15:26','2016-11-01 23:15:26'),(32266,16,224,'Voice Recorder','2016-11-01 23:15:26','2016-11-01 23:15:26'),(32267,16,224,'Watch','2016-11-01 23:15:26','2016-11-01 23:15:26'),(32268,16,224,'WiFi Supporting','2016-11-01 23:15:26','2016-11-01 23:15:26'),(32269,16,224,'World Clock','2016-11-01 23:15:26','2016-11-01 23:15:26'),(32270,16,224,'Others','2016-11-01 23:15:26','2016-11-01 23:15:26'),(32271,16,224,'No','2016-11-01 23:15:26','2016-11-01 23:15:26'),(32272,16,223,'Yes','2016-11-01 23:15:26','2016-11-01 23:15:26'),(32273,16,223,'No','2016-11-01 23:15:26','2016-11-01 23:15:26'),(32274,16,222,'≥ 40dB','2016-11-01 23:15:26','2016-11-01 23:15:26'),(32275,16,222,'≥ 50dB','2016-11-01 23:15:26','2016-11-01 23:15:26'),(32276,16,222,'≥ 60dB','2016-11-01 23:15:26','2016-11-01 23:15:26'),(32277,16,222,'≥ 70dB','2016-11-01 23:15:26','2016-11-01 23:15:26'),(32278,16,222,'≥ 80dB','2016-11-01 23:15:26','2016-11-01 23:15:26'),(32279,16,222,'≥ 90dB','2016-11-01 23:15:26','2016-11-01 23:15:26'),(32280,16,222,'≥ 100dB','2016-11-01 23:15:26','2016-11-01 23:15:26'),(32281,16,221,'Card','2016-11-01 23:15:26','2016-11-01 23:15:26'),(32282,16,221,'General Video MP3','2016-11-01 23:15:26','2016-11-01 23:15:26'),(32283,16,221,'Pen','2016-11-01 23:15:26','2016-11-01 23:15:26'),(32284,16,221,'Sport Mp3 Player','2016-11-01 23:15:26','2016-11-01 23:15:26'),(32285,16,221,'Others','2016-11-01 23:15:26','2016-11-01 23:15:26'),(32286,16,220,'AAA Battery','2016-11-01 23:15:26','2016-11-01 23:15:26'),(32287,16,220,'External power supply','2016-11-01 23:15:26','2016-11-01 23:15:26'),(32288,16,220,'Lithium Battery','2016-11-01 23:15:26','2016-11-01 23:15:26'),(32289,16,220,'Polymer Battery','2016-11-01 23:15:26','2016-11-01 23:15:26'),(32290,16,220,'Others','2016-11-01 23:15:26','2016-11-01 23:15:26'),(32291,16,218,'Flash Memory','2016-11-01 23:15:26','2016-11-01 23:15:26'),(32292,16,218,'Hard Disk','2016-11-01 23:15:26','2016-11-01 23:15:26'),(32293,16,218,'Others','2016-11-01 23:15:26','2016-11-01 23:15:26'),(32294,16,217,'4 GB','2016-11-01 23:15:26','2016-11-01 23:15:26'),(32295,16,217,'8 GB','2016-11-01 23:15:26','2016-11-01 23:15:26'),(32296,16,217,'16 GB','2016-11-01 23:15:26','2016-11-01 23:15:26'),(32297,16,217,'32 GB','2016-11-01 23:15:26','2016-11-01 23:15:26'),(32298,16,217,'64GB','2016-11-01 23:15:26','2016-11-01 23:15:26'),(32299,16,217,'Others','2016-11-01 23:15:26','2016-11-01 23:15:26'),(32300,16,216,'None','2016-11-01 23:15:26','2016-11-01 23:15:26'),(32301,16,216,'1.0 inch','2016-11-01 23:15:26','2016-11-01 23:15:26'),(32302,16,216,'1.2 inches','2016-11-01 23:15:26','2016-11-01 23:15:26'),(32303,16,216,'1.4 inches','2016-11-01 23:15:26','2016-11-01 23:15:26'),(32304,16,216,'1.6 inches','2016-11-01 23:15:26','2016-11-01 23:15:26'),(32305,16,216,'1.8 inches','2016-11-01 23:15:26','2016-11-01 23:15:26'),(32306,16,216,'2.0 inches','2016-11-01 23:15:26','2016-11-01 23:15:26'),(32307,16,216,'Others','2016-11-01 23:15:26','2016-11-01 23:15:26'),(32308,16,432,'Touch Screen','2016-11-01 23:15:26','2016-11-01 23:15:26'),(32309,16,432,'Touch Tone','2016-11-01 23:15:26','2016-11-01 23:15:26'),(32310,16,432,'Others','2016-11-01 23:15:26','2016-11-01 23:15:26'),(32311,16,219,'&lt;10 h','2016-11-01 23:15:26','2016-11-01 23:15:26'),(32312,16,219,'&lt;20 h','2016-11-01 23:15:26','2016-11-01 23:15:26'),(32313,16,219,'&gt;20 h','2016-11-01 23:15:26','2016-11-01 23:15:26'),(32646,46,490,'USB Charger','2016-11-01 23:53:36','2016-11-01 23:53:36'),(32647,46,490,'USB Fan','2016-11-01 23:53:36','2016-11-01 23:53:36'),(32648,46,490,'USB Light','2016-11-01 23:53:36','2016-11-01 23:53:36'),(32649,46,490,'USB Warmer','2016-11-01 23:53:36','2016-11-01 23:53:36'),(32650,46,490,'Others','2016-11-01 23:53:36','2016-11-01 23:53:36'),(32651,46,479,'Metal','2016-11-01 23:53:36','2016-11-01 23:53:36'),(32652,46,479,'Plastic','2016-11-01 23:53:36','2016-11-01 23:53:36'),(32653,46,479,'Others','2016-11-01 23:53:36','2016-11-01 23:53:36'),(32635,44,442,'Camping Shovel','2016-11-01 23:52:15','2016-11-01 23:52:15'),(32636,44,442,'Farming Shovel','2016-11-01 23:52:15','2016-11-01 23:52:15'),(32637,44,442,'Garden Shovel','2016-11-01 23:52:15','2016-11-01 23:52:15'),(32638,44,442,'Others','2016-11-01 23:52:15','2016-11-01 23:52:15'),(32639,44,443,'Copper','2016-11-01 23:52:15','2016-11-01 23:52:15'),(32640,44,443,'Iron','2016-11-01 23:52:15','2016-11-01 23:52:15'),(32641,44,443,'Plastic','2016-11-01 23:52:15','2016-11-01 23:52:15'),(32642,44,443,'Stainless Steel','2016-11-01 23:52:15','2016-11-01 23:52:15'),(32643,44,443,'Others','2016-11-01 23:52:15','2016-11-01 23:52:15'),(32644,44,477,'Yes','2016-11-01 23:52:15','2016-11-01 23:52:15'),(32645,44,477,'No','2016-11-01 23:52:15','2016-11-01 23:52:15'),(32536,37,434,'Colored Pencil','2016-11-01 23:48:03','2016-11-01 23:48:03'),(32537,37,434,'Marker Pen','2016-11-01 23:48:03','2016-11-01 23:48:03'),(32538,37,434,'Oil Pastel','2016-11-01 23:48:03','2016-11-01 23:48:03'),(32539,37,434,'Special Pencil','2016-11-01 23:48:03','2016-11-01 23:48:03'),(32540,37,434,'Standard Pencils','2016-11-01 23:48:03','2016-11-01 23:48:03'),(32541,37,434,'Watercolor/Soluble Pencil','2016-11-01 23:48:03','2016-11-01 23:48:03'),(32542,37,434,'Wax Cayon','2016-11-01 23:48:03','2016-11-01 23:48:03'),(32543,37,434,'Others','2016-11-01 23:48:03','2016-11-01 23:48:03'),(32544,37,435,'Metal','2016-11-01 23:48:03','2016-11-01 23:48:03'),(32545,37,435,'Other','2016-11-01 23:48:03','2016-11-01 23:48:03'),(32546,37,435,'Paper','2016-11-01 23:48:03','2016-11-01 23:48:03'),(32547,37,435,'Plastic','2016-11-01 23:48:03','2016-11-01 23:48:03'),(32548,37,435,'Wood','2016-11-01 23:48:03','2016-11-01 23:48:03'),(32549,37,435,'Others','2016-11-01 23:48:03','2016-11-01 23:48:03'),(32550,37,436,'Carpenter Pencil','2016-11-01 23:48:03','2016-11-01 23:48:03'),(32551,37,436,'Office&amp;School Pencil','2016-11-01 23:48:03','2016-11-01 23:48:03'),(32552,37,436,'Promotional Pencil','2016-11-01 23:48:03','2016-11-01 23:48:03'),(32553,37,436,'Others','2016-11-01 23:48:03','2016-11-01 23:48:03'),(31724,13,484,'Educational','2016-11-01 21:48:15','2016-11-01 21:48:15'),(31725,13,484,'Interactive','2016-11-01 21:48:15','2016-11-01 21:48:15'),(31726,13,484,'Mini','2016-11-01 21:48:15','2016-11-01 21:48:15'),(31727,13,484,'Mode','2016-11-01 21:48:15','2016-11-01 21:48:15'),(31728,13,484,'Movie &amp; TV','2016-11-01 21:48:15','2016-11-01 21:48:15'),(31729,13,484,'Soft','2016-11-01 21:48:15','2016-11-01 21:48:15'),(31730,13,484,'Stuffed &amp; Plush','2016-11-01 21:48:15','2016-11-01 21:48:15'),(31731,13,484,'Others','2016-11-01 21:48:15','2016-11-01 21:48:15'),(31732,13,243,'No Eating','2016-11-01 21:48:15','2016-11-01 21:48:15'),(31733,13,244,'Boy','2016-11-01 21:48:15','2016-11-01 21:48:15'),(31734,13,244,'Girl','2016-11-01 21:48:15','2016-11-01 21:48:15'),(31735,13,244,'Unisex','2016-11-01 21:48:15','2016-11-01 21:48:15'),(31736,13,245,'＜2 Year','2016-11-01 21:48:15','2016-11-01 21:48:15'),(31737,13,245,'2-4 Year','2016-11-01 21:48:15','2016-11-01 21:48:15'),(31738,13,245,'5-7 Year','2016-11-01 21:48:15','2016-11-01 21:48:15'),(31739,13,245,'8-10 Year','2016-11-01 21:48:15','2016-11-01 21:48:15'),(31740,13,245,'＞10 Year','2016-11-01 21:48:15','2016-11-01 21:48:15'),(31741,13,246,'Accessories','2016-11-01 21:48:15','2016-11-01 21:48:15'),(31742,13,246,'Nano Doll','2016-11-01 21:48:15','2016-11-01 21:48:15'),(31743,13,246,'Plush','2016-11-01 21:48:15','2016-11-01 21:48:15'),(31744,13,246,'Others','2016-11-01 21:48:15','2016-11-01 21:48:15'),(31745,13,247,'Fibre cotton','2016-11-01 21:48:15','2016-11-01 21:48:15'),(31746,13,247,'PP Cotton','2016-11-01 21:48:15','2016-11-01 21:48:15'),(31747,13,247,'Sponge','2016-11-01 21:48:15','2016-11-01 21:48:15'),(31748,13,247,'Others','2016-11-01 21:48:15','2016-11-01 21:48:15'),(31749,13,248,'Cotton Rope','2016-11-01 21:48:15','2016-11-01 21:48:15'),(31750,13,248,'PV plush','2016-11-01 21:48:15','2016-11-01 21:48:15'),(31751,13,248,'synthetic','2016-11-01 21:48:15','2016-11-01 21:48:15'),(31752,13,248,'Wool','2016-11-01 21:48:15','2016-11-01 21:48:15'),(31753,13,248,'Others','2016-11-01 21:48:15','2016-11-01 21:48:15'),(31754,13,249,'Anime &amp; Comics','2016-11-01 21:48:15','2016-11-01 21:48:15'),(31755,13,249,'Collectible','2016-11-01 21:48:15','2016-11-01 21:48:15'),(31756,13,249,'Figures','2016-11-01 21:48:15','2016-11-01 21:48:15'),(31757,13,249,'TV &amp; Movie Character','2016-11-01 21:48:15','2016-11-01 21:48:15'),(31758,13,249,'Others','2016-11-01 21:48:15','2016-11-01 21:48:15'),(31759,15,229,'Apple','2016-11-01 21:50:40','2016-11-01 21:50:40'),(31760,15,229,'BIRD','2016-11-01 21:50:40','2016-11-01 21:50:40'),(31761,15,229,'BlackBerry','2016-11-01 21:50:40','2016-11-01 21:50:40'),(31762,15,229,'Coolpad','2016-11-01 21:50:40','2016-11-01 21:50:40'),(31763,15,229,'Gionee','2016-11-01 21:50:40','2016-11-01 21:50:40'),(31764,15,229,'Haier','2016-11-01 21:50:40','2016-11-01 21:50:40'),(31765,15,229,'HTC','2016-11-01 21:50:40','2016-11-01 21:50:40'),(31766,15,229,'Huawei','2016-11-01 21:50:40','2016-11-01 21:50:40'),(31767,15,229,'K-Touch','2016-11-01 21:50:40','2016-11-01 21:50:40'),(31768,15,229,'Lenovo','2016-11-01 21:50:40','2016-11-01 21:50:40'),(31769,15,229,'Meizu','2016-11-01 21:50:40','2016-11-01 21:50:40'),(31770,15,229,'MI','2016-11-01 21:50:40','2016-11-01 21:50:40'),(31771,15,229,'Motorola','2016-11-01 21:50:40','2016-11-01 21:50:40'),(31772,15,229,'  Nubia','2016-11-01 21:50:40','2016-11-01 21:50:40'),(31773,15,229,'OPPO','2016-11-01 21:50:40','2016-11-01 21:50:40'),(31774,15,229,'Samsung','2016-11-01 21:50:40','2016-11-01 21:50:40'),(31775,15,229,'Sony','2016-11-01 21:50:40','2016-11-01 21:50:40'),(31776,15,229,'Vivo','2016-11-01 21:50:40','2016-11-01 21:50:40'),(31777,15,229,'Others','2016-11-01 21:50:40','2016-11-01 21:50:40'),(31778,15,230,'iPhone 6p','2016-11-01 21:50:40','2016-11-01 21:50:40'),(31779,15,230,'iPhone 6','2016-11-01 21:50:40','2016-11-01 21:50:40'),(31780,15,230,'iPhone 5','2016-11-01 21:50:40','2016-11-01 21:50:40'),(31781,15,230,'iPhone 4','2016-11-01 21:50:40','2016-11-01 21:50:40'),(31782,15,230,'Galaxy S VII','2016-11-01 21:50:40','2016-11-01 21:50:40'),(31783,15,230,'Galaxy S VI','2016-11-01 21:50:40','2016-11-01 21:50:40'),(31784,15,230,'Galaxy S V','2016-11-01 21:50:40','2016-11-01 21:50:40'),(31785,15,230,'Galaxy S IV','2016-11-01 21:50:40','2016-11-01 21:50:40'),(31786,15,230,'Pro6','2016-11-01 21:50:40','2016-11-01 21:50:40'),(31787,15,230,'Pro5','2016-11-01 21:50:40','2016-11-01 21:50:40'),(31788,15,230,'MX5','2016-11-01 21:50:40','2016-11-01 21:50:40'),(31789,15,230,'MX4','2016-11-01 21:50:40','2016-11-01 21:50:40'),(31790,15,230,'MI 5','2016-11-01 21:50:40','2016-11-01 21:50:40'),(31791,15,230,'MI 4s','2016-11-01 21:50:40','2016-11-01 21:50:40'),(31792,15,230,'MI 4','2016-11-01 21:50:40','2016-11-01 21:50:40'),(31793,15,230,'P9 plus ','2016-11-01 21:50:40','2016-11-01 21:50:40'),(31794,15,230,'P8','2016-11-01 21:50:40','2016-11-01 21:50:40'),(31795,15,230,'Mate 8','2016-11-01 21:50:40','2016-11-01 21:50:40'),(31796,15,230,'Others','2016-11-01 21:50:40','2016-11-01 21:50:40'),(31797,15,231,'Anti-knock','2016-11-01 21:50:40','2016-11-01 21:50:40'),(31798,15,231,'Dirt-resistant','2016-11-01 21:50:40','2016-11-01 21:50:40'),(31799,15,231,'Others','2016-11-01 21:50:40','2016-11-01 21:50:40'),(31800,15,232,'Acrylic','2016-11-01 21:50:40','2016-11-01 21:50:40'),(31801,15,232,'Aluminum','2016-11-01 21:50:40','2016-11-01 21:50:40'),(31802,15,232,'  Denim','2016-11-01 21:50:40','2016-11-01 21:50:40'),(31803,15,232,'Felt','2016-11-01 21:50:40','2016-11-01 21:50:40'),(31804,15,232,'  Flannel','2016-11-01 21:50:40','2016-11-01 21:50:40'),(31805,15,232,'Genuine Leather','2016-11-01 21:50:40','2016-11-01 21:50:40'),(31806,15,232,'  Imitation leather','2016-11-01 21:50:40','2016-11-01 21:50:40'),(31807,15,232,'Leather','2016-11-01 21:50:40','2016-11-01 21:50:40'),(31808,15,232,'  Metal','2016-11-01 21:50:40','2016-11-01 21:50:40'),(31809,15,232,'  Nylon','2016-11-01 21:50:40','2016-11-01 21:50:40'),(31810,15,232,'  Plastic','2016-11-01 21:50:40','2016-11-01 21:50:40'),(31811,15,232,'Plush','2016-11-01 21:50:40','2016-11-01 21:50:40'),(31812,15,232,'Resin','2016-11-01 21:50:40','2016-11-01 21:50:40'),(31813,15,232,'  Sheepskin','2016-11-01 21:50:40','2016-11-01 21:50:40'),(31814,15,232,'Silica Gel','2016-11-01 21:50:40','2016-11-01 21:50:40'),(31815,15,232,'Silk','2016-11-01 21:50:40','2016-11-01 21:50:40'),(31816,15,232,'Soft','2016-11-01 21:50:40','2016-11-01 21:50:40'),(31817,15,232,'  Tempered Glass','2016-11-01 21:50:40','2016-11-01 21:50:40'),(31818,15,232,'TPU','2016-11-01 21:50:40','2016-11-01 21:50:40'),(31819,15,232,'  Wood','2016-11-01 21:50:40','2016-11-01 21:50:40'),(31820,15,232,'Woolen','2016-11-01 21:50:40','2016-11-01 21:50:40'),(31821,15,232,'Others','2016-11-01 21:50:40','2016-11-01 21:50:40'),(31822,15,233,'British style','2016-11-01 21:50:40','2016-11-01 21:50:40'),(31823,15,233,'Business style','2016-11-01 21:50:40','2016-11-01 21:50:40'),(31824,15,233,'Cartoon style','2016-11-01 21:50:40','2016-11-01 21:50:40'),(31825,15,233,'Chinese style','2016-11-01 21:50:40','2016-11-01 21:50:40'),(31826,15,233,'Japanese and Korean style','2016-11-01 21:50:40','2016-11-01 21:50:40'),(31827,15,233,'Luxury style','2016-11-01 21:50:40','2016-11-01 21:50:40'),(31828,15,233,'Simple style','2016-11-01 21:50:40','2016-11-01 21:50:40'),(31829,15,233,'Western style','2016-11-01 21:50:40','2016-11-01 21:50:40'),(31830,15,233,'Others','2016-11-01 21:50:40','2016-11-01 21:50:40'),(31831,15,234,'Yes','2016-11-01 21:50:40','2016-11-01 21:50:40'),(31832,15,234,'No','2016-11-01 21:50:41','2016-11-01 21:50:41'),(31833,15,235,'Support','2016-11-01 21:50:41','2016-11-01 21:50:41'),(31834,15,235,'Unsupport','2016-11-01 21:50:41','2016-11-01 21:50:41'),(31835,15,236,'Support','2016-11-01 21:50:41','2016-11-01 21:50:41'),(31836,15,236,'Unsupport','2016-11-01 21:50:41','2016-11-01 21:50:41'),(31837,15,485,'Arm Belt','2016-11-01 21:50:41','2016-11-01 21:50:41'),(31838,15,485,'Border formula','2016-11-01 21:50:41','2016-11-01 21:50:41'),(31839,15,485,'Clamshell','2016-11-01 21:50:41','2016-11-01 21:50:41'),(31840,15,485,'Cover type','2016-11-01 21:50:41','2016-11-01 21:50:41'),(31841,15,485,'Protective shell','2016-11-01 21:50:41','2016-11-01 21:50:41'),(31842,15,485,'Wallet formula','2016-11-01 21:50:41','2016-11-01 21:50:41'),(31843,15,485,'Others','2016-11-01 21:50:41','2016-11-01 21:50:41'),(16752,12,348,'Artificial kinetic','2016-08-30 02:00:37','2016-08-30 02:00:37'),(16753,12,348,'Automatic mechanical ','2016-08-30 02:00:37','2016-08-30 02:00:37'),(16754,12,348,'Electronic','2016-08-30 02:00:37','2016-08-30 02:00:37'),(16755,12,348,'Light Movement','2016-08-30 02:00:37','2016-08-30 02:00:37'),(16756,12,348,'Manual mechanical ','2016-08-30 02:00:37','2016-08-30 02:00:37'),(16757,12,348,'Mechanical','2016-08-30 02:00:37','2016-08-30 02:00:37'),(16758,12,348,'Quartz movement','2016-08-30 02:00:37','2016-08-30 02:00:37'),(16759,12,348,'Radio Movement','2016-08-30 02:00:37','2016-08-30 02:00:37'),(16760,12,348,'Solar Movement','2016-08-30 02:00:37','2016-08-30 02:00:37'),(31449,12,351,'Classic','2016-11-01 19:30:27','2016-11-01 19:30:27'),(31450,12,351,'Fashion','2016-11-01 19:30:27','2016-11-01 19:30:27'),(31451,12,351,'Leisure','2016-11-01 19:30:27','2016-11-01 19:30:27'),(31452,12,351,'Lovely','2016-11-01 19:30:27','2016-11-01 19:30:27'),(31453,12,351,'Sports','2016-11-01 19:30:27','2016-11-01 19:30:27'),(31454,12,351,'Others','2016-11-01 19:30:27','2016-11-01 19:30:27'),(31455,12,455,'≤20mm','2016-11-01 19:30:27','2016-11-01 19:30:27'),(31456,12,455,'21mm','2016-11-01 19:30:27','2016-11-01 19:30:27'),(31457,12,455,'22mm','2016-11-01 19:30:27','2016-11-01 19:30:27'),(31458,12,455,'23mm','2016-11-01 19:30:27','2016-11-01 19:30:27'),(31459,12,455,'24mm','2016-11-01 19:30:27','2016-11-01 19:30:27'),(31460,12,455,'25mm','2016-11-01 19:30:27','2016-11-01 19:30:27'),(31461,12,455,'26mm','2016-11-01 19:30:27','2016-11-01 19:30:27'),(31462,12,455,'27mm','2016-11-01 19:30:27','2016-11-01 19:30:27'),(31463,12,455,'28mm','2016-11-01 19:30:27','2016-11-01 19:30:27'),(31464,12,455,'29mm','2016-11-01 19:30:27','2016-11-01 19:30:27'),(31465,12,455,'30mm','2016-11-01 19:30:27','2016-11-01 19:30:27'),(31466,12,455,'31mm','2016-11-01 19:30:27','2016-11-01 19:30:27'),(31467,12,455,'32mm','2016-11-01 19:30:27','2016-11-01 19:30:27'),(31468,12,455,'33mm','2016-11-01 19:30:27','2016-11-01 19:30:27'),(31469,12,455,'34mm','2016-11-01 19:30:27','2016-11-01 19:30:27'),(31470,12,455,'35mm','2016-11-01 19:30:27','2016-11-01 19:30:27'),(31471,12,455,'36mm','2016-11-01 19:30:27','2016-11-01 19:30:27'),(31472,12,455,'37mm','2016-11-01 19:30:27','2016-11-01 19:30:27'),(31473,12,455,'38mm','2016-11-01 19:30:27','2016-11-01 19:30:27'),(31474,12,455,'39mm','2016-11-01 19:30:27','2016-11-01 19:30:27'),(31475,12,455,'40mm','2016-11-01 19:30:27','2016-11-01 19:30:27'),(31476,12,455,'41mm','2016-11-01 19:30:27','2016-11-01 19:30:27'),(31477,12,455,'42mm','2016-11-01 19:30:27','2016-11-01 19:30:27'),(31478,12,455,'43mm','2016-11-01 19:30:27','2016-11-01 19:30:27'),(31479,12,455,'44mm','2016-11-01 19:30:27','2016-11-01 19:30:27'),(31480,12,455,'45mm','2016-11-01 19:30:27','2016-11-01 19:30:27'),(31481,12,455,'46mm','2016-11-01 19:30:27','2016-11-01 19:30:27'),(31482,12,455,'47mm','2016-11-01 19:30:27','2016-11-01 19:30:27'),(31483,12,455,'48mm','2016-11-01 19:30:27','2016-11-01 19:30:27'),(31484,12,455,'49mm','2016-11-01 19:30:27','2016-11-01 19:30:27'),(31485,12,455,'50mm','2016-11-01 19:30:27','2016-11-01 19:30:27'),(31486,12,455,'≥50mm','2016-11-01 19:30:27','2016-11-01 19:30:27'),(31487,12,456,'Alloy','2016-11-01 19:30:27','2016-11-01 19:30:27'),(31488,12,456,'Carbon fibre','2016-11-01 19:30:27','2016-11-01 19:30:27'),(31489,12,456,'Carburizing steel','2016-11-01 19:30:27','2016-11-01 19:30:27'),(31490,12,456,'Ceramics','2016-11-01 19:30:27','2016-11-01 19:30:27'),(31491,12,456,'Forged carbon','2016-11-01 19:30:27','2016-11-01 19:30:27'),(31492,12,456,'Gold-plated','2016-11-01 19:30:27','2016-11-01 19:30:27'),(31493,12,456,'Rhodium','2016-11-01 19:30:27','2016-11-01 19:30:27'),(31494,12,456,'Rubber','2016-11-01 19:30:27','2016-11-01 19:30:27'),(31495,12,456,'Stainless steel','2016-11-01 19:30:27','2016-11-01 19:30:27'),(31496,12,456,'Titanium alloy','2016-11-01 19:30:27','2016-11-01 19:30:27'),(31497,12,456,'Tungsten steel','2016-11-01 19:30:27','2016-11-01 19:30:27'),(31498,12,456,'Others','2016-11-01 19:30:27','2016-11-01 19:30:27'),(31499,12,472,'Belt Buckle','2016-11-01 19:30:27','2016-11-01 19:30:27'),(31500,12,472,'Bilateral Press Button','2016-11-01 19:30:27','2016-11-01 19:30:27'),(31501,12,472,'Butterfly Double Snap','2016-11-01 19:30:27','2016-11-01 19:30:27'),(31502,12,472,'Connected Button','2016-11-01 19:30:27','2016-11-01 19:30:27'),(31503,12,472,'Horse Shoe Buckle','2016-11-01 19:30:27','2016-11-01 19:30:27'),(31504,12,472,'  Jewelry Buckles','2016-11-01 19:30:27','2016-11-01 19:30:27'),(31505,12,472,'  List fold Buckle','2016-11-01 19:30:27','2016-11-01 19:30:27'),(31506,12,472,'Pin Buckle','2016-11-01 19:30:27','2016-11-01 19:30:27'),(31507,12,472,'  Siamese Buckle','2016-11-01 19:30:27','2016-11-01 19:30:27'),(31508,12,472,'Single Folding Buckle','2016-11-01 19:30:27','2016-11-01 19:30:27'),(31509,12,472,'Others','2016-11-01 19:30:27','2016-11-01 19:30:27'),(31510,12,483,'  Ceramics','2016-11-01 19:30:27','2016-11-01 19:30:27'),(31511,12,483,'Goldsmith','2016-11-01 19:30:27','2016-11-01 19:30:27'),(31512,12,483,'Hollow','2016-11-01 19:30:27','2016-11-01 19:30:27'),(31513,12,483,'  Jelly','2016-11-01 19:30:27','2016-11-01 19:30:27'),(31514,12,483,'Large dial','2016-11-01 19:30:27','2016-11-01 19:30:27'),(31515,12,483,'  Led','2016-11-01 19:30:27','2016-11-01 19:30:27'),(31516,12,483,'Really boring','2016-11-01 19:30:27','2016-11-01 19:30:27'),(31517,12,483,'Retro','2016-11-01 19:30:27','2016-11-01 19:30:27'),(31518,12,483,'Rhinestone','2016-11-01 19:30:27','2016-11-01 19:30:27'),(31519,12,483,'Stainless steel','2016-11-01 19:30:27','2016-11-01 19:30:27'),(31520,12,483,'Zircon','2016-11-01 19:30:27','2016-11-01 19:30:27'),(31521,12,483,'  Others','2016-11-01 19:30:27','2016-11-01 19:30:27'),(31522,12,353,'Alloy','2016-11-01 19:30:27','2016-11-01 19:30:27'),(31523,12,353,'Canvas','2016-11-01 19:30:27','2016-11-01 19:30:27'),(31524,12,353,'Ceramic','2016-11-01 19:30:27','2016-11-01 19:30:27'),(31525,12,353,'Genuine Leather','2016-11-01 19:30:27','2016-11-01 19:30:27'),(31526,12,353,'Gold Plated','2016-11-01 19:30:27','2016-11-01 19:30:27'),(31527,12,353,'Leather','2016-11-01 19:30:27','2016-11-01 19:30:27'),(31528,12,353,'  Metal','2016-11-01 19:30:27','2016-11-01 19:30:27'),(31529,12,353,'Resin','2016-11-01 19:30:27','2016-11-01 19:30:27'),(31530,12,353,'Rubber','2016-11-01 19:30:27','2016-11-01 19:30:27'),(31531,12,353,'Silicone','2016-11-01 19:30:27','2016-11-01 19:30:27'),(31532,12,353,'Stainless Steel','2016-11-01 19:30:27','2016-11-01 19:30:27'),(31533,12,353,'Steel','2016-11-01 19:30:27','2016-11-01 19:30:27'),(31534,12,353,'  Tape','2016-11-01 19:30:27','2016-11-01 19:30:27'),(31535,12,353,'Titanium Alloy','2016-11-01 19:30:27','2016-11-01 19:30:27'),(31536,12,353,'Tungsten Steel','2016-11-01 19:30:27','2016-11-01 19:30:27'),(31537,12,353,'Others','2016-11-01 19:30:27','2016-11-01 19:30:27'),(31538,12,354,'Barrel Shaped','2016-11-01 19:30:27','2016-11-01 19:30:27'),(31539,12,354,'Heart-shaped','2016-11-01 19:30:27','2016-11-01 19:30:27'),(31540,12,354,'Oval','2016-11-01 19:30:27','2016-11-01 19:30:27'),(31541,12,354,'Rectangle','2016-11-01 19:30:27','2016-11-01 19:30:27'),(31542,12,354,'Round','2016-11-01 19:30:27','2016-11-01 19:30:27'),(31543,12,354,'Square','2016-11-01 19:30:27','2016-11-01 19:30:27'),(31544,12,354,'Tonneau','2016-11-01 19:30:27','2016-11-01 19:30:27'),(31545,12,354,'Others','2016-11-01 19:30:27','2016-11-01 19:30:27'),(31546,12,355,'&lt;20cm','2016-11-01 19:30:27','2016-11-01 19:30:27'),(31547,12,355,'20cm','2016-11-01 19:30:27','2016-11-01 19:30:27'),(31548,12,355,'21cm','2016-11-01 19:30:27','2016-11-01 19:30:27'),(31549,12,355,'22cm','2016-11-01 19:30:27','2016-11-01 19:30:27'),(31550,12,355,'23cm','2016-11-01 19:30:27','2016-11-01 19:30:27'),(31551,12,355,'24cm','2016-11-01 19:30:27','2016-11-01 19:30:27'),(31552,12,355,'25cm','2016-11-01 19:30:27','2016-11-01 19:30:27'),(31553,12,355,'26cm','2016-11-01 19:30:27','2016-11-01 19:30:27'),(31554,12,355,'27cm','2016-11-01 19:30:27','2016-11-01 19:30:27'),(31555,12,355,'28cm','2016-11-01 19:30:27','2016-11-01 19:30:27'),(31556,12,355,'29cm','2016-11-01 19:30:27','2016-11-01 19:30:27'),(31557,12,355,'30cm','2016-11-01 19:30:27','2016-11-01 19:30:27'),(31558,12,355,'&gt;30cm','2016-11-01 19:30:27','2016-11-01 19:30:27'),(31559,12,356,'&lt;10mm','2016-11-01 19:30:27','2016-11-01 19:30:27'),(31560,12,356,'10mm','2016-11-01 19:30:27','2016-11-01 19:30:27'),(31561,12,356,'11mm','2016-11-01 19:30:27','2016-11-01 19:30:27'),(31562,12,356,'12mm','2016-11-01 19:30:27','2016-11-01 19:30:27'),(31563,12,356,'13mm','2016-11-01 19:30:27','2016-11-01 19:30:27'),(31564,12,356,'14mm','2016-11-01 19:30:27','2016-11-01 19:30:27'),(31565,12,356,'15mm','2016-11-01 19:30:27','2016-11-01 19:30:27'),(31566,12,356,'16mm','2016-11-01 19:30:27','2016-11-01 19:30:27'),(31567,12,356,'17mm','2016-11-01 19:30:27','2016-11-01 19:30:27'),(31568,12,356,'18mm','2016-11-01 19:30:27','2016-11-01 19:30:27'),(31569,12,356,'19mm','2016-11-01 19:30:27','2016-11-01 19:30:27'),(31570,12,356,'20mm','2016-11-01 19:30:27','2016-11-01 19:30:27'),(31571,12,356,'&gt;20mm','2016-11-01 19:30:27','2016-11-01 19:30:27'),(31572,12,357,'&lt;3mm','2016-11-01 19:30:27','2016-11-01 19:30:27'),(31573,12,357,'4mm','2016-11-01 19:30:27','2016-11-01 19:30:27'),(31574,12,357,'5mm','2016-11-01 19:30:27','2016-11-01 19:30:27'),(31575,12,357,'6mm','2016-11-01 19:30:27','2016-11-01 19:30:27'),(31576,12,357,'7mm','2016-11-01 19:30:27','2016-11-01 19:30:27'),(31577,12,357,'8mm','2016-11-01 19:30:27','2016-11-01 19:30:27'),(31578,12,357,'9mm','2016-11-01 19:30:27','2016-11-01 19:30:27'),(31579,12,357,'10mm','2016-11-01 19:30:27','2016-11-01 19:30:27'),(31580,12,357,'11mm','2016-11-01 19:30:27','2016-11-01 19:30:27'),(31581,12,357,'12mm','2016-11-01 19:30:27','2016-11-01 19:30:27'),(31582,12,357,'13mm','2016-11-01 19:30:27','2016-11-01 19:30:27'),(31583,12,357,'14mm','2016-11-01 19:30:27','2016-11-01 19:30:27'),(31584,12,357,'15mm','2016-11-01 19:30:27','2016-11-01 19:30:27'),(31585,12,357,'16mm','2016-11-01 19:30:27','2016-11-01 19:30:27'),(31586,12,357,'17mm','2016-11-01 19:30:27','2016-11-01 19:30:27'),(31587,12,357,'18mm','2016-11-01 19:30:27','2016-11-01 19:30:27'),(31588,12,357,'&gt;18mm','2016-11-01 19:30:27','2016-11-01 19:30:27'),(31589,12,358,'Analog','2016-11-01 19:30:27','2016-11-01 19:30:27'),(31590,12,358,'Digital','2016-11-01 19:30:27','2016-11-01 19:30:27'),(31591,12,358,'Dual display','2016-11-01 19:30:27','2016-11-01 19:30:27'),(31592,12,358,'Others','2016-11-01 19:30:27','2016-11-01 19:30:27'),(31593,12,359,'Men ','2016-11-01 19:30:27','2016-11-01 19:30:27'),(31594,12,359,'Women ','2016-11-01 19:30:27','2016-11-01 19:30:27'),(31595,12,359,'Children ','2016-11-01 19:30:27','2016-11-01 19:30:27'),(31596,12,359,'Lovers ','2016-11-01 19:30:27','2016-11-01 19:30:27'),(31597,12,359,'Unisex','2016-11-01 19:30:27','2016-11-01 19:30:27'),(31598,12,365,'Coated Glass','2016-11-01 19:30:27','2016-11-01 19:30:27'),(31599,12,365,'Mineral glass mirror','2016-11-01 19:30:27','2016-11-01 19:30:27'),(31600,12,365,'Ordinary glass mirror','2016-11-01 19:30:27','2016-11-01 19:30:27'),(31601,12,365,'Plastic mirror','2016-11-01 19:30:27','2016-11-01 19:30:27'),(31602,12,365,'Plexiglass mirror','2016-11-01 19:30:27','2016-11-01 19:30:27'),(31603,12,365,'Synthetic sapphire crystal','2016-11-01 19:30:27','2016-11-01 19:30:27'),(31604,12,365,'Others','2016-11-01 19:30:27','2016-11-01 19:30:27'),(31605,12,366,'  Ordinary','2016-11-01 19:30:27','2016-11-01 19:30:27'),(31606,12,366,'Through the end','2016-11-01 19:30:27','2016-11-01 19:30:27'),(31607,12,366,'Others','2016-11-01 19:30:27','2016-11-01 19:30:27'),(31608,12,473,'24 Hours Instructions','2016-11-01 19:30:27','2016-11-01 19:30:27'),(31609,12,473,'Alarm','2016-11-01 19:30:27','2016-11-01 19:30:27'),(31610,12,473,'Bluetooth phone','2016-11-01 19:30:27','2016-11-01 19:30:27'),(31611,12,473,'Calendar','2016-11-01 19:30:27','2016-11-01 19:30:27'),(31612,12,473,'Compass','2016-11-01 19:30:27','2016-11-01 19:30:27'),(31613,12,473,'Countdown','2016-11-01 19:30:27','2016-11-01 19:30:27'),(31614,12,473,'Energy Display','2016-11-01 19:30:27','2016-11-01 19:30:27'),(31615,12,473,'GMT Locations','2016-11-01 19:30:27','2016-11-01 19:30:27'),(31616,12,473,'Heart Rate Monitor','2016-11-01 19:30:27','2016-11-01 19:30:27'),(31617,12,473,'Height Measurement','2016-11-01 19:30:27','2016-11-01 19:30:27'),(31618,12,473,'Humidity Measurement','2016-11-01 19:30:27','2016-11-01 19:30:27'),(31619,12,473,'Intelligence Alerts','2016-11-01 19:30:27','2016-11-01 19:30:27'),(31620,12,473,'Lighting','2016-11-01 19:30:27','2016-11-01 19:30:27'),(31621,12,473,'Locate','2016-11-01 19:30:27','2016-11-01 19:30:27'),(31622,12,473,'Luminous','2016-11-01 19:30:27','2016-11-01 19:30:27'),(31623,12,473,'Months Display','2016-11-01 19:30:27','2016-11-01 19:30:27'),(31624,12,473,'Moon Display','2016-11-01 19:30:27','2016-11-01 19:30:27'),(31625,12,473,'Pedometer','2016-11-01 19:30:27','2016-11-01 19:30:27'),(31626,12,473,'Perspective Window','2016-11-01 19:30:27','2016-11-01 19:30:27'),(31627,12,473,'PSG','2016-11-01 19:30:27','2016-11-01 19:30:27'),(31628,12,473,'Remote Self','2016-11-01 19:30:27','2016-11-01 19:30:27'),(31629,12,473,'  Social Entertainment','2016-11-01 19:30:27','2016-11-01 19:30:27'),(31630,12,473,'Speed Measurement','2016-11-01 19:30:27','2016-11-01 19:30:27'),(31631,12,473,'Thermometer','2016-11-01 19:30:27','2016-11-01 19:30:27'),(31632,12,473,'Timing Clock','2016-11-01 19:30:27','2016-11-01 19:30:27'),(31633,12,473,'Tourbillon','2016-11-01 19:30:27','2016-11-01 19:30:27'),(31634,12,473,'  Waterproof','2016-11-01 19:30:27','2016-11-01 19:30:27'),(31635,12,473,'Week Display','2016-11-01 19:30:27','2016-11-01 19:30:27'),(31636,12,473,'World Time','2016-11-01 19:30:27','2016-11-01 19:30:27'),(31637,12,473,'Others','2016-11-01 19:30:27','2016-11-01 19:30:27'),(32840,32,383,'Bohemian','2016-11-02 01:03:32','2016-11-02 01:03:32'),(32841,32,383,'  Business Style','2016-11-02 01:03:32','2016-11-02 01:03:32'),(32842,32,383,'  Folk-Custom','2016-11-02 01:03:32','2016-11-02 01:03:32'),(32843,32,383,'  Japanese and Korean Style','2016-11-02 01:03:32','2016-11-02 01:03:32'),(32844,32,383,'  Punk Style','2016-11-02 01:03:32','2016-11-02 01:03:32'),(32845,32,383,'  Retro / Court Style','2016-11-02 01:03:32','2016-11-02 01:03:32'),(32846,32,383,'  Ruili Style','2016-11-02 01:03:32','2016-11-02 01:03:32'),(32847,32,383,'  Sweet Style','2016-11-02 01:03:32','2016-11-02 01:03:32'),(32848,32,383,'  Western Style','2016-11-02 01:03:32','2016-11-02 01:03:32'),(32849,32,383,'Others','2016-11-02 01:03:32','2016-11-02 01:03:32'),(32850,32,384,'Allloy','2016-11-02 01:03:32','2016-11-02 01:03:32'),(32851,32,384,'  Artificial crystal','2016-11-02 01:03:32','2016-11-02 01:03:32'),(32852,32,384,'  Feather','2016-11-02 01:03:32','2016-11-02 01:03:32'),(32853,32,384,'Fluid Systems','2016-11-02 01:03:32','2016-11-02 01:03:32'),(32854,32,384,'Glass','2016-11-02 01:03:32','2016-11-02 01:03:32'),(32855,32,384,'Jade Processing','2016-11-02 01:03:32','2016-11-02 01:03:32'),(32856,32,384,'Lace','2016-11-02 01:03:32','2016-11-02 01:03:32'),(32857,32,384,'Leather','2016-11-02 01:03:32','2016-11-02 01:03:32'),(32858,32,384,'Mixed Material','2016-11-02 01:03:32','2016-11-02 01:03:32'),(32859,32,384,'Natural crystal','2016-11-02 01:03:32','2016-11-02 01:03:32'),(32860,32,384,'Palladium','2016-11-02 01:03:32','2016-11-02 01:03:32'),(32861,32,384,'  Pearl','2016-11-02 01:03:32','2016-11-02 01:03:32'),(32862,32,384,'Plexiglass','2016-11-02 01:03:32','2016-11-02 01:03:32'),(32863,32,384,'PuTizi','2016-11-02 01:03:32','2016-11-02 01:03:32'),(32864,32,384,'Rosewood','2016-11-02 01:03:32','2016-11-02 01:03:32'),(32865,32,384,'Semi-precious stones','2016-11-02 01:03:32','2016-11-02 01:03:32'),(32866,32,384,'Silica gel','2016-11-02 01:03:32','2016-11-02 01:03:32'),(32867,32,384,'Silk yarn','2016-11-02 01:03:32','2016-11-02 01:03:32'),(32868,32,384,'Silverware','2016-11-02 01:03:32','2016-11-02 01:03:32'),(32869,32,384,'Titanium steel','2016-11-02 01:03:32','2016-11-02 01:03:32'),(32870,32,384,'Zircon','2016-11-02 01:03:32','2016-11-02 01:03:32'),(32871,32,384,'Diamond','2016-11-02 01:03:32','2016-11-02 01:03:32'),(32872,32,384,'Others','2016-11-02 01:03:32','2016-11-02 01:03:32'),(32873,32,385,'  Male','2016-11-02 01:03:32','2016-11-02 01:03:32'),(32874,32,385,'Female','2016-11-02 01:03:32','2016-11-02 01:03:32'),(32875,32,385,'Lovers','2016-11-02 01:03:32','2016-11-02 01:03:32'),(32876,32,385,'Unisex','2016-11-02 01:03:32','2016-11-02 01:03:32'),(32877,32,386,'Allloy','2016-11-02 01:03:32','2016-11-02 01:03:32'),(32878,32,386,'Decoration','2016-11-02 01:03:32','2016-11-02 01:03:32'),(32879,32,386,'  Gem','2016-11-02 01:03:32','2016-11-02 01:03:32'),(32880,32,386,'  Gold','2016-11-02 01:03:32','2016-11-02 01:03:32'),(32881,32,386,'  Platinum','2016-11-02 01:03:32','2016-11-02 01:03:32'),(32882,32,386,'Silver inlaid stones','2016-11-02 01:03:32','2016-11-02 01:03:32'),(32883,32,386,'Unmounted','2016-11-02 01:03:32','2016-11-02 01:03:32'),(32884,32,386,'Others','2016-11-02 01:03:32','2016-11-02 01:03:32'),(32885,32,387,'  Animal','2016-11-02 01:03:32','2016-11-02 01:03:32'),(32886,32,387,'Cartoon characters','2016-11-02 01:03:32','2016-11-02 01:03:32'),(32887,32,387,'  Constellation','2016-11-02 01:03:32','2016-11-02 01:03:32'),(32888,32,387,'  Cross','2016-11-02 01:03:32','2016-11-02 01:03:32'),(32889,32,387,'  Crown','2016-11-02 01:03:32','2016-11-02 01:03:32'),(32890,32,387,'  Fruit','2016-11-02 01:03:32','2016-11-02 01:03:32'),(32891,32,387,'  Insect','2016-11-02 01:03:32','2016-11-02 01:03:32'),(32892,32,387,'Lock / key','2016-11-02 01:03:32','2016-11-02 01:03:32'),(32893,32,387,'Navy Style','2016-11-02 01:03:32','2016-11-02 01:03:32'),(32894,32,387,'Plant flowers','2016-11-02 01:03:32','2016-11-02 01:03:32'),(32895,32,387,'  Roman Numerals','2016-11-02 01:03:32','2016-11-02 01:03:32'),(32896,32,387,'Snacks','2016-11-02 01:03:32','2016-11-02 01:03:32'),(32897,32,387,'Others','2016-11-02 01:03:32','2016-11-02 01:03:32'),(32898,32,446,'Fine','2016-11-02 01:03:33','2016-11-02 01:03:33'),(32899,32,446,'Fashion','2016-11-02 01:03:33','2016-11-02 01:03:33'),(32740,31,376,'＜2010s','2016-11-02 00:58:46','2016-11-02 00:58:46'),(32741,31,376,'2010s','2016-11-02 00:58:46','2016-11-02 00:58:46'),(32742,31,376,'2011s','2016-11-02 00:58:46','2016-11-02 00:58:46'),(32743,31,376,'2012s','2016-11-02 00:58:46','2016-11-02 00:58:46'),(32744,31,376,'2013s','2016-11-02 00:58:46','2016-11-02 00:58:46'),(32745,31,376,'2014s','2016-11-02 00:58:46','2016-11-02 00:58:46'),(32746,31,376,'2015s','2016-11-02 00:58:46','2016-11-02 00:58:46'),(32747,31,376,'2016s','2016-11-02 00:58:46','2016-11-02 00:58:46'),(32748,31,377,'Yes','2016-11-02 00:58:46','2016-11-02 00:58:46'),(32749,31,377,'No','2016-11-02 00:58:46','2016-11-02 00:58:46'),(32750,31,378,'Any skin','2016-11-02 00:58:46','2016-11-02 00:58:46'),(32751,31,378,'Dry Skin','2016-11-02 00:58:46','2016-11-02 00:58:46'),(32752,31,378,'Mixed skin','2016-11-02 00:58:46','2016-11-02 00:58:46'),(32753,31,378,'Neutral skin','2016-11-02 00:58:46','2016-11-02 00:58:46'),(32754,31,378,'Oily Skin','2016-11-02 00:58:46','2016-11-02 00:58:46'),(32755,31,378,'Sensitive Skin','2016-11-02 00:58:46','2016-11-02 00:58:46'),(32756,31,378,'Others','2016-11-02 00:58:46','2016-11-02 00:58:46'),(32757,31,380,'1 year','2016-11-02 00:58:46','2016-11-02 00:58:46'),(32758,31,380,'2 years','2016-11-02 00:58:46','2016-11-02 00:58:46'),(32759,31,380,'3 years','2016-11-02 00:58:46','2016-11-02 00:58:46'),(32760,31,380,'4 years','2016-11-02 00:58:46','2016-11-02 00:58:46'),(32761,31,380,'5 years','2016-11-02 00:58:46','2016-11-02 00:58:46'),(32762,31,380,'6 years','2016-11-02 00:58:46','2016-11-02 00:58:46'),(32763,31,381,'Color Nail Polish','2016-11-02 00:58:46','2016-11-02 00:58:46'),(32764,31,381,'Nail Care','2016-11-02 00:58:46','2016-11-02 00:58:46'),(32765,31,381,'Nail Cream','2016-11-02 00:58:46','2016-11-02 00:58:46'),(32766,31,381,'  Nail Polish emover','2016-11-02 00:58:46','2016-11-02 00:58:46'),(32767,31,381,'Others','2016-11-02 00:58:46','2016-11-02 00:58:46'),(32768,31,488,'Normal specifications','2016-11-02 00:58:46','2016-11-02 00:58:46'),(32769,31,488,'Mock Up','2016-11-02 00:58:46','2016-11-02 00:58:46'),(32770,31,488,'Others','2016-11-02 00:58:46','2016-11-02 00:58:46'),(32771,31,489,'Absorbance','2016-11-02 00:58:46','2016-11-02 00:58:46'),(32772,31,489,'Chrominance','2016-11-02 00:58:46','2016-11-02 00:58:46'),(32773,31,489,'Comfort','2016-11-02 00:58:46','2016-11-02 00:58:46'),(32774,31,489,'Durability','2016-11-02 00:58:46','2016-11-02 00:58:46'),(32775,31,489,'Easy Dry','2016-11-02 00:58:46','2016-11-02 00:58:46'),(32776,31,489,'Effect','2016-11-02 00:58:46','2016-11-02 00:58:46'),(32777,31,489,'Gloss','2016-11-02 00:58:46','2016-11-02 00:58:46'),(32778,31,489,'Others','2016-11-02 00:58:46','2016-11-02 00:58:46'),(32779,31,489,'No residue','2016-11-02 00:58:46','2016-11-02 00:58:46'),(32475,34,408,'  Automatic Buckle','2016-11-01 23:45:18','2016-11-01 23:45:18'),(32476,34,408,'  Bicyclic Buckle','2016-11-01 23:45:18','2016-11-01 23:45:18'),(32477,34,408,'  Buckle','2016-11-01 23:45:18','2016-11-01 23:45:18'),(32478,34,408,'  Hook Up','2016-11-01 23:45:18','2016-11-01 23:45:18'),(32479,34,408,'  Smooth Buckle','2016-11-01 23:45:18','2016-11-01 23:45:18'),(32480,34,408,'Others','2016-11-01 23:45:18','2016-11-01 23:45:18'),(32481,34,409,'Business','2016-11-01 23:45:18','2016-11-01 23:45:18'),(32482,34,409,'Casual','2016-11-01 23:45:18','2016-11-01 23:45:18'),(32483,34,409,'Cowboy style','2016-11-01 23:45:18','2016-11-01 23:45:18'),(32484,34,409,'Elegant','2016-11-01 23:45:18','2016-11-01 23:45:18'),(32485,34,409,'  Folk-Custom','2016-11-01 23:45:18','2016-11-01 23:45:18'),(32486,34,409,'Hip-hop','2016-11-01 23:45:18','2016-11-01 23:45:18'),(32487,34,409,'Literary','2016-11-01 23:45:18','2016-11-01 23:45:18'),(32488,34,409,'Simple','2016-11-01 23:45:18','2016-11-01 23:45:18'),(32489,34,409,'Sport','2016-11-01 23:45:18','2016-11-01 23:45:18'),(32490,34,409,'Sweet','2016-11-01 23:45:18','2016-11-01 23:45:18'),(32491,34,409,'Wild','2016-11-01 23:45:18','2016-11-01 23:45:18'),(32492,34,409,'Others','2016-11-01 23:45:18','2016-11-01 23:45:18'),(32493,34,410,'  Agate','2016-11-01 23:45:18','2016-11-01 23:45:18'),(32494,34,410,'Allloy','2016-11-01 23:45:18','2016-11-01 23:45:18'),(32495,34,410,'  Canvas','2016-11-01 23:45:18','2016-11-01 23:45:18'),(32496,34,410,'Chiffon','2016-11-01 23:45:18','2016-11-01 23:45:18'),(32497,34,410,'  Cloth','2016-11-01 23:45:18','2016-11-01 23:45:18'),(32498,34,410,'  Copper','2016-11-01 23:45:18','2016-11-01 23:45:18'),(32499,34,410,'  Crocodile','2016-11-01 23:45:18','2016-11-01 23:45:18'),(32500,34,410,'  Denim','2016-11-01 23:45:18','2016-11-01 23:45:18'),(32501,34,410,'Emerald','2016-11-01 23:45:18','2016-11-01 23:45:18'),(32502,34,410,'  First Layer of Leather','2016-11-01 23:45:18','2016-11-01 23:45:18'),(32503,34,410,'  Leather Floor','2016-11-01 23:45:18','2016-11-01 23:45:18'),(32504,34,410,'  Metal','2016-11-01 23:45:18','2016-11-01 23:45:18'),(32505,34,410,'Ostrich','2016-11-01 23:45:18','2016-11-01 23:45:18'),(32506,34,410,'Pigskin','2016-11-01 23:45:18','2016-11-01 23:45:18'),(32507,34,410,'  Plastic','2016-11-01 23:45:18','2016-11-01 23:45:18'),(32508,34,410,'PU','2016-11-01 23:45:18','2016-11-01 23:45:18'),(32509,34,410,'Sharkskin','2016-11-01 23:45:18','2016-11-01 23:45:18'),(32510,34,410,'  Sheepskin','2016-11-01 23:45:18','2016-11-01 23:45:18'),(32511,34,410,'Silk','2016-11-01 23:45:18','2016-11-01 23:45:18'),(32512,34,410,'Snakeskin','2016-11-01 23:45:18','2016-11-01 23:45:18'),(32513,34,410,'Wax rope','2016-11-01 23:45:18','2016-11-01 23:45:18'),(32514,34,410,'  Others','2016-11-01 23:45:18','2016-11-01 23:45:18'),(32515,34,412,'  Coat of Paint','2016-11-01 23:45:18','2016-11-01 23:45:18'),(32516,34,412,'Embossing','2016-11-01 23:45:18','2016-11-01 23:45:18'),(32517,34,412,'  Printing','2016-11-01 23:45:18','2016-11-01 23:45:18'),(32518,34,412,'Scrub','2016-11-01 23:45:18','2016-11-01 23:45:18'),(32519,34,412,'Smooth','2016-11-01 23:45:18','2016-11-01 23:45:18'),(32520,34,412,'Soft Cover','2016-11-01 23:45:18','2016-11-01 23:45:18'),(32521,34,412,'Others','2016-11-01 23:45:18','2016-11-01 23:45:18'),(32522,34,413,'  Male','2016-11-01 23:45:18','2016-11-01 23:45:18'),(32523,34,413,'Female','2016-11-01 23:45:18','2016-11-01 23:45:18'),(32524,34,413,'Unisex','2016-11-01 23:45:18','2016-11-01 23:45:18'),(32525,34,447,'Bow','2016-11-01 23:45:18','2016-11-01 23:45:18'),(32526,34,447,'Cartoon pictures','2016-11-01 23:45:18','2016-11-01 23:45:18'),(32527,34,447,'Chaton','2016-11-01 23:45:18','2016-11-01 23:45:18'),(32528,34,447,'Flower Pattern','2016-11-01 23:45:18','2016-11-01 23:45:18'),(32529,34,447,'Geometric Patterns','2016-11-01 23:45:18','2016-11-01 23:45:18'),(32530,34,447,'Heart-Shaped','2016-11-01 23:45:18','2016-11-01 23:45:18'),(32531,34,447,'Leather Decoration','2016-11-01 23:45:18','2016-11-01 23:45:18'),(32532,34,447,'Letter','2016-11-01 23:45:18','2016-11-01 23:45:18'),(32533,34,447,'Rivet','2016-11-01 23:45:18','2016-11-01 23:45:18'),(32534,34,447,'Round Buckle','2016-11-01 23:45:18','2016-11-01 23:45:18'),(32535,34,447,'Others','2016-11-01 23:45:18','2016-11-01 23:45:18'),(32654,5,324,'Spring/Autumn','2016-11-02 00:27:32','2016-11-02 00:27:32'),(32655,5,324,'Summer','2016-11-02 00:27:32','2016-11-02 00:27:32'),(32656,5,324,'Winter','2016-11-02 00:27:32','2016-11-02 00:27:32'),(32657,5,324,'All Seasons','2016-11-02 00:27:32','2016-11-02 00:27:32'),(32658,5,406,'Bling','2016-11-02 00:27:32','2016-11-02 00:27:32'),(32659,5,406,'Buckle','2016-11-02 00:27:32','2016-11-02 00:27:32'),(32660,5,406,'Butterfly-Knot','2016-11-02 00:27:32','2016-11-02 00:27:32'),(32661,5,406,'Chain','2016-11-02 00:27:32','2016-11-02 00:27:32'),(32662,5,406,'Cross-Tied','2016-11-02 00:27:32','2016-11-02 00:27:32'),(32663,5,406,'Crystal','2016-11-02 00:27:32','2016-11-02 00:27:32'),(32664,5,406,'Embroider','2016-11-02 00:27:32','2016-11-02 00:27:32'),(32665,5,406,'Flower','2016-11-02 00:27:32','2016-11-02 00:27:32'),(32666,5,406,'Fringe','2016-11-02 00:27:32','2016-11-02 00:27:32'),(32667,5,406,'Lattice','2016-11-02 00:27:32','2016-11-02 00:27:32'),(32668,5,406,'Leather splicing','2016-11-02 00:27:32','2016-11-02 00:27:32'),(32669,5,406,'Leopard','2016-11-02 00:27:32','2016-11-02 00:27:32'),(32670,5,406,'Paillette','2016-11-02 00:27:32','2016-11-02 00:27:32'),(32671,5,406,'Platform','2016-11-02 00:27:32','2016-11-02 00:27:32'),(32672,5,406,'Riband','2016-11-02 00:27:32','2016-11-02 00:27:32'),(32673,5,406,'Rivet','2016-11-02 00:27:32','2016-11-02 00:27:32'),(32674,5,406,'Shallow','2016-11-02 00:27:32','2016-11-02 00:27:32'),(32675,5,406,'Trifle','2016-11-02 00:27:32','2016-11-02 00:27:32'),(32676,5,406,'Others','2016-11-02 00:27:32','2016-11-02 00:27:32'),(32677,5,390,'Ballet Flats','2016-11-02 00:27:32','2016-11-02 00:27:32'),(32678,5,390,'Basic','2016-11-02 00:27:32','2016-11-02 00:27:32'),(32679,5,390,'Boat Shoes','2016-11-02 00:27:32','2016-11-02 00:27:32'),(32680,5,390,'Brogue Shoes','2016-11-02 00:27:32','2016-11-02 00:27:32'),(32681,5,390,'Derby Shoes','2016-11-02 00:27:32','2016-11-02 00:27:32'),(32682,5,390,'D\'orsay Flats','2016-11-02 00:27:32','2016-11-02 00:27:32'),(32683,5,390,'Flat Platform','2016-11-02 00:27:32','2016-11-02 00:27:32'),(32684,5,390,'Loafers','2016-11-02 00:27:32','2016-11-02 00:27:32'),(32685,5,390,'Martens Shoes','2016-11-02 00:27:32','2016-11-02 00:27:32'),(32686,5,390,'Mary Janes','2016-11-02 00:27:32','2016-11-02 00:27:32'),(32687,5,390,'Oxfords','2016-11-02 00:27:32','2016-11-02 00:27:32'),(32688,5,390,'Slingbacks','2016-11-02 00:27:32','2016-11-02 00:27:32'),(32689,5,390,'T-Strap','2016-11-02 00:27:32','2016-11-02 00:27:32'),(32690,5,390,'Others','2016-11-02 00:27:32','2016-11-02 00:27:32'),(32691,5,389,'Buckle Strap','2016-11-02 00:27:32','2016-11-02 00:27:32'),(32692,5,389,'Elastic Band','2016-11-02 00:27:32','2016-11-02 00:27:32'),(32693,5,389,'Hook&amp;Loop','2016-11-02 00:27:32','2016-11-02 00:27:32'),(32694,5,389,'Lace-Up','2016-11-02 00:27:32','2016-11-02 00:27:32'),(32695,5,389,'No lacing','2016-11-02 00:27:32','2016-11-02 00:27:32'),(32696,5,389,'Slip-On','2016-11-02 00:27:32','2016-11-02 00:27:32'),(32697,5,389,'Zip','2016-11-02 00:27:32','2016-11-02 00:27:32'),(32698,5,389,'Others','2016-11-02 00:27:32','2016-11-02 00:27:32'),(32699,5,331,'Animal Prints','2016-11-02 00:27:32','2016-11-02 00:27:32'),(32700,5,331,'Bordered','2016-11-02 00:27:32','2016-11-02 00:27:32'),(32701,5,331,'Checkered','2016-11-02 00:27:32','2016-11-02 00:27:32'),(32702,5,331,'Floral','2016-11-02 00:27:32','2016-11-02 00:27:32'),(32703,5,331,'Geometric','2016-11-02 00:27:32','2016-11-02 00:27:32'),(32704,5,331,'Gingham','2016-11-02 00:27:32','2016-11-02 00:27:32'),(32705,5,331,'Paisley','2016-11-02 00:27:32','2016-11-02 00:27:32'),(32706,5,331,'Patchwork','2016-11-02 00:27:32','2016-11-02 00:27:32'),(32707,5,331,'Plaid','2016-11-02 00:27:32','2016-11-02 00:27:32'),(32708,5,331,'Polka Dot','2016-11-02 00:27:32','2016-11-02 00:27:32'),(32709,5,331,'Print','2016-11-02 00:27:32','2016-11-02 00:27:32'),(32710,5,331,' Solid','2016-11-02 00:27:32','2016-11-02 00:27:32'),(32711,5,331,'Striped','2016-11-02 00:27:32','2016-11-02 00:27:32'),(32712,5,331,'Others','2016-11-02 00:27:32','2016-11-02 00:27:32'),(32713,5,330,'Canvas','2016-11-02 00:27:32','2016-11-02 00:27:32'),(32714,5,330,'Cowhide','2016-11-02 00:27:32','2016-11-02 00:27:32'),(32715,5,330,'Denim','2016-11-02 00:27:32','2016-11-02 00:27:32'),(32716,5,330,'EVA','2016-11-02 00:27:32','2016-11-02 00:27:32'),(32717,5,330,'Japanned leather','2016-11-02 00:27:32','2016-11-02 00:27:32'),(32718,5,330,'Leather','2016-11-02 00:27:32','2016-11-02 00:27:32'),(32719,5,330,'Net fabric','2016-11-02 00:27:32','2016-11-02 00:27:32'),(32720,5,330,'PU','2016-11-02 00:27:32','2016-11-02 00:27:32'),(32721,5,330,'Terylene','2016-11-02 00:27:32','2016-11-02 00:27:32'),(32722,5,330,'Velvet','2016-11-02 00:27:32','2016-11-02 00:27:32'),(32723,5,330,'Others','2016-11-02 00:27:32','2016-11-02 00:27:32'),(32724,5,329,'Boys','2016-11-02 00:27:32','2016-11-02 00:27:32'),(32725,5,329,'Girls','2016-11-02 00:27:32','2016-11-02 00:27:32'),(32726,5,329,'Unisex','2016-11-02 00:27:32','2016-11-02 00:27:32'),(32727,5,327,'Baby','2016-11-02 00:27:32','2016-11-02 00:27:32'),(32728,5,326,'Fits small, take a size larger than normal','2016-11-02 00:27:32','2016-11-02 00:27:32'),(32729,5,326,' Fits true to size, take your normal size','2016-11-02 00:27:32','2016-11-02 00:27:32'),(32730,5,326,'Fits large, take a size smaller than normal','2016-11-02 00:27:32','2016-11-02 00:27:32'),(32731,5,407,'Cork','2016-11-02 00:27:32','2016-11-02 00:27:32'),(32732,5,407,'Cow Muscle','2016-11-02 00:27:32','2016-11-02 00:27:32'),(32733,5,407,'EVA','2016-11-02 00:27:32','2016-11-02 00:27:32'),(32734,5,407,'PVC','2016-11-02 00:27:32','2016-11-02 00:27:32'),(32735,5,407,'Plastic','2016-11-02 00:27:32','2016-11-02 00:27:32'),(32736,5,407,'Rubber','2016-11-02 00:27:32','2016-11-02 00:27:32'),(32737,5,407,'TPR','2016-11-02 00:27:32','2016-11-02 00:27:32'),(32738,5,407,'Vibram','2016-11-02 00:27:32','2016-11-02 00:27:32'),(32739,5,407,'Others','2016-11-02 00:27:32','2016-11-02 00:27:32'),(32554,38,437,'Men','2016-11-01 23:50:40','2016-11-01 23:50:40'),(32555,38,437,'Women','2016-11-01 23:50:40','2016-11-01 23:50:40'),(32556,38,437,'Boys','2016-11-01 23:50:40','2016-11-01 23:50:40'),(32557,38,437,'Girls','2016-11-01 23:50:40','2016-11-01 23:50:40'),(32558,38,438,'Buckles','2016-11-01 23:50:40','2016-11-01 23:50:40'),(32559,38,438,'Elastic band','2016-11-01 23:50:40','2016-11-01 23:50:40'),(32560,38,438,'Lace-Up','2016-11-01 23:50:40','2016-11-01 23:50:40'),(32561,38,438,'Not Lace-Up','2016-11-01 23:50:40','2016-11-01 23:50:40'),(32562,38,438,'Velcro','2016-11-01 23:50:40','2016-11-01 23:50:40'),(32563,38,438,'Zipper','2016-11-01 23:50:40','2016-11-01 23:50:40'),(32564,38,438,'Others','2016-11-01 23:50:40','2016-11-01 23:50:40'),(32565,38,439,'Alligator','2016-11-01 23:50:40','2016-11-01 23:50:40'),(32566,38,439,'Cloth','2016-11-01 23:50:40','2016-11-01 23:50:40'),(32567,38,439,'Cow Split','2016-11-01 23:50:40','2016-11-01 23:50:40'),(32568,38,439,'Denim','2016-11-01 23:50:40','2016-11-01 23:50:40'),(32569,38,439,'Flock','2016-11-01 23:50:40','2016-11-01 23:50:40'),(32570,38,439,'Full Grain Leather','2016-11-01 23:50:40','2016-11-01 23:50:40'),(32571,38,439,'Genuine Leather','2016-11-01 23:50:40','2016-11-01 23:50:40'),(32572,38,439,'Hemp','2016-11-01 23:50:40','2016-11-01 23:50:40'),(32573,38,439,'Mesh','2016-11-01 23:50:40','2016-11-01 23:50:40'),(32574,38,439,'Mesh (Air mesh)','2016-11-01 23:50:40','2016-11-01 23:50:40'),(32575,38,439,'Patent Leather','2016-11-01 23:50:40','2016-11-01 23:50:40'),(32576,38,439,'Rubber','2016-11-01 23:50:40','2016-11-01 23:50:40'),(32577,38,439,'Satin','2016-11-01 23:50:40','2016-11-01 23:50:40'),(32578,38,439,'Sequined Cloth','2016-11-01 23:50:40','2016-11-01 23:50:40'),(32579,38,439,'Snakeskin','2016-11-01 23:50:40','2016-11-01 23:50:40'),(32580,38,439,'Stretch Fabric','2016-11-01 23:50:40','2016-11-01 23:50:40'),(32581,38,439,'Synthetic','2016-11-01 23:50:40','2016-11-01 23:50:40'),(32582,38,439,'Suede','2016-11-01 23:50:40','2016-11-01 23:50:40'),(32583,38,439,'Others','2016-11-01 23:50:40','2016-11-01 23:50:40'),(32584,38,440,'Anti-Slippery','2016-11-01 23:50:40','2016-11-01 23:50:40'),(32585,38,440,'Balanced','2016-11-01 23:50:40','2016-11-01 23:50:40'),(32586,38,440,'Breathable','2016-11-01 23:50:40','2016-11-01 23:50:40'),(32587,38,440,'Disposable','2016-11-01 23:50:40','2016-11-01 23:50:40'),(32588,38,440,'Electrically Heated','2016-11-01 23:50:40','2016-11-01 23:50:40'),(32589,38,440,'Encapsulated','2016-11-01 23:50:40','2016-11-01 23:50:40'),(32590,38,440,'Hard-Wearing','2016-11-01 23:50:40','2016-11-01 23:50:40'),(32591,38,440,'Height Increasing','2016-11-01 23:50:40','2016-11-01 23:50:40'),(32592,38,440,'Impact Resistance','2016-11-01 23:50:40','2016-11-01 23:50:40'),(32593,38,440,'Light','2016-11-01 23:50:40','2016-11-01 23:50:40'),(32594,38,440,'Light Weight','2016-11-01 23:50:40','2016-11-01 23:50:40'),(32595,38,440,'Lighted','2016-11-01 23:50:40','2016-11-01 23:50:40'),(32596,38,440,'Massage','2016-11-01 23:50:40','2016-11-01 23:50:40'),(32597,38,440,'Quick-Drying','2016-11-01 23:50:40','2016-11-01 23:50:40'),(32598,38,440,'Reflective','2016-11-01 23:50:40','2016-11-01 23:50:40'),(32599,38,440,'Shock-Absorbant','2016-11-01 23:50:40','2016-11-01 23:50:40'),(32600,38,440,'Support','2016-11-01 23:50:40','2016-11-01 23:50:40'),(32601,38,440,'Sweat-Absorbant','2016-11-01 23:50:40','2016-11-01 23:50:40'),(32602,38,440,'Thermal','2016-11-01 23:50:40','2016-11-01 23:50:40'),(32603,38,440,'Waterproof','2016-11-01 23:50:40','2016-11-01 23:50:40'),(32604,38,440,'Others','2016-11-01 23:50:40','2016-11-01 23:50:40'),(32605,38,441,'High','2016-11-01 23:50:40','2016-11-01 23:50:40'),(32606,38,441,'Low','2016-11-01 23:50:40','2016-11-01 23:50:40'),(32607,38,441,'Medium cut','2016-11-01 23:50:40','2016-11-01 23:50:40'),(32608,38,474,'A3','2016-11-01 23:50:40','2016-11-01 23:50:40'),(32609,38,474,'Air cushion','2016-11-01 23:50:40','2016-11-01 23:50:40'),(32610,38,474,'Breathable Technology','2016-11-01 23:50:40','2016-11-01 23:50:40'),(32611,38,474,'Easy Bending Function','2016-11-01 23:50:40','2016-11-01 23:50:40'),(32612,38,474,'Fly Line Technology','2016-11-01 23:50:40','2016-11-01 23:50:40'),(32613,38,474,'Li Ning Bow','2016-11-01 23:50:40','2016-11-01 23:50:40'),(32614,38,474,'Reverse System','2016-11-01 23:50:40','2016-11-01 23:50:40'),(32615,38,474,'Shock Glue','2016-11-01 23:50:40','2016-11-01 23:50:40'),(32616,38,474,'Shox','2016-11-01 23:50:40','2016-11-01 23:50:40'),(32617,38,474,'Strengthen Suspension Buffer','2016-11-01 23:50:40','2016-11-01 23:50:40'),(32618,38,474,'Others','2016-11-01 23:50:40','2016-11-01 23:50:40'),(32619,38,475,'Car Suture','2016-11-01 23:50:40','2016-11-01 23:50:40'),(32620,38,475,'Sequins','2016-11-01 23:50:40','2016-11-01 23:50:40'),(32621,38,475,'Diamond','2016-11-01 23:50:40','2016-11-01 23:50:40'),(32622,38,475,'Embroidered','2016-11-01 23:50:40','2016-11-01 23:50:40'),(32623,38,475,'Flanging','2016-11-01 23:50:40','2016-11-01 23:50:40'),(32624,38,475,'Hollow Out','2016-11-01 23:50:40','2016-11-01 23:50:40'),(32625,38,475,'Leather Stitching','2016-11-01 23:50:40','2016-11-01 23:50:40'),(32626,38,475,'Metal','2016-11-01 23:50:40','2016-11-01 23:50:40'),(32627,38,475,'Rivet','2016-11-01 23:50:40','2016-11-01 23:50:40'),(32628,38,475,'Tassel','2016-11-01 23:50:40','2016-11-01 23:50:40'),(32629,38,475,'Totem','2016-11-01 23:50:40','2016-11-01 23:50:40'),(32630,38,475,'Others','2016-11-01 23:50:40','2016-11-01 23:50:40'),(32631,38,476,'Trail','2016-11-01 23:50:40','2016-11-01 23:50:40'),(32632,38,476,'Road','2016-11-01 23:50:40','2016-11-01 23:50:40'),(32633,38,476,'Runway','2016-11-01 23:50:40','2016-11-01 23:50:40'),(32634,38,476,'Others','2016-11-01 23:50:40','2016-11-01 23:50:40');
/*!40000 ALTER TABLE `product_attr_values` ENABLE KEYS */;
UNLOCK TABLES;
/*!40103 SET TIME_ZONE=@OLD_TIME_ZONE */;

/*!40101 SET SQL_MODE=@OLD_SQL_MODE */;
/*!40014 SET FOREIGN_KEY_CHECKS=@OLD_FOREIGN_KEY_CHECKS */;
/*!40014 SET UNIQUE_CHECKS=@OLD_UNIQUE_CHECKS */;
/*!40101 SET CHARACTER_SET_CLIENT=@OLD_CHARACTER_SET_CLIENT */;
/*!40101 SET CHARACTER_SET_RESULTS=@OLD_CHARACTER_SET_RESULTS */;
/*!40101 SET COLLATION_CONNECTION=@OLD_COLLATION_CONNECTION */;
/*!40111 SET SQL_NOTES=@OLD_SQL_NOTES */;

-- Dump completed on 2016-11-23 17:53:10
-- MySQL dump 10.13  Distrib 5.7.12, for Linux (x86_64)
--
-- Host: rdsnntwuizj75mjskmgr3.mysql.rds.aliyuncs.com    Database: ebiztop
-- ------------------------------------------------------
-- Server version	5.6.29

/*!40101 SET @OLD_CHARACTER_SET_CLIENT=@@CHARACTER_SET_CLIENT */;
/*!40101 SET @OLD_CHARACTER_SET_RESULTS=@@CHARACTER_SET_RESULTS */;
/*!40101 SET @OLD_COLLATION_CONNECTION=@@COLLATION_CONNECTION */;
/*!40101 SET NAMES utf8 */;
/*!40103 SET @OLD_TIME_ZONE=@@TIME_ZONE */;
/*!40103 SET TIME_ZONE='+00:00' */;
/*!40014 SET @OLD_UNIQUE_CHECKS=@@UNIQUE_CHECKS, UNIQUE_CHECKS=0 */;
/*!40014 SET @OLD_FOREIGN_KEY_CHECKS=@@FOREIGN_KEY_CHECKS, FOREIGN_KEY_CHECKS=0 */;
/*!40101 SET @OLD_SQL_MODE=@@SQL_MODE, SQL_MODE='NO_AUTO_VALUE_ON_ZERO' */;
/*!40111 SET @OLD_SQL_NOTES=@@SQL_NOTES, SQL_NOTES=0 */;

--
-- Table structure for table `product_spec_catalogs`
--

DROP TABLE IF EXISTS `product_spec_catalogs`;
/*!40101 SET @saved_cs_client     = @@character_set_client */;
/*!40101 SET character_set_client = utf8 */;
CREATE TABLE `product_spec_catalogs` (
  `id` int(10) unsigned NOT NULL AUTO_INCREMENT,
  `test_id` int(10) unsigned NOT NULL COMMENT '平台实验id',
  `name` varchar(100) COLLATE utf8_unicode_ci NOT NULL COMMENT '规格类目名称，如：颜色，尺码等',
  `value_type` int(11) NOT NULL COMMENT '值的类型，0=文字，1=颜色，当选择颜色时，除了可添加额外说明文字，还可以设置具体颜色图片。',
  `created_at` timestamp NULL DEFAULT NULL,
  `updated_at` timestamp NULL DEFAULT NULL,
  PRIMARY KEY (`id`),
  KEY `product_spec_catalogs_test_id_index` (`test_id`),
  CONSTRAINT `product_spec_catalogs_test_id_foreign` FOREIGN KEY (`test_id`) REFERENCES `tests` (`id`)
) ENGINE=InnoDB AUTO_INCREMENT=109 DEFAULT CHARSET=utf8 COLLATE=utf8_unicode_ci COMMENT='产品规格类目表';
/*!40101 SET character_set_client = @saved_cs_client */;

--
-- Dumping data for table `product_spec_catalogs`
--
-- WHERE:  test_id in (select test_id from school_tests where school_id=30)

LOCK TABLES `product_spec_catalogs` WRITE;
/*!40000 ALTER TABLE `product_spec_catalogs` DISABLE KEYS */;
INSERT INTO `product_spec_catalogs` VALUES (49,16,'Color',1,'2016-07-07 03:03:06','2016-07-07 03:03:06'),(52,15,'Color',1,'2016-07-07 07:25:01','2016-07-07 07:25:01'),(61,5,'Color',1,'2016-08-23 08:21:26','2016-08-23 08:21:26'),(64,31,'Color',1,'2016-08-30 02:24:54','2016-08-30 02:24:54'),(66,32,'Color',1,'2016-08-30 03:06:51','2016-08-30 03:06:51'),(67,5,'Shoe US Size',0,'2016-08-30 03:09:43','2016-08-30 03:09:43'),(69,34,'Color',1,'2016-08-30 06:17:41','2016-08-30 06:17:41'),(76,37,'Lead Color',1,'2016-09-21 11:28:54','2016-09-21 11:28:54'),(77,37,'Packaging',0,'2016-09-21 11:28:54','2016-09-21 11:28:54'),(90,12,'Color',1,'2016-11-01 19:30:27','2016-11-01 19:30:27'),(91,12,'Shiping From',0,'2016-11-01 19:30:27','2016-11-01 19:30:27'),(92,5,'Shipping From',0,'2016-11-01 19:34:03','2016-11-01 19:34:03'),(93,13,'Shipping From',0,'2016-11-01 21:48:15','2016-11-01 21:48:15'),(94,15,'Shipping From',0,'2016-11-01 21:50:40','2016-11-01 21:50:40'),(95,16,'Shipping From',0,'2016-11-01 22:00:27','2016-11-01 22:00:27'),(96,16,'Is_customized',0,'2016-11-01 22:00:27','2016-11-01 22:00:27'),(97,31,'Shipping From',0,'2016-11-01 22:06:54','2016-11-01 22:06:54'),(98,32,'Shipping From',0,'2016-11-01 22:08:24','2016-11-01 22:08:24'),(99,34,'Shipping From',0,'2016-11-01 23:05:46','2016-11-01 23:05:46'),(100,37,'Pcs of 1 set',0,'2016-11-01 23:48:03','2016-11-01 23:48:03'),(101,37,'Shipping From',0,'2016-11-01 23:48:03','2016-11-01 23:48:03'),(102,38,'Shoe US Size',0,'2016-11-01 23:50:40','2016-11-01 23:50:40'),(103,38,'Color',1,'2016-11-01 23:50:40','2016-11-01 23:50:40'),(104,38,'Shipping From',0,'2016-11-01 23:50:40','2016-11-01 23:50:40'),(105,44,'Color',1,'2016-11-01 23:52:15','2016-11-01 23:52:15'),(106,44,'Shipping From',0,'2016-11-01 23:52:15','2016-11-01 23:52:15'),(107,46,'Color',1,'2016-11-01 23:53:36','2016-11-01 23:53:36'),(108,46,'Shipping From',0,'2016-11-01 23:53:36','2016-11-01 23:53:36');
/*!40000 ALTER TABLE `product_spec_catalogs` ENABLE KEYS */;
UNLOCK TABLES;
/*!40103 SET TIME_ZONE=@OLD_TIME_ZONE */;

/*!40101 SET SQL_MODE=@OLD_SQL_MODE */;
/*!40014 SET FOREIGN_KEY_CHECKS=@OLD_FOREIGN_KEY_CHECKS */;
/*!40014 SET UNIQUE_CHECKS=@OLD_UNIQUE_CHECKS */;
/*!40101 SET CHARACTER_SET_CLIENT=@OLD_CHARACTER_SET_CLIENT */;
/*!40101 SET CHARACTER_SET_RESULTS=@OLD_CHARACTER_SET_RESULTS */;
/*!40101 SET COLLATION_CONNECTION=@OLD_COLLATION_CONNECTION */;
/*!40111 SET SQL_NOTES=@OLD_SQL_NOTES */;

-- Dump completed on 2016-11-23 17:53:10
-- MySQL dump 10.13  Distrib 5.7.12, for Linux (x86_64)
--
-- Host: rdsnntwuizj75mjskmgr3.mysql.rds.aliyuncs.com    Database: ebiztop
-- ------------------------------------------------------
-- Server version	5.6.29

/*!40101 SET @OLD_CHARACTER_SET_CLIENT=@@CHARACTER_SET_CLIENT */;
/*!40101 SET @OLD_CHARACTER_SET_RESULTS=@@CHARACTER_SET_RESULTS */;
/*!40101 SET @OLD_COLLATION_CONNECTION=@@COLLATION_CONNECTION */;
/*!40101 SET NAMES utf8 */;
/*!40103 SET @OLD_TIME_ZONE=@@TIME_ZONE */;
/*!40103 SET TIME_ZONE='+00:00' */;
/*!40014 SET @OLD_UNIQUE_CHECKS=@@UNIQUE_CHECKS, UNIQUE_CHECKS=0 */;
/*!40014 SET @OLD_FOREIGN_KEY_CHECKS=@@FOREIGN_KEY_CHECKS, FOREIGN_KEY_CHECKS=0 */;
/*!40101 SET @OLD_SQL_MODE=@@SQL_MODE, SQL_MODE='NO_AUTO_VALUE_ON_ZERO' */;
/*!40111 SET @OLD_SQL_NOTES=@@SQL_NOTES, SQL_NOTES=0 */;

--
-- Table structure for table `product_spec_values`
--

DROP TABLE IF EXISTS `product_spec_values`;
/*!40101 SET @saved_cs_client     = @@character_set_client */;
/*!40101 SET character_set_client = utf8 */;
CREATE TABLE `product_spec_values` (
  `id` int(10) unsigned NOT NULL AUTO_INCREMENT,
  `test_id` int(10) unsigned NOT NULL COMMENT '实验id',
  `catalog_id` int(10) unsigned NOT NULL COMMENT '规格类目id',
  `value` varchar(100) COLLATE utf8_unicode_ci NOT NULL COMMENT '具体规格值，比如衣服有尺码：XL，XXL等，颜色有CSS颜色值，如，#00ff00等',
  `desc` varchar(50) COLLATE utf8_unicode_ci NOT NULL COMMENT '具体规格值描述，对于文字类型的可能一样，对于颜色，可以设置为，红色，蓝色等文字颜色。',
  `created_at` timestamp NULL DEFAULT NULL,
  `updated_at` timestamp NULL DEFAULT NULL,
  PRIMARY KEY (`id`),
  KEY `product_spec_values_catalog_id_index` (`catalog_id`),
  CONSTRAINT `product_spec_values_catalog_id_foreign` FOREIGN KEY (`catalog_id`) REFERENCES `product_spec_catalogs` (`id`)
) ENGINE=InnoDB AUTO_INCREMENT=3622 DEFAULT CHARSET=utf8 COLLATE=utf8_unicode_ci COMMENT='产品规格值表';
/*!40101 SET character_set_client = @saved_cs_client */;

--
-- Dumping data for table `product_spec_values`
--
-- WHERE:  test_id in (select test_id from school_tests where school_id=30)

LOCK TABLES `product_spec_values` WRITE;
/*!40000 ALTER TABLE `product_spec_values` DISABLE KEYS */;
INSERT INTO `product_spec_values` VALUES (2992,15,52,'#00ff00','','2016-08-29 11:44:15','2016-08-29 11:44:15'),(2993,15,52,'#040404','','2016-08-29 11:44:15','2016-08-29 11:44:15'),(2994,15,52,'#dddddd','','2016-08-29 11:44:15','2016-08-29 11:44:15'),(2995,15,52,'#dab100','','2016-08-29 11:44:15','2016-08-29 11:44:15'),(2996,15,52,'#00c6da','','2016-08-29 11:44:15','2016-08-29 11:44:15'),(2997,15,52,'#8e00da','','2016-08-29 11:44:15','2016-08-29 11:44:15'),(2998,15,52,'#da0000','','2016-08-29 11:44:15','2016-08-29 11:44:15'),(3056,32,66,'#d9d9d9','','2016-08-30 03:06:51','2016-08-30 03:06:51'),(3057,32,66,'#7d7d7d','','2016-08-30 03:06:51','2016-08-30 03:06:51'),(3058,32,66,'#ffbf0e','','2016-08-30 03:06:51','2016-08-30 03:06:51'),(3059,32,66,'#f79fff','','2016-08-30 03:06:51','2016-08-30 03:06:51'),(3060,32,66,'#590061','','2016-08-30 03:06:51','2016-08-30 03:06:51'),(3061,32,66,'#f5f5f5','','2016-08-30 03:06:51','2016-08-30 03:06:51'),(3062,32,66,'#36b8f0','','2016-08-30 03:06:51','2016-08-30 03:06:51'),(3217,34,69,'#000000','','2016-08-30 06:27:57','2016-08-30 06:27:57'),(3218,34,69,'#d43300','','2016-08-30 06:27:57','2016-08-30 06:27:57'),(3219,34,69,'#ff0000','','2016-08-30 06:27:57','2016-08-30 06:27:57'),(3220,34,69,'#d13200','','2016-08-30 06:27:57','2016-08-30 06:27:57'),(3221,34,69,'#ffc46c','','2016-08-30 06:27:57','2016-08-30 06:27:57'),(3222,34,69,'#60ffcf','','2016-08-30 06:27:57','2016-08-30 06:27:57'),(3223,34,69,'#60e2ff','','2016-08-30 06:27:57','2016-08-30 06:27:57'),(3224,34,69,'#60a9ff','','2016-08-30 06:27:57','2016-08-30 06:27:57'),(3225,34,69,'#6066ff','','2016-08-30 06:27:57','2016-08-30 06:27:57'),(3226,34,69,'#cc60ff','','2016-08-30 06:27:57','2016-08-30 06:27:57'),(3227,34,69,'#ff60dc','','2016-08-30 06:27:57','2016-08-30 06:27:57'),(3228,34,69,'#d9d9d9','','2016-08-30 06:27:57','2016-08-30 06:27:57'),(3338,16,49,'#000000','','2016-08-30 06:59:10','2016-08-30 06:59:10'),(3339,16,49,'#0500ff','','2016-08-30 06:59:10','2016-08-30 06:59:10'),(3340,16,49,'#ffd600','','2016-08-30 06:59:10','2016-08-30 06:59:10'),(3341,16,49,'#14ff00','','2016-08-30 06:59:10','2016-08-30 06:59:10'),(3342,16,49,'#ff0000','','2016-08-30 06:59:10','2016-08-30 06:59:10'),(3343,16,49,'#bfbfbf','','2016-08-30 06:59:10','2016-08-30 06:59:10'),(3344,16,49,'#ffffff','','2016-08-30 06:59:10','2016-08-30 06:59:10'),(3345,16,49,'#faff00','','2016-08-30 06:59:10','2016-08-30 06:59:10'),(3365,5,61,'#d3d3d3','','2016-08-30 11:03:22','2016-08-30 11:03:22'),(3366,5,61,'#000000','','2016-08-30 11:03:22','2016-08-30 11:03:22'),(3367,5,61,'#3e0fff','','2016-08-30 11:03:22','2016-08-30 11:03:22'),(3368,5,61,'#f7ed0c','','2016-08-30 11:03:22','2016-08-30 11:03:22'),(3369,5,61,'#8c8b7f','','2016-08-30 11:03:22','2016-08-30 11:03:22'),(3370,5,61,'#f5af2a','','2016-08-30 11:03:22','2016-08-30 11:03:22'),(3371,5,61,'#ff0000','','2016-08-30 11:03:22','2016-08-30 11:03:22'),(3372,5,61,'#00ffab','','2016-08-30 11:03:22','2016-08-30 11:03:22'),(3373,5,67,'8','8','2016-08-30 11:03:22','2016-08-30 11:03:22'),(3374,5,67,'8.5','8.5','2016-08-30 11:03:22','2016-08-30 11:03:22'),(3375,5,67,'9','9','2016-08-30 11:03:22','2016-08-30 11:03:22'),(3376,5,67,'9.5','9.5','2016-08-30 11:03:22','2016-08-30 11:03:22'),(3377,5,67,'10','10','2016-08-30 11:03:22','2016-08-30 11:03:22'),(3378,5,67,'10.5','10.5','2016-08-30 11:03:22','2016-08-30 11:03:22'),(3379,5,67,'11','11','2016-08-30 11:03:22','2016-08-30 11:03:22'),(3380,5,67,'11.5','11.5','2016-08-30 11:03:22','2016-08-30 11:03:22'),(3381,5,67,'12','12','2016-08-30 11:03:22','2016-08-30 11:03:22'),(3382,5,67,'12.5','12.5','2016-08-30 11:03:22','2016-08-30 11:03:22'),(3383,5,67,'13','13','2016-08-30 11:03:22','2016-08-30 11:03:22'),(3384,5,67,'13.5','13.5','2016-08-30 11:03:22','2016-08-30 11:03:22'),(3385,5,67,'1','1','2016-08-30 11:03:22','2016-08-30 11:03:22'),(3386,5,67,'1.5','1.5','2016-08-30 11:03:22','2016-08-30 11:03:22'),(3387,5,67,'2','2','2016-08-30 11:03:22','2016-08-30 11:03:22'),(3388,5,67,'2.5','2.5','2016-08-30 11:03:22','2016-08-30 11:03:22'),(3389,5,67,'3','3','2016-08-30 11:03:22','2016-08-30 11:03:22'),(3390,5,67,'3.5','3.5','2016-08-30 11:03:22','2016-08-30 11:03:22'),(3391,5,67,'4','4','2016-08-30 11:03:22','2016-08-30 11:03:22'),(3392,5,67,'4.5','4.5','2016-08-30 11:03:22','2016-08-30 11:03:22'),(3421,37,76,'#000000','Black','2016-09-21 11:28:54','2016-09-21 11:28:54'),(3422,37,76,'#f8f7e7','color','2016-09-21 11:28:54','2016-09-21 11:28:54'),(3423,37,77,'set','set','2016-09-21 11:28:54','2016-09-21 11:28:54'),(3424,37,77,'loose','loose','2016-09-21 11:28:54','2016-09-21 11:28:54'),(3509,12,90,'#252525','','2016-11-01 19:30:27','2016-11-01 19:30:27'),(3510,12,90,'#dfdfdf','','2016-11-01 19:30:27','2016-11-01 19:30:27'),(3511,12,90,'#fb6f2b','','2016-11-01 19:30:27','2016-11-01 19:30:27'),(3512,12,90,'#f4b833','','2016-11-01 19:30:27','2016-11-01 19:30:27'),(3513,12,91,'America','America','2016-11-01 19:30:27','2016-11-01 19:30:27'),(3514,12,91,'China','China','2016-11-01 19:30:27','2016-11-01 19:30:27'),(3515,12,91,'Russian Federation','Russian Federation','2016-11-01 19:30:27','2016-11-01 19:30:27'),(3516,12,91,'others','others','2016-11-01 19:30:27','2016-11-01 19:30:27'),(3517,5,92,'America','America','2016-11-01 19:34:03','2016-11-01 19:34:03'),(3518,5,92,'China','China','2016-11-01 19:34:03','2016-11-01 19:34:03'),(3519,5,92,'Canada','Canada','2016-11-01 19:34:03','2016-11-01 19:34:03'),(3520,5,92,'Others','Others','2016-11-01 19:34:03','2016-11-01 19:34:03'),(3521,13,93,'America','America','2016-11-01 21:48:15','2016-11-01 21:48:15'),(3522,13,93,'China','China','2016-11-01 21:48:15','2016-11-01 21:48:15'),(3523,13,93,'Canada','Canada','2016-11-01 21:48:15','2016-11-01 21:48:15'),(3524,13,93,'Others','Others','2016-11-01 21:48:15','2016-11-01 21:48:15'),(3525,15,94,'America','America','2016-11-01 21:50:40','2016-11-01 21:50:40'),(3526,15,94,'Canada','Canada','2016-11-01 21:50:40','2016-11-01 21:50:40'),(3527,15,94,'China','China','2016-11-01 21:50:40','2016-11-01 21:50:40'),(3528,15,94,'England','England','2016-11-01 21:50:40','2016-11-01 21:50:40'),(3529,15,94,'Others','Others','2016-11-01 21:50:40','2016-11-01 21:50:40'),(3530,16,95,'America','America','2016-11-01 22:00:27','2016-11-01 22:00:27'),(3531,16,95,'Canada','Canada','2016-11-01 22:00:27','2016-11-01 22:00:27'),(3532,16,95,'China','China','2016-11-01 22:00:27','2016-11-01 22:00:27'),(3533,16,95,'England','England','2016-11-01 22:00:27','2016-11-01 22:00:27'),(3534,16,95,'Others','Others','2016-11-01 22:00:27','2016-11-01 22:00:27'),(3535,16,96,'Yes','Yes','2016-11-01 22:00:27','2016-11-01 22:00:27'),(3536,16,96,'No','No','2016-11-01 22:00:27','2016-11-01 22:00:27'),(3537,31,97,'America','America','2016-11-01 22:06:54','2016-11-01 22:06:54'),(3538,31,97,'China','China','2016-11-01 22:06:54','2016-11-01 22:06:54'),(3539,31,97,'Canada','Canada','2016-11-01 22:06:54','2016-11-01 22:06:54'),(3540,31,97,'Others','Others','2016-11-01 22:06:54','2016-11-01 22:06:54'),(3541,32,98,'China','China','2016-11-01 22:08:24','2016-11-01 22:08:24'),(3542,32,98,'United States','United States','2016-11-01 22:08:24','2016-11-01 22:08:24'),(3543,32,98,'Canada','Canada','2016-11-01 22:08:24','2016-11-01 22:08:24'),(3544,32,98,'Others','Others','2016-11-01 22:08:24','2016-11-01 22:08:24'),(3545,34,99,'China','China','2016-11-01 23:05:46','2016-11-01 23:05:46'),(3546,34,99,'United States','United States','2016-11-01 23:05:46','2016-11-01 23:05:46'),(3547,34,99,'Canada','Canada','2016-11-01 23:05:46','2016-11-01 23:05:46'),(3548,34,99,'Others','Others','2016-11-01 23:05:46','2016-11-01 23:05:46'),(3549,37,100,'8','8','2016-11-01 23:48:03','2016-11-01 23:48:03'),(3550,37,100,'12','12','2016-11-01 23:48:03','2016-11-01 23:48:03'),(3551,37,100,'24','24','2016-11-01 23:48:03','2016-11-01 23:48:03'),(3552,37,100,'36','36','2016-11-01 23:48:03','2016-11-01 23:48:03'),(3553,37,100,'48','48','2016-11-01 23:48:03','2016-11-01 23:48:03'),(3554,37,100,'＞48','＞48','2016-11-01 23:48:03','2016-11-01 23:48:03'),(3555,37,100,'＜8','＜8','2016-11-01 23:48:03','2016-11-01 23:48:03'),(3556,37,101,'America','America','2016-11-01 23:48:03','2016-11-01 23:48:03'),(3557,37,101,'China','China','2016-11-01 23:48:03','2016-11-01 23:48:03'),(3558,37,101,'Canada','Canada','2016-11-01 23:48:03','2016-11-01 23:48:03'),(3559,37,101,'Others','Others','2016-11-01 23:48:03','2016-11-01 23:48:03'),(3560,38,102,'1','1','2016-11-01 23:50:40','2016-11-01 23:50:40'),(3561,38,102,'1.5','1.5','2016-11-01 23:50:40','2016-11-01 23:50:40'),(3562,38,102,'2','2','2016-11-01 23:50:40','2016-11-01 23:50:40'),(3563,38,102,'2.5','2.5','2016-11-01 23:50:40','2016-11-01 23:50:40'),(3564,38,102,'3','3','2016-11-01 23:50:40','2016-11-01 23:50:40'),(3565,38,102,'3.5','3.5','2016-11-01 23:50:40','2016-11-01 23:50:40'),(3566,38,102,'4','4','2016-11-01 23:50:40','2016-11-01 23:50:40'),(3567,38,102,'4.5','4.5','2016-11-01 23:50:40','2016-11-01 23:50:40'),(3568,38,102,'5.5','5.5','2016-11-01 23:50:40','2016-11-01 23:50:40'),(3569,38,102,'6.5','6.5','2016-11-01 23:50:40','2016-11-01 23:50:40'),(3570,38,102,'7.5','7.5','2016-11-01 23:50:40','2016-11-01 23:50:40'),(3571,38,102,'8.5','8.5','2016-11-01 23:50:40','2016-11-01 23:50:40'),(3572,38,102,'9.5','9.5','2016-11-01 23:50:40','2016-11-01 23:50:40'),(3573,38,102,'10','10','2016-11-01 23:50:40','2016-11-01 23:50:40'),(3574,38,102,'10.5','10.5','2016-11-01 23:50:40','2016-11-01 23:50:40'),(3575,38,102,'11','11','2016-11-01 23:50:40','2016-11-01 23:50:40'),(3576,38,102,'11.5','11.5','2016-11-01 23:50:40','2016-11-01 23:50:40'),(3577,38,102,'12','12','2016-11-01 23:50:40','2016-11-01 23:50:40'),(3578,38,102,'12.5','12.5','2016-11-01 23:50:40','2016-11-01 23:50:40'),(3579,38,102,'13','13','2016-11-01 23:50:40','2016-11-01 23:50:40'),(3580,38,102,'13.5','13.5','2016-11-01 23:50:40','2016-11-01 23:50:40'),(3581,38,102,'14','14','2016-11-01 23:50:40','2016-11-01 23:50:40'),(3582,38,102,'14.5','14.5','2016-11-01 23:50:40','2016-11-01 23:50:40'),(3583,38,102,'15','15','2016-11-01 23:50:40','2016-11-01 23:50:40'),(3584,38,102,'15.5','15.5','2016-11-01 23:50:40','2016-11-01 23:50:40'),(3585,38,102,'16','16','2016-11-01 23:50:40','2016-11-01 23:50:40'),(3586,38,102,'16.5','16.5','2016-11-01 23:50:40','2016-11-01 23:50:40'),(3587,38,102,'17','17','2016-11-01 23:50:40','2016-11-01 23:50:40'),(3588,38,102,'18','18','2016-11-01 23:50:40','2016-11-01 23:50:40'),(3589,38,102,'19','19','2016-11-01 23:50:40','2016-11-01 23:50:40'),(3590,38,103,'#00ff00','green','2016-11-01 23:50:40','2016-11-01 23:50:40'),(3591,38,103,'#ff0000','red','2016-11-01 23:50:40','2016-11-01 23:50:40'),(3592,38,103,'#999999','grey','2016-11-01 23:50:40','2016-11-01 23:50:40'),(3593,38,103,'#0080ff','blue','2016-11-01 23:50:40','2016-11-01 23:50:40'),(3594,38,103,'#000000','black','2016-11-01 23:50:40','2016-11-01 23:50:40'),(3595,38,104,'America','America','2016-11-01 23:50:40','2016-11-01 23:50:40'),(3596,38,104,'China','China','2016-11-01 23:50:40','2016-11-01 23:50:40'),(3597,38,104,'Canada','Canada','2016-11-01 23:50:40','2016-11-01 23:50:40'),(3598,38,104,'Others','Others','2016-11-01 23:50:40','2016-11-01 23:50:40'),(3599,44,105,'#00ff00','green','2016-11-01 23:52:15','2016-11-01 23:52:15'),(3600,44,105,'#fe0017','red','2016-11-01 23:52:15','2016-11-01 23:52:15'),(3601,44,106,'America','America','2016-11-01 23:52:15','2016-11-01 23:52:15'),(3602,44,106,'China','China','2016-11-01 23:52:15','2016-11-01 23:52:15'),(3603,44,106,'Canada','Canada','2016-11-01 23:52:15','2016-11-01 23:52:15'),(3604,44,106,'Others','Others','2016-11-01 23:52:15','2016-11-01 23:52:15'),(3605,46,107,'#00ff00','green','2016-11-01 23:53:36','2016-11-01 23:53:36'),(3606,46,107,'#ff0000','red','2016-11-01 23:53:36','2016-11-01 23:53:36'),(3607,46,107,'#f8b5fb','pink','2016-11-01 23:53:36','2016-11-01 23:53:36'),(3608,46,107,'#ffd700','yellow','2016-11-01 23:53:36','2016-11-01 23:53:36'),(3609,46,107,'#0080ff','blue','2016-11-01 23:53:36','2016-11-01 23:53:36'),(3610,46,107,'#000000','black','2016-11-01 23:53:36','2016-11-01 23:53:36'),(3611,46,107,'#f9f9f9','white','2016-11-01 23:53:36','2016-11-01 23:53:36'),(3612,46,107,'#cccccc','other','2016-11-01 23:53:36','2016-11-01 23:53:36'),(3613,46,108,'America','America','2016-11-01 23:53:36','2016-11-01 23:53:36'),(3614,46,108,'China','China','2016-11-01 23:53:36','2016-11-01 23:53:36'),(3615,46,108,'Canada','Canada','2016-11-01 23:53:36','2016-11-01 23:53:36'),(3616,46,108,'Others','Others','2016-11-01 23:53:36','2016-11-01 23:53:36'),(3617,31,64,'#000000','Black','2016-11-02 00:58:46','2016-11-02 00:58:46'),(3618,31,64,'#f4afe2','Pink','2016-11-02 00:58:46','2016-11-02 00:58:46'),(3619,31,64,'#0080ff','Blue','2016-11-02 00:58:46','2016-11-02 00:58:46'),(3620,31,64,'#d3a1a3','Nude','2016-11-02 00:58:46','2016-11-02 00:58:46'),(3621,31,64,'#7d5168','Wine Red','2016-11-02 00:58:46','2016-11-02 00:58:46');
/*!40000 ALTER TABLE `product_spec_values` ENABLE KEYS */;
UNLOCK TABLES;
/*!40103 SET TIME_ZONE=@OLD_TIME_ZONE */;

/*!40101 SET SQL_MODE=@OLD_SQL_MODE */;
/*!40014 SET FOREIGN_KEY_CHECKS=@OLD_FOREIGN_KEY_CHECKS */;
/*!40014 SET UNIQUE_CHECKS=@OLD_UNIQUE_CHECKS */;
/*!40101 SET CHARACTER_SET_CLIENT=@OLD_CHARACTER_SET_CLIENT */;
/*!40101 SET CHARACTER_SET_RESULTS=@OLD_CHARACTER_SET_RESULTS */;
/*!40101 SET COLLATION_CONNECTION=@OLD_COLLATION_CONNECTION */;
/*!40111 SET SQL_NOTES=@OLD_SQL_NOTES */;

-- Dump completed on 2016-11-23 17:53:10
-- MySQL dump 10.13  Distrib 5.7.12, for Linux (x86_64)
--
-- Host: rdsnntwuizj75mjskmgr3.mysql.rds.aliyuncs.com    Database: ebiztop
-- ------------------------------------------------------
-- Server version	5.6.29

/*!40101 SET @OLD_CHARACTER_SET_CLIENT=@@CHARACTER_SET_CLIENT */;
/*!40101 SET @OLD_CHARACTER_SET_RESULTS=@@CHARACTER_SET_RESULTS */;
/*!40101 SET @OLD_COLLATION_CONNECTION=@@COLLATION_CONNECTION */;
/*!40101 SET NAMES utf8 */;
/*!40103 SET @OLD_TIME_ZONE=@@TIME_ZONE */;
/*!40103 SET TIME_ZONE='+00:00' */;
/*!40014 SET @OLD_UNIQUE_CHECKS=@@UNIQUE_CHECKS, UNIQUE_CHECKS=0 */;
/*!40014 SET @OLD_FOREIGN_KEY_CHECKS=@@FOREIGN_KEY_CHECKS, FOREIGN_KEY_CHECKS=0 */;
/*!40101 SET @OLD_SQL_MODE=@@SQL_MODE, SQL_MODE='NO_AUTO_VALUE_ON_ZERO' */;
/*!40111 SET @OLD_SQL_NOTES=@@SQL_NOTES, SQL_NOTES=0 */;

--
-- Table structure for table `test_cases`
--

DROP TABLE IF EXISTS `test_cases`;
/*!40101 SET @saved_cs_client     = @@character_set_client */;
/*!40101 SET character_set_client = utf8 */;
CREATE TABLE `test_cases` (
  `id` int(10) unsigned NOT NULL AUTO_INCREMENT,
  `test_id` int(10) unsigned NOT NULL COMMENT '案例对应的实验id',
  `school_id` int(10) unsigned NOT NULL COMMENT '案例实验所有学校id，不同的学校可能授权相同的实验',
  `type` int(10) unsigned NOT NULL COMMENT '案例类型，0=运营创建的实验案例，1=教师的实验案例，2=学生的实验案例',
  `user_id` int(10) unsigned NOT NULL COMMENT '创建类型的用户id，可能是运营，教师或学生',
  `title` varchar(255) COLLATE utf8_unicode_ci NOT NULL COMMENT '案例的产品标题',
  `desc` text COLLATE utf8_unicode_ci NOT NULL COMMENT '案例的产品详细描述',
  `price` double(8,2) NOT NULL COMMENT '零售价，具体价格还会根据规格变动。',
  `stock` int(10) unsigned NOT NULL COMMENT '库存，具体数量会根据规格变动。',
  `data` longtext COLLATE utf8_unicode_ci NOT NULL COMMENT '实验案例的数据，以JSON格式保存，因为不能平台需要填写的字段不同。',
  `created_at` timestamp NULL DEFAULT NULL,
  `updated_at` timestamp NULL DEFAULT NULL,
  `course_id` int(10) unsigned NOT NULL DEFAULT '0' COMMENT '实验案例对应的课程id',
  `status` tinyint(4) NOT NULL DEFAULT '1' COMMENT '实验案例状态，1=进行中，2=已提交',
  `attr_num` int(11) DEFAULT '0' COMMENT '属性评分字段数量',
  PRIMARY KEY (`id`),
  KEY `test_cases_test_id_index` (`test_id`),
  KEY `test_cases_school_id_index` (`school_id`),
  KEY `test_cases_type_index` (`type`),
  KEY `test_cases_user_id_foreign` (`user_id`),
  CONSTRAINT `test_cases_test_id_foreign` FOREIGN KEY (`test_id`) REFERENCES `tests` (`id`),
  CONSTRAINT `test_cases_user_id_foreign` FOREIGN KEY (`user_id`) REFERENCES `users` (`id`)
) ENGINE=InnoDB AUTO_INCREMENT=490 DEFAULT CHARSET=utf8 COLLATE=utf8_unicode_ci COMMENT='实验案例表(包含运营，教师，学生完成的所有实验)';
/*!40101 SET character_set_client = @saved_cs_client */;

--
-- Dumping data for table `test_cases`
--
-- WHERE:  school_id = 0 and type = 0 and test_id in (select test_id from school_tests where school_id=30)

LOCK TABLES `test_cases` WRITE;
/*!40000 ALTER TABLE `test_cases` DISABLE KEYS */;
INSERT INTO `test_cases` VALUES (254,5,0,0,1,'Girls Mini sed Brand 2016 Summer girls Sandals Cute Girls shoes Children Mitch Baby Shoes For Girl shoes','<p><img src=\"/upload/image/20161116/1479259409963520.jpg\" title=\"1479259409963520.jpg\" alt=\"未标题-1.jpg\"/></p><p><br/></p>',100.00,100,'{\"sell-by-unit\":\"sell_by_piece\",\"pack-num\":\"\",\"batch-price-input\":\"4.9\",\"batch-stock-input\":\"100\",\"size-radio\":\"on\",\"spu-price\":\"\",\"ws-support\":\"Y\",\"payment-success-deduct-stock\":\"payment_success_deduct\",\"delivery-days\":\"7\",\"spu-code\":\"201601001\",\"package-weight\":\"1\",\"package-length\":\"40\",\"package-width\":\"20\",\"package-height\":\"20\",\"tty-days\":\"30\",\"alipay\":\"Y\",\"unit-select\":\"100000013\",\"size-template-name\":\"3002\",\"deliver-template\":\"1\",\"service-select\":\"226106\",\"product-group\":\"506219501\"}','2016-09-12 02:57:22','2016-11-15 17:23:46',0,1,0),(271,39,0,0,1,'Girls Mini sed Brand 2016 Summer girls Sandals Cute Girls shoes Children Mitch Baby Shoes For Girl shoes','With the huge success of Melissa\'s whimsical and fashion forward jellies for almost 30 years now little fashionistas rejoice worldwide with Mini Melissa. Melissa brings the same focus on comfort and design to the Mini Melissa collection, with resemblance to some of its most iconic silhouettes and designs reflected in the Mini collection, these precious shoes will bring joy to any little girl! These waterproof Mary Janes are elevated by a hidden wedge, pretty peep-toe front and bold bow, crafted in matte PVC with grip-tape closure.\r\n\r\nWith the huge success of Melissa\'s whimsical and fashion forward jellies for almost 30 years now little fashionistas rejoice worldwide with Mini Melissa. Melissa brings the same focus on comfort and design to the Mini Melissa collection, with resemblance to some of its most iconic silhouettes and designs reflected in the Mini collection, these precious shoes will bring joy to any little girl! ',100.00,6,'{\"item_name\":\"Girls Mini sed Brand 2016 Summer girls Sandals Cute Girls shoes Children Mitch Baby Shoes For Girl shoes\",\"manufacturer\":\"Wilson\",\"brand_name\":\"Ralph Lauren\",\"part_number\":\"LE\",\"item_package_quantity\":\"1\",\"material_type\":\"rubber\",\"color_name\":\"\",\"color_map\":\"\",\"item_shape\":\"Round\",\"lens_color\":\"pink\",\"size_name\":\"Medium\",\"size_map\":\"5-12\",\"hand_orientation\":\"right\",\"tension_level\":\"Medium\",\"gtin_exemption_reason\":\"part\",\"related_product_id_type\":\"asin\",\"related_product_id\":\"B00GII31PE\",\"item_display_length\":\"\",\"item_display_length_unit_of_measure\":\"\",\"item_display_width\":\"\",\"item_display_width_unit_of_measure\":\"\",\"item_display_weight\":\"\",\"item_display_weight_unit_of_measure\":\"\",\"maximum_weight_recommendation\":\"\",\"maximum_weight_recommendation_unit_of_measure\":\"\",\"display_maximum_weight_recommendation\":\"\",\"display_maximum_weight_recommendation_unit_of_measure\":\"\",\"shaft_length\":\"\",\"shaft_length_unit_of_measure\":\"\",\"external_product_id\":\"B00GII31PE\",\"external_product_id_type\":\"asin\",\"variation_theme\":\"color_name\",\"color_map-first-row\":\"\",\"condition_type-first-row\":\"\",\"condition_note-first-row\":\"\",\"dont_add_offer\":\"\",\"item_sku\":\"\",\"inlineImage-main_offer_image-MAIN\":\"\",\"inlineImage-offer_image-PT01\":\"\",\"inlineImage-offer_image-PT02\":\"\",\"inlineImage-offer_image-PT03\":\"\",\"inlineImage-offer_image-PT04\":\"\",\"inlineImage-offer_image-PT05\":\"\",\"import_designation\":\"Imported\",\"country_of_origin\":\"CN\",\"seller_warranty_description\":\"\",\"merchant_release_date\":\"2016-10-20\",\"country_as_labeled\":\"\",\"offering_can_be_giftwrapped\":\"false\",\"offering_can_be_gift_messaged\":\"false\",\"quantity\":\"1\",\"product_tax_code\":\"A_BABY_CLOTH\",\"condition_type\":\"new, new\",\"standard_price\":\"4.9\",\"fulfillment_latency\":\"1\",\"sale_price\":\"\",\"sale_from_date\":\"\",\"sale_end_date\":\"\",\"restock_date\":\"\",\"condition_note\":\"\",\"legal_disclaimer_description\":\"Must be at least 18 & over to purchase \",\"offering_start_date\":\"2016-10-20\",\"signed_by\":\"\",\"offerFulfillment\":\"\",\"rememberDefaultChannel\":\"false\",\"ProductImage__PT00\":\"\",\"file\":\"\",\"ProductImage_PT01\":\"\",\"ProductImage_PT02\":\"\",\"ProductImage_PT03\":\"\",\"ProductImage_PT04\":\"\",\"ProductImage_PT05\":\"\",\"ProductImage_PT06\":\"\",\"ProductImage_PT07\":\"\",\"ProductImage_PT08\":\"\",\"bullet_point1\":\"soft \",\"bullet_point2\":\"\",\"bullet_point3\":\"\",\"bullet_point4\":\"\",\"bullet_point5\":\"\",\"product_description\":\"With the huge success of Melissa\'s whimsical and fashion forward jellies for almost 30 years now little fashionistas rejoice worldwide with Mini Melissa. Melissa brings the same focus on comfort and design to the Mini Melissa collection, with resemblance to some of its most iconic silhouettes and designs reflected in the Mini collection, these precious shoes will bring joy to any little girl! These waterproof Mary Janes are elevated by a hidden wedge, pretty peep-toe front and bold bow, crafted in matte PVC with grip-tape closure.\\r\\n\\r\\nWith the huge success of Melissa\'s whimsical and fashion forward jellies for almost 30 years now little fashionistas rejoice worldwide with Mini Melissa. Melissa brings the same focus on comfort and design to the Mini Melissa collection, with resemblance to some of its most iconic silhouettes and designs reflected in the Mini collection, these precious shoes will bring joy to any little girl! \",\"generic_keywords1\":\"shoes,shoe,child,children,girl,girls,baby,soft,summer,cute\",\"generic_keywords2\":\" Melissa \",\"generic_keywords3\":\"Ultragirl \",\"generic_keywords4\":\"\",\"generic_keywords5\":\"\",\"platinum_keywords1\":\"\",\"platinum_keywords2\":\"\",\"platinum_keywords3\":\"\",\"platinum_keywords4\":\"\",\"platinum_keywords5\":\"\",\"platinum_keywords6\":\"\",\"platinum_keywords7\":\"\",\"platinum_keywords8\":\"\",\"platinum_keywords9\":\"\",\"platinum_keywords10\":\"\",\"platinum_keywords11\":\"\",\"platinum_keywords12\":\"\",\"platinum_keywords13\":\"\",\"platinum_keywords14\":\"\",\"platinum_keywords15\":\"\",\"platinum_keywords16\":\"\",\"platinum_keywords17\":\"\",\"platinum_keywords18\":\"\",\"platinum_keywords19\":\"\",\"platinum_keywords20\":\"\",\"thesaurus_subject_keywords1\":\"Summer\",\"thesaurus_subject_keywords2\":\"\",\"thesaurus_subject_keywords3\":\"\",\"thesaurus_subject_keywords4\":\"\",\"thesaurus_subject_keywords5\":\"\",\"thesaurus_attribute_keywords1\":\"\",\"thesaurus_attribute_keywords2\":\"\",\"thesaurus_attribute_keywords3\":\"\",\"thesaurus_attribute_keywords4\":\"\",\"thesaurus_attribute_keywords5\":\"\",\"specific_uses_keywords1\":\"gifts\",\"specific_uses_keywords2\":\"girl\",\"specific_uses_keywords3\":\"\",\"specific_uses_keywords4\":\"\",\"specific_uses_keywords5\":\"\",\"target_audience_keywords1\":\"baby girl\",\"target_audience_keywords2\":\"\",\"target_audience_keywords3\":\"\",\"target_audience_keywords4\":\"\",\"target_audience_keywords5\":\"\",\"list_price\":\"50\",\"is_discontinued_by_manufacturer\":\"false\",\"website_shipping_weight\":\"14.4\",\"website_shipping_weight_unit_of_measure\":\"ounces\",\"flavor_name\":\"\",\"pattern_name\":\"baby cat\",\"style_name\":\"Child\",\"model_name\":\"none\",\"golf_club_flex\":\"\",\"grip_size\":\"\",\"grip_type\":\"\",\"shaft_material\":\"\",\"shaft_style_type\":\"\",\"head_size_name\":\"\",\"golf_club_loft\":\"\",\"golf_club_loft_unit_of_measure\":\"\",\"line_weight\":\"\",\"curvature\":\"\",\"caliber\":\"\",\"number_of_rounds\":\"\",\"boot_size\":\"\",\"calf_size\":\"\",\"fencing_pommel_type\":\"\",\"belt_style\":\"\",\"bottom_style\":\"\",\"collar_style\":\"\",\"cuff_type\":\"\",\"fabric_wash\":\"\",\"league_name\":\"\",\"leg_style\":\"\",\"neck_style\":\"\",\"pocket_description\":\"\",\"shoe_width\":\"\",\"theme\":\"\",\"top_style\":\"\",\"wheel_type\":\"\",\"product_site_launch_date\":\"\",\"package_length\":\"\",\"package_height\":\"\",\"package_width\":\"\",\"package_dimensions_unit_of_measure\":\"\",\"package_weight\":\"\",\"package_weight_unit_of_measure\":\"\",\"battery_type_lithium_ion\":\"\",\"battery_type_lithium_metal\":\"\",\"number_of_batteries\":\"\",\"battery_type\":\"\",\"number_of_lithium_ion_cells\":\"\",\"number_of_lithium_metal_cells\":\"\",\"lithium_battery_energy_content\":\"\",\"lithium_battery_energy_content_unit_of_measure\":\"\",\"lithium_battery_voltage\":\"\",\"lithium_battery_voltage_unit_of_measure\":\"\",\"lithium_battery_weight\":\"\",\"lithium_battery_weight_unit_of_measure\":\"\",\"lithium_battery_packaging\":\"\",\"temperature_rating_degrees\":\"\",\"temperature_rating_degrees_unit_of_measure\":\"\",\"cross_section_shape\":\"\",\"bike_type\":\"\",\"occupancy\":\"\",\"maximum_energy_output\":\"\",\"maximum_energy_output_unit_of_measure\":\"\",\"map_type\":\"\",\"team_name\":\"\",\"memory_storage_capacity\":\"\",\"memory_storage_capacity_unit_of_measure\":\"\",\"cap_type\":\"\",\"turn_radius\":\"\",\"turn_radius_unit_of_measure\":\"\",\"sleeve_length1\":\"\",\"sleeve_length_unit_of_measure1\":\"\",\"sleeve_length2\":\"\",\"sleeve_length_unit_of_measure2\":\"\",\"number_of_programs\":\"\",\"seat_height\":\"\",\"seat_height_unit_of_measure\":\"\",\"floor_width\":\"\",\"floor_width_unit_of_measure\":\"\",\"support_type\":\"\",\"front_style\":\"\",\"number_of_blades\":\"\",\"light_source_type\":\"\",\"minimum_compatible_boot_size\":\"\",\"minimum_compatible_boot_size_unit_of_measure\":\"\",\"display_color_support1\":\"\",\"display_color_support2\":\"\",\"display_color_support3\":\"\",\"display_color_support4\":\"\",\"display_color_support5\":\"\",\"cup_size\":\"\",\"speed_rating\":\"\",\"native_resolution\":\"\",\"hole_count\":\"\",\"item_area\":\"\",\"item_area_unit_of_measure\":\"\",\"static_elongation_percentage\":\"\",\"fuel_type\":\"\",\"included_features\":\"\",\"is_autographed\":\"false\",\"capacity\":\"\",\"capacity_unit_of_measure\":\"\",\"action\":\"\",\"is_memorabilia\":\"false\",\"display_resolution_maximum\":\"\",\"volume_capacity_name\":\"\",\"volume_capacity_name_unit_of_measure\":\"\",\"rim_size\":\"\",\"rim_size_unit_of_measure\":\"\",\"magnification_minimum\":\"\",\"magnification_minimum_unit_of_measure\":\"\",\"underwire_type\":\"\",\"number_of_carriage_positions\":\"\",\"battery_description\":\"\",\"light_source_operating_life\":\"\",\"light_source_operating_life_unit_of_measure\":\"\",\"minimum_compatible_rope_diameter\":\"\",\"minimum_compatible_rope_diameter_unit_of_measure\":\"\",\"number_of_power_levels\":\"\",\"grip_material_type\":\"\",\"compatible_devices1\":\"\",\"compatible_devices2\":\"\",\"compatible_devices3\":\"\",\"compatible_devices4\":\"\",\"compatible_devices5\":\"\",\"compatible_devices6\":\"\",\"compatible_devices7\":\"\",\"compatible_devices8\":\"\",\"compatible_devices9\":\"\",\"compatible_devices10\":\"\",\"compatible_devices11\":\"\",\"compatible_devices12\":\"\",\"compatible_devices13\":\"\",\"compatible_devices14\":\"\",\"compatible_devices15\":\"\",\"compatible_devices16\":\"\",\"compatible_devices17\":\"\",\"compatible_devices18\":\"\",\"compatible_devices19\":\"\",\"compatible_devices20\":\"\",\"compatible_devices21\":\"\",\"compatible_devices22\":\"\",\"compatible_devices23\":\"\",\"compatible_devices24\":\"\",\"compatible_devices25\":\"\",\"compatible_devices26\":\"\",\"compatible_devices27\":\"\",\"compatible_devices28\":\"\",\"compatible_devices29\":\"\",\"compatible_devices30\":\"\",\"guard_material_type\":\"\",\"customer_package_type\":\"\",\"athlete\":\"\",\"beam_width\":\"\",\"beam_width_unit_of_measure\":\"\",\"maximum_tension_load\":\"\",\"maximum_tension_load_unit_of_measure\":\"\",\"maximum_compatible_rope_diameter\":\"\",\"maximum_compatible_rope_diameter_unit_of_measure\":\"\",\"display_size\":\"\",\"display_size_unit_of_measure\":\"\",\"specific_uses_for_product\":\"\",\"number_of_exercises\":\"\",\"backing_line_capacity\":\"\",\"orientation\":\"\",\"minimum_torso_measurement\":\"\",\"fit_type1\":\"\",\"fit_type2\":\"\",\"fit_type3\":\"\",\"fit_type4\":\"\",\"fit_type5\":\"\",\"fit_type6\":\"\",\"fit_type7\":\"\",\"fit_type8\":\"\",\"fit_type9\":\"\",\"fit_type10\":\"\",\"fit_type11\":\"\",\"fit_type12\":\"\",\"fit_type13\":\"\",\"fit_type14\":\"\",\"fit_type15\":\"\",\"fit_type16\":\"\",\"fit_type17\":\"\",\"fit_type18\":\"\",\"fit_type19\":\"\",\"fit_type20\":\"\",\"fit_type21\":\"\",\"fit_type22\":\"\",\"fit_type23\":\"\",\"fit_type24\":\"\",\"fit_type25\":\"\",\"software_included\":\"\",\"seating_capacity\":\"\",\"fishing_line_type\":\"\",\"pattern_type\":\"\",\"top_tube_length\":\"\",\"top_tube_length_unit_of_measure\":\"\",\"target_zone_calculation_type\":\"\",\"sonar_type\":\"\",\"special_size_type\":\"\",\"motor_type\":\"\",\"construction_type\":\"\",\"engine_displacement\":\"\",\"engine_displacement_unit_of_measure\":\"\",\"uiaa_fall_rating\":\"\",\"event_name\":\"\",\"handle_type\":\"\",\"rise_style\":\"\",\"number_of_resistance_levels\":\"\",\"capacity_name\":\"\",\"ingredients\":\"\",\"skill_level\":\"\",\"number_of_doors\":\"\",\"floor_length\":\"\",\"floor_length_unit_of_measure\":\"\",\"power_source_type\":\"\",\"minimum_tension_rating\":\"\",\"minimum_tension_rating_unit_of_measure\":\"\",\"breaking_strength\":\"\",\"breaking_strength_unit_of_measure\":\"\",\"brake_style\":\"\",\"pages\":\"\",\"pages_unit_of_measure\":\"\",\"department_name1\":\"\",\"department_name2\":\"\",\"department_name3\":\"\",\"department_name4\":\"\",\"department_name5\":\"\",\"blade_length\":\"\",\"blade_length_unit_of_measure\":\"\",\"sleeve_type\":\"\",\"mounting_type\":\"\",\"state_string\":\"\",\"insulation_resistance\":\"\",\"insulation_resistance_unit_of_measure\":\"\",\"brake_width\":\"\",\"brake_width_unit_of_measure\":\"\",\"number_of_pockets\":\"\",\"unit_count1\":\"\",\"unit_count2\":\"\",\"lens_type\":\"\",\"rotation_direction\":\"\",\"wattage1\":\"\",\"wattage_unit_of_measure1\":\"\",\"wattage2\":\"\",\"wattage_unit_of_measure2\":\"\",\"wattage3\":\"\",\"wattage_unit_of_measure3\":\"\",\"waist_size\":\"\",\"waist_size_unit_of_measure\":\"\",\"bisac_subject_description\":\"\",\"objective_lens_diameter\":\"\",\"objective_lens_diameter_unit_of_measure\":\"\",\"floor_area\":\"\",\"floor_area_unit_of_measure\":\"\",\"load_capacity1\":\"\",\"load_capacity_unit_of_measure1\":\"\",\"load_capacity2\":\"\",\"load_capacity_unit_of_measure2\":\"\",\"number_of_head_positions\":\"\",\"number_of_gear_loops\":\"\",\"uniform_number\":\"\",\"lamp_type\":\"\",\"included_components\":\"\",\"special_features1\":\"\",\"special_features2\":\"\",\"special_features3\":\"\",\"special_features4\":\"\",\"special_features5\":\"\",\"special_features6\":\"\",\"special_features7\":\"\",\"special_features8\":\"\",\"special_features9\":\"\",\"special_features10\":\"\",\"special_features11\":\"\",\"special_features12\":\"\",\"special_features13\":\"\",\"special_features14\":\"\",\"special_features15\":\"\",\"special_features16\":\"\",\"special_features17\":\"\",\"special_features18\":\"\",\"special_features19\":\"\",\"special_features20\":\"\",\"special_features21\":\"\",\"special_features22\":\"\",\"special_features23\":\"\",\"special_features24\":\"\",\"special_features25\":\"\",\"special_features26\":\"\",\"special_features27\":\"\",\"special_features28\":\"\",\"special_features29\":\"\",\"special_features30\":\"\",\"inseam_length\":\"\",\"inseam_length_unit_of_measure\":\"\",\"item_volume1\":\"\",\"item_volume_unit_of_measure1\":\"\",\"item_volume2\":\"\",\"item_volume_unit_of_measure2\":\"\",\"frequency_bands_supported\":\"\",\"fitting_type\":\"\",\"effective_edge_length\":\"\",\"effective_edge_length_unit_of_measure\":\"\",\"fur_description\":\"\",\"tensile_strength\":\"\",\"tensile_strength_unit_of_measure\":\"\",\"number_of_foot_positions\":\"\",\"connector_type\":\"\",\"assembly_instructions\":\"\",\"maximum_resistance\":\"\",\"maximum_resistance_unit_of_measure\":\"\",\"frame_material_type\":\"\",\"display_type\":\"\",\"frame_type\":\"\",\"minimum_weight_recommendation\":\"\",\"minimum_weight_recommendation_unit_of_measure\":\"\",\"handle_material\":\"\",\"number_of_springs\":\"\",\"wheel_size\":\"\",\"wheel_size_unit_of_measure\":\"\",\"access_location\":\"\",\"resistance_mechanism\":\"\",\"fabric_type1\":\"\",\"fabric_type2\":\"\",\"fabric_type3\":\"\",\"folded_size\":\"\",\"insulation_material_type\":\"\",\"maximum_height_recommendation\":\"\",\"maximum_height_recommendation_unit_of_measure\":\"\",\"battery_average_life\":\"\",\"battery_average_life_unit_of_measure\":\"\",\"maximum_incline_percentage\":\"\",\"number_of_poles\":\"\",\"number_of_pieces\":\"\",\"glove_type\":\"\",\"blade_edge_type\":\"\",\"apparent_scale_size\":\"\",\"apparent_scale_size_unit_of_measure\":\"\",\"maximum_weight_capacity\":\"\",\"maximum_weight_capacity_unit_of_measure\":\"\",\"heat_output\":\"\",\"heat_output_unit_of_measure\":\"\",\"bearing_material_type\":\"\",\"crank_length\":\"\",\"crank_length_unit_of_measure\":\"\",\"number_of_speeds\":\"\",\"waypoints\":\"\",\"batteries_required\":\"false\",\"outer_material_type\":\"\",\"blade_shape\":\"\",\"maximum_tension_rating\":\"\",\"maximum_tension_rating_unit_of_measure\":\"\",\"ultraviolet_light_protection\":\"\",\"fuel_capacity\":\"\",\"fuel_capacity_unit_of_measure\":\"\",\"mfg_warranty_description_type\":\"\",\"navigation_routes\":\"\",\"amperage1\":\"\",\"amperage_unit_of_measure1\":\"\",\"amperage2\":\"\",\"amperage_unit_of_measure2\":\"\",\"pad_type\":\"\",\"seasons\":\"\",\"alarm\":\"\",\"control_program_name\":\"\",\"number_of_items\":\"\",\"boil_rate_description\":\"\",\"inner_material_type\":\"\",\"lock_type\":\"\",\"water_resistance_depth\":\"\",\"water_resistance_depth_unit_of_measure\":\"\",\"static_load_capacity\":\"\",\"static_load_capacity_unit_of_measure\":\"\",\"lens_material_type\":\"\",\"sport_type\":\"\",\"life_vest_type\":\"\",\"closure_type\":\"\",\"scale_name\":\"\",\"strap_type\":\"\",\"hull_shape\":\"\",\"frame_size\":\"\",\"fill_material_type\":\"\",\"operation_mode\":\"\",\"suspension_type\":\"\",\"item_thickness_derived\":\"\",\"item_thickness_unit_of_measure\":\"\",\"max_aggregate_ship_quantity\":\"\",\"are_batteries_included\":\"false\",\"watch_movement_type\":\"\",\"cpsia_cautionary_statement1\":\"\",\"cpsia_cautionary_statement2\":\"\",\"cpsia_cautionary_statement3\":\"\",\"cpsia_cautionary_statement4\":\"\",\"cpsia_cautionary_description\":\"\",\"instrumentationData\":\"{\\\"isSimpleSubmission\\\":true,\\\"isSimpleOnlySubmission\\\":true,\\\"clickToCriticalFeature\\\":9244,\\\"numProductImagesUploaded\\\":0,\\\"tabTimeOnTask\\\":{\\\"tang_vital_info\\\":14895,\\\"variations\\\":0,\\\"offer\\\":0,\\\"image\\\":128217,\\\"tang_description\\\":0,\\\"tang_keywords\\\":0,\\\"tang_more_details\\\":0},\\\"timeOnTask\\\":151352,\\\"browseNodeTimeOnTask\\\":0,\\\"browseNodeSelectionMethod\\\":\\\"\\\"}\",\"price\":\"4.9\",\"stock\":\"1\",\"variation_form\":\"\\\"<div class=\\\\\\\"variation-theme-menu\\\\\\\"><div class=\\\\\\\"elements-container\\\\\\\">\\\\n\\\\t\\\\t\\\\t\\\\t\\\\t<table class=\\\\\\\"elements one-by-one-table\\\\\\\">\\\\n\\\\t\\\\t\\\\t\\\\t\\\\t\\\\t<thead style=\\\\\\\"display: table-header-group;\\\\\\\">\\\\n\\\\t\\\\t\\\\t\\\\t\\\\t\\\\t\\\\t\\\\n\\\\t\\\\t<tr class=\\\\\\\"row\\\\\\\">\\\\n\\\\t\\\\t\\\\t<td><\\/td>\\\\n\\\\t\\\\t\\\\t<td data-attribute-name=\\\\\\\"color_name\\\\\\\">\\\\n\\\\t\\\\t\\\\t\\\\t\\\\t<label for=\\\\\\\"\\\\\\\" class=\\\\\\\"minor-attribute-label\\\\\\\" title=\\\\\\\"\\\\\\\">\\\\n\\\\t<span class=\\\\\\\"requiredAsterisk bold\\\\\\\"> <\\/span>\\\\n\\\\n\\\\t<span> Color<\\/span>\\\\n\\\\n\\\\t<\\/label>\\\\n<\\/td>\\\\n\\\\t\\\\t\\\\t<td data-attribute-name=\\\\\\\"color_map\\\\\\\">\\\\n\\\\t\\\\t\\\\t\\\\t\\\\t<label for=\\\\\\\"\\\\\\\" class=\\\\\\\"minor-attribute-label\\\\\\\" title=\\\\\\\"\\\\\\\">\\\\n\\\\t<span class=\\\\\\\"requiredAsterisk bold\\\\\\\"> <\\/span>\\\\n\\\\n\\\\t<span> Color Map<\\/span>\\\\n\\\\n\\\\t<\\/label>\\\\n<\\/td>\\\\n\\\\t\\\\t\\\\t<td data-attribute-name=\\\\\\\"item_sku\\\\\\\">\\\\n\\\\t\\\\t\\\\t\\\\t\\\\t<label for=\\\\\\\"\\\\\\\" class=\\\\\\\"minor-attribute-label\\\\\\\" title=\\\\\\\"\\\\\\\">\\\\n\\\\t<span class=\\\\\\\"requiredAsterisk bold\\\\\\\"> <\\/span>\\\\n\\\\n\\\\t<span> SKU<\\/span>\\\\n\\\\n\\\\t<\\/label>\\\\n<\\/td>\\\\n\\\\t\\\\t\\\\t<td data-attribute-name=\\\\\\\"external_product_id\\\\\\\">\\\\n\\\\t\\\\t\\\\t\\\\t\\\\t<label for=\\\\\\\"\\\\\\\" class=\\\\\\\"minor-attribute-label\\\\\\\" title=\\\\\\\"\\\\\\\">\\\\n\\\\t<span class=\\\\\\\"requiredAsterisk bold\\\\\\\"> <\\/span>\\\\n\\\\n\\\\t<span> Product ID<\\/span>\\\\n\\\\n\\\\t<\\/label>\\\\n<\\/td>\\\\n\\\\t\\\\t\\\\t<td data-attribute-name=\\\\\\\"external_product_id_type\\\\\\\">\\\\n\\\\t\\\\t\\\\t\\\\t\\\\t<label for=\\\\\\\"\\\\\\\" class=\\\\\\\"minor-attribute-label\\\\\\\" title=\\\\\\\"\\\\\\\">\\\\n\\\\t<span class=\\\\\\\"requiredAsterisk bold\\\\\\\"> <\\/span>\\\\n\\\\n\\\\t<span> Product ID Type<\\/span>\\\\n\\\\n\\\\t<\\/label>\\\\n<\\/td>\\\\n\\\\t\\\\t\\\\t<td data-attribute-name=\\\\\\\"condition_type\\\\\\\">\\\\n\\\\t\\\\t\\\\t\\\\t\\\\t<label for=\\\\\\\"\\\\\\\" class=\\\\\\\"minor-attribute-label\\\\\\\" title=\\\\\\\"\\\\\\\">\\\\n\\\\t<span class=\\\\\\\"requiredAsterisk bold\\\\\\\"> <\\/span>\\\\n\\\\n\\\\t<span> Condition<\\/span>\\\\n\\\\n\\\\t<\\/label>\\\\n<\\/td>\\\\n\\\\t\\\\t\\\\t<td data-attribute-name=\\\\\\\"condition_note\\\\\\\" style=\\\\\\\"display: none;\\\\\\\">\\\\n\\\\t\\\\t\\\\t\\\\t\\\\t<label for=\\\\\\\"\\\\\\\" class=\\\\\\\"minor-attribute-label\\\\\\\" title=\\\\\\\"\\\\\\\">\\\\n\\\\t<span class=\\\\\\\"requiredAsterisk bold\\\\\\\"> <\\/span>\\\\n\\\\n\\\\t<span> Condition Note<\\/span>\\\\n\\\\n\\\\t<\\/label>\\\\n<\\/td>\\\\n\\\\t\\\\t\\\\t<td data-attribute-name=\\\\\\\"standard_price\\\\\\\">\\\\n\\\\t\\\\t\\\\t\\\\t\\\\t<label for=\\\\\\\"\\\\\\\" class=\\\\\\\"minor-attribute-label\\\\\\\" title=\\\\\\\"\\\\\\\">\\\\n\\\\t<span class=\\\\\\\"requiredAsterisk bold\\\\\\\"> <\\/span>\\\\n\\\\n\\\\t<span> Your price<\\/span>\\\\n\\\\n\\\\t<\\/label>\\\\n<\\/td>\\\\n\\\\t\\\\t\\\\t<td data-attribute-name=\\\\\\\"sale_price\\\\\\\" style=\\\\\\\"display: none;\\\\\\\">\\\\n\\\\t\\\\t\\\\t\\\\t\\\\t<label for=\\\\\\\"\\\\\\\" class=\\\\\\\"minor-attribute-label\\\\\\\" title=\\\\\\\"\\\\\\\">\\\\n\\\\t<span class=\\\\\\\"requiredAsterisk bold\\\\\\\"> <\\/span>\\\\n\\\\n\\\\t<span> Sale Price<\\/span>\\\\n\\\\n\\\\t<\\/label>\\\\n<\\/td>\\\\n\\\\t\\\\t\\\\t<td data-attribute-name=\\\\\\\"sale_from_date\\\\\\\" style=\\\\\\\"display: none;\\\\\\\">\\\\n\\\\t\\\\t\\\\t\\\\t\\\\t<label for=\\\\\\\"\\\\\\\" class=\\\\\\\"minor-attribute-label\\\\\\\" title=\\\\\\\"\\\\\\\">\\\\n\\\\t<span class=\\\\\\\"requiredAsterisk bold\\\\\\\"> <\\/span>\\\\n\\\\n\\\\t<span> Sale Start Date<\\/span>\\\\n\\\\n\\\\t<\\/label>\\\\n<\\/td>\\\\n\\\\t\\\\t\\\\t<td data-attribute-name=\\\\\\\"sale_end_date\\\\\\\" style=\\\\\\\"display: none;\\\\\\\">\\\\n\\\\t\\\\t\\\\t\\\\t\\\\t<label for=\\\\\\\"\\\\\\\" class=\\\\\\\"minor-attribute-label\\\\\\\" title=\\\\\\\"\\\\\\\">\\\\n\\\\t<span class=\\\\\\\"requiredAsterisk bold\\\\\\\"> <\\/span>\\\\n\\\\n\\\\t<span> Sale End Date<\\/span>\\\\n\\\\n\\\\t<\\/label>\\\\n<\\/td>\\\\n\\\\t\\\\t\\\\t<td data-attribute-name=\\\\\\\"quantity\\\\\\\">\\\\n\\\\t\\\\t\\\\t\\\\t\\\\t<label for=\\\\\\\"\\\\\\\" class=\\\\\\\"minor-attribute-label\\\\\\\" title=\\\\\\\"\\\\\\\">\\\\n\\\\t<span class=\\\\\\\"requiredAsterisk bold\\\\\\\"> <\\/span>\\\\n\\\\n\\\\t<span> Quantity<\\/span>\\\\n\\\\n\\\\t<\\/label>\\\\n<\\/td>\\\\n\\\\t\\\\t\\\\t<td><\\/td>\\\\n\\\\t\\\\t<\\/tr>\\\\n\\\\t\\\\t<tr class=\\\\\\\"modify-all-row row\\\\\\\">\\\\n\\\\t\\\\t\\\\t<td class=\\\\\\\"attribute\\\\\\\" data-attribute-name=\\\\\\\"row-selection\\\\\\\">\\\\n\\\\t\\\\t\\\\t\\\\t<input class=\\\\\\\"row-selection\\\\\\\" type=\\\\\\\"checkbox\\\\\\\">\\\\n\\\\t\\\\t\\\\t<\\/td>\\\\n\\\\t\\\\t\\\\t<td class=\\\\\\\"attribute\\\\\\\" data-attribute-name=\\\\\\\"color_name\\\\\\\">\\\\n\\\\t\\\\t\\\\t\\\\t\\\\t<\\/td>\\\\n\\\\t\\\\t\\\\t<td class=\\\\\\\"attribute\\\\\\\" data-attribute-name=\\\\\\\"color_map\\\\\\\">\\\\n\\\\t\\\\t\\\\t\\\\t\\\\t<div id=\\\\\\\"Parent-color_map-first-row-div\\\\\\\" class=\\\\\\\"\\\\\\\" data-attribute-name=\\\\\\\"color_map\\\\\\\">\\\\n\\\\t\\\\t<input name=\\\\\\\"color_map-first-row\\\\\\\" id=\\\\\\\"color_map-first-row\\\\\\\" maxlength=\\\\\\\"2000\\\\\\\" value=\\\\\\\"\\\\\\\" size=\\\\\\\"65.0\\\\\\\" class=\\\\\\\"autocomplete charcounter ui-autocomplete-input\\\\\\\" placeholder=\\\\\\\"\\\\\\\" autocomplete=\\\\\\\"off\\\\\\\" type=\\\\\\\"text\\\\\\\"><div class=\\\\\\\"tiny character_counter\\\\\\\"><\\/div>\\\\n\\\\t<\\/div>\\\\n<\\/td>\\\\n\\\\t\\\\t\\\\t<td class=\\\\\\\"attribute\\\\\\\" data-attribute-name=\\\\\\\"item_sku\\\\\\\">\\\\n\\\\t\\\\t\\\\t\\\\t\\\\t<\\/td>\\\\n\\\\t\\\\t\\\\t<td class=\\\\\\\"attribute\\\\\\\" data-attribute-name=\\\\\\\"external_product_id\\\\\\\">\\\\n\\\\t\\\\t\\\\t\\\\t\\\\t<\\/td>\\\\n\\\\t\\\\t\\\\t<td class=\\\\\\\"attribute\\\\\\\" data-attribute-name=\\\\\\\"external_product_id_type\\\\\\\">\\\\n\\\\t\\\\t\\\\t\\\\t\\\\t<\\/td>\\\\n\\\\t\\\\t\\\\t<td class=\\\\\\\"attribute\\\\\\\" data-attribute-name=\\\\\\\"condition_type\\\\\\\">\\\\n\\\\t\\\\t\\\\t\\\\t\\\\t<div id=\\\\\\\"Parent-condition_type-first-row-div\\\\\\\" class=\\\\\\\"\\\\\\\" data-attribute-name=\\\\\\\"condition_type\\\\\\\">\\\\n\\\\t\\\\t<select id=\\\\\\\"condition_type-first-row\\\\\\\" name=\\\\\\\"condition_type-first-row\\\\\\\" class=\\\\\\\"\\\\\\\">\\\\n\\\\t<option value=\\\\\\\"\\\\\\\">\\\\n\\\\t\\\\t\\\\t- Select -<\\/option>\\\\n\\\\t<option value=\\\\\\\"new, new\\\\\\\">\\\\n\\\\t\\\\t\\\\tNew<\\/option>\\\\n\\\\t<option value=\\\\\\\"used, like_new\\\\\\\">\\\\n\\\\t\\\\t\\\\tUsed - Like New<\\/option>\\\\n\\\\t<option value=\\\\\\\"used, very_good\\\\\\\">\\\\n\\\\t\\\\t\\\\tUsed - Very Good<\\/option>\\\\n\\\\t<option value=\\\\\\\"used, good\\\\\\\">\\\\n\\\\t\\\\t\\\\tUsed - Good<\\/option>\\\\n\\\\t<option value=\\\\\\\"used, acceptable\\\\\\\">\\\\n\\\\t\\\\t\\\\tUsed - Acceptable<\\/option>\\\\n\\\\t<option value=\\\\\\\"collectible, like_new\\\\\\\">\\\\n\\\\t\\\\t\\\\tCollectible - Like New<\\/option>\\\\n\\\\t<option value=\\\\\\\"collectible, very_good\\\\\\\">\\\\n\\\\t\\\\t\\\\tCollectible - Very Good<\\/option>\\\\n\\\\t<option value=\\\\\\\"collectible, good\\\\\\\">\\\\n\\\\t\\\\t\\\\tCollectible - Good<\\/option>\\\\n\\\\t<option value=\\\\\\\"collectible, acceptable\\\\\\\">\\\\n\\\\t\\\\t\\\\tCollectible - Acceptable<\\/option>\\\\n\\\\t<option value=\\\\\\\"refurbished, refurbished\\\\\\\">\\\\n\\\\t\\\\t\\\\tRefurbished<\\/option>\\\\n\\\\t<\\/select>\\\\n<\\/div>\\\\n<\\/td>\\\\n\\\\t\\\\t\\\\t<td class=\\\\\\\"attribute\\\\\\\" data-attribute-name=\\\\\\\"condition_note\\\\\\\" style=\\\\\\\"display: none;\\\\\\\">\\\\n\\\\t\\\\t\\\\t\\\\t\\\\t<div id=\\\\\\\"Parent-condition_note-first-row-div\\\\\\\" class=\\\\\\\"\\\\\\\" data-attribute-name=\\\\\\\"condition_note\\\\\\\">\\\\n\\\\t\\\\t<textarea name=\\\\\\\"condition_note-first-row\\\\\\\" id=\\\\\\\"condition_note-first-row\\\\\\\" cols=\\\\\\\"50\\\\\\\" maxlength=\\\\\\\"2004\\\\\\\" class=\\\\\\\" charcounter\\\\\\\" placeholder=\\\\\\\"\\\\\\\" rows=\\\\\\\"5\\\\\\\">\\\\t\\\\n\\\\n\\\\t\\\\t\\\\t\\\\n\\\\t\\\\t\\\\t\\\\t\\\\t\\\\n\\\\n\\\\t\\\\t\\\\t\\\\n\\\\t\\\\t\\\\t\\\\t\\\\t\\\\n\\\\n\\\\t\\\\t\\\\t\\\\n\\\\t\\\\t\\\\t\\\\t\\\\t\\\\n\\\\n\\\\t\\\\t\\\\t\\\\n\\\\t\\\\t\\\\t\\\\t\\\\t\\\\n\\\\n\\\\t\\\\t\\\\t\\\\n\\\\t\\\\t\\\\t\\\\t\\\\t\\\\n\\\\n\\\\t\\\\t\\\\t\\\\n\\\\t\\\\t\\\\n\\\\t\\\\n\\\\t\\\\t\\\\t\\\\t\\\\t\\\\t\\\\n\\\\t\\\\t\\\\t\\\\t\\\\t\\\\t\\\\n\\\\t\\\\t\\\\t\\\\n\\\\t\\\\t\\\\t\\\\t\\\\n\\\\t\\\\t\\\\t\\\\n\\\\t\\\\t\\\\t\\\\n\\\\t\\\\t\\\\t\\\\t\\\\t\\\\n\\\\t\\\\t\\\\t\\\\t\\\\t\\\\t\\\\t\\\\n\\\\t\\\\t\\\\t\\\\t\\\\t\\\\t\\\\n\\\\t\\\\t\\\\t\\\\n\\\\n\\\\t\\\\t\\\\t\\\\t\\\\t\\\\t\\\\t\\\\n\\\\t\\\\t\\\\t\\\\t\\\\t\\\\t\\\\t\\\\t\\\\n\\\\n\\\\t\\\\t\\\\t\\\\t\\\\t\\\\t\\\\t\\\\n\\\\t\\\\t\\\\t\\\\t\\\\t\\\\t\\\\n\\\\t\\\\t\\\\t\\\\n\\\\n\\\\t\\\\t\\\\t\\\\t\\\\t\\\\t\\\\t\\\\n\\\\t\\\\t\\\\t\\\\t\\\\t\\\\t\\\\t\\\\t\\\\n\\\\n\\\\t\\\\t\\\\t\\\\t\\\\t\\\\t\\\\t\\\\n\\\\t\\\\t\\\\t\\\\t\\\\t\\\\t\\\\n\\\\t\\\\t\\\\t\\\\n\\\\n\\\\t\\\\t\\\\t\\\\t\\\\t\\\\t\\\\t\\\\n\\\\t\\\\t\\\\t\\\\t\\\\t\\\\t\\\\t\\\\t\\\\n\\\\n\\\\t\\\\t\\\\t\\\\t\\\\t\\\\t\\\\t\\\\n\\\\t\\\\t\\\\t\\\\t\\\\t\\\\t\\\\n\\\\t\\\\t\\\\t\\\\n\\\\n\\\\t\\\\t\\\\t\\\\t\\\\t\\\\t\\\\t\\\\n\\\\t\\\\t\\\\t\\\\t\\\\t\\\\t\\\\t\\\\t\\\\n\\\\n\\\\t\\\\t\\\\t\\\\t\\\\t\\\\t\\\\t\\\\n\\\\t\\\\t\\\\t\\\\t\\\\t\\\\t\\\\n\\\\t\\\\t\\\\t\\\\n\\\\n\\\\t\\\\t\\\\t\\\\t\\\\t\\\\t\\\\t\\\\n\\\\t\\\\t\\\\t\\\\t\\\\t\\\\t\\\\t\\\\t\\\\n\\\\n\\\\t\\\\t\\\\t\\\\t\\\\t\\\\t\\\\t\\\\n\\\\t\\\\t\\\\t\\\\t\\\\t\\\\t\\\\n\\\\t\\\\t\\\\t\\\\n\\\\n\\\\t\\\\t\\\\t\\\\t\\\\t\\\\t\\\\t\\\\n\\\\t\\\\t\\\\t\\\\t\\\\t\\\\t\\\\t\\\\t\\\\n\\\\n\\\\t\\\\t\\\\t\\\\t\\\\t\\\\t\\\\t\\\\n\\\\t\\\\t\\\\t\\\\t\\\\t\\\\t\\\\n\\\\t\\\\t\\\\t\\\\n\\\\n\\\\t\\\\t\\\\t\\\\t\\\\t\\\\t\\\\t\\\\n\\\\t\\\\t\\\\t\\\\t\\\\t\\\\t\\\\t\\\\t\\\\n\\\\n\\\\t\\\\t\\\\t\\\\t\\\\t\\\\t\\\\t\\\\n\\\\t\\\\t\\\\t\\\\t\\\\t\\\\t\\\\n\\\\t\\\\t\\\\t\\\\n\\\\n\\\\t\\\\t\\\\t\\\\t\\\\t\\\\t\\\\t\\\\n\\\\t\\\\t\\\\t\\\\t\\\\t\\\\t\\\\t\\\\t\\\\n\\\\n\\\\t\\\\t\\\\t\\\\t\\\\t\\\\t\\\\t\\\\n\\\\t\\\\t\\\\t\\\\t\\\\t\\\\t\\\\n\\\\t\\\\t\\\\t\\\\n\\\\n\\\\t\\\\t\\\\t\\\\t\\\\t\\\\t\\\\t\\\\n\\\\t\\\\t\\\\t\\\\t\\\\t\\\\t\\\\t\\\\t\\\\n\\\\n\\\\t\\\\t\\\\t\\\\t\\\\t\\\\t\\\\t\\\\n\\\\t\\\\t\\\\t\\\\t\\\\t\\\\t\\\\n\\\\t\\\\t\\\\t\\\\n\\\\n\\\\t\\\\t\\\\t\\\\t\\\\t\\\\t\\\\t\\\\n\\\\t\\\\t\\\\t\\\\t\\\\t\\\\t\\\\t\\\\t\\\\n\\\\n\\\\t\\\\t\\\\t\\\\t\\\\t\\\\t\\\\t\\\\n\\\\t\\\\t\\\\t\\\\t\\\\t\\\\t\\\\n\\\\t\\\\t\\\\t\\\\n\\\\n\\\\t\\\\t\\\\t\\\\t\\\\t\\\\t\\\\t\\\\n\\\\t\\\\t\\\\t\\\\t\\\\t\\\\t\\\\t\\\\t\\\\n\\\\n\\\\t\\\\t\\\\t\\\\t\\\\t\\\\t\\\\t\\\\n\\\\t\\\\t\\\\t\\\\t\\\\t\\\\t\\\\n\\\\t\\\\t\\\\t\\\\n\\\\t\\\\t\\\\t\\\\t\\\\n\\\\t\\\\t\\\\t\\\\n\\\\t\\\\t\\\\t\\\\n\\\\t\\\\t\\\\n\\\\t\\\\t\\\\n\\\\t\\\\t\\\\t\\\\n\\\\t\\\\t\\\\n\\\\t\\\\t\\\\t\\\\t\\\\t\\\\n\\\\t\\\\t\\\\t\\\\t\\\"\",\"sku_name\":\" Color\",\"sku\":\"[]\",\"sku_price_max\":\"-Infinity\",\"sku_price_min\":\"Infinity\"}','2016-09-30 01:53:01','2016-11-15 17:46:32',0,1,4),(272,40,0,0,1,'Generic Mini Multimedia MP3 Player Micro SD Blue USB Flash Disk','Plays mp3 music. Simply copy/paste the mp3 files from your PC to the MP3 player and you are ready to go.',100.00,6,'{\"item_name\":\"Generic Mini Multimedia MP3 Player Micro SD Blue USB Flash Disk\",\"manufacturer\":\"eBiztop\",\"brand_name\":\"ELEGIANT\",\"part_number\":\"LE\",\"item_package_quantity\":\"1\",\"material_type\":\"plastic\",\"color_name\":\"\",\"color_map\":\"\",\"item_shape\":\"Suqare\",\"lens_color\":\"no lens\",\"size_name\":\"small\",\"size_map\":\"41mm*22mm*10mm\",\"hand_orientation\":\"right\",\"tension_level\":\"medium\",\"gtin_exemption_reason\":\"bundle\",\"related_product_id_type\":\"ean\",\"related_product_id\":\"013807608376\",\"item_display_length\":\"\",\"item_display_length_unit_of_measure\":\"\",\"item_display_width\":\"\",\"item_display_width_unit_of_measure\":\"\",\"item_display_weight\":\"\",\"item_display_weight_unit_of_measure\":\"\",\"maximum_weight_recommendation\":\"\",\"maximum_weight_recommendation_unit_of_measure\":\"\",\"display_maximum_weight_recommendation\":\"\",\"display_maximum_weight_recommendation_unit_of_measure\":\"\",\"shaft_length\":\"\",\"shaft_length_unit_of_measure\":\"\",\"external_product_id\":\"\",\"external_product_id_type\":\"\",\"variation_theme\":\"color_name\",\"color_map-first-row\":\"\",\"condition_type-first-row\":\"\",\"condition_note-first-row\":\"\",\"standard_price-first-row\":\"\",\"sale_price-first-row\":\"\",\"sale_from_date-first-row\":\"\",\"sale_end_date-first-row\":\"\",\"quantity-first-row\":\"\",\"color_name_gio_child_1\":\"blue\",\"color_map_gio_child_1\":\"\",\"item_sku_gio_child_1\":\"\",\"external_product_id_gio_child_1\":\"13045678\",\"external_product_id_type_gio_child_1\":\"asin\",\"condition_type_gio_child_1\":\"new, new\",\"condition_note_gio_child_1\":\"\",\"standard_price_gio_child_1\":\"12.45\",\"sale_price_gio_child_1\":\"\",\"sale_from_date_gio_child_1\":\"\",\"sale_end_date_gio_child_1\":\"\",\"quantity_gio_child_1\":\"10\",\"deleted_gio_child_1\":\"\",\"dont_add_offer\":\"\",\"item_sku\":\"101MyCollectible1\",\"inlineImage-main_offer_image-MAIN\":\"\",\"inlineImage-offer_image-PT01\":\"\",\"inlineImage-offer_image-PT02\":\"\",\"inlineImage-offer_image-PT03\":\"\",\"inlineImage-offer_image-PT04\":\"\",\"inlineImage-offer_image-PT05\":\"\",\"import_designation\":\"\",\"country_of_origin\":\"\",\"seller_warranty_description\":\"\",\"merchant_release_date\":\"\",\"country_as_labeled\":\"\",\"offering_can_be_giftwrapped\":\"false\",\"offering_can_be_gift_messaged\":\"false\",\"quantity\":\"10\",\"product_tax_code\":\"\",\"condition_type\":\"new, new\",\"standard_price\":\"12.45\",\"fulfillment_latency\":\"\",\"sale_price\":\"\",\"sale_from_date\":\"\",\"sale_end_date\":\"\",\"restock_date\":\"\",\"condition_note\":\"\",\"legal_disclaimer_description\":\"\",\"offering_start_date\":\"\",\"signed_by\":\"\",\"offerFulfillment\":\"\",\"rememberDefaultChannel\":\"false\",\"ProductImage__PT00\":\"\",\"file\":\"\",\"ProductImage_PT01\":\"\",\"ProductImage_PT02\":\"\",\"ProductImage_PT03\":\"\",\"ProductImage_PT04\":\"\",\"ProductImage_PT05\":\"\",\"ProductImage_PT06\":\"\",\"bullet_point1\":\"100% Brand New\",\"bullet_point2\":\"\",\"bullet_point3\":\"\",\"bullet_point4\":\"\",\"bullet_point5\":\"\",\"product_description\":\"Plays mp3 music. Simply copy\\/paste the mp3 files from your PC to the MP3 player and you are ready to go.\",\"generic_keywords1\":\"MP3 player\",\"generic_keywords2\":\"Sport\",\"generic_keywords3\":\"\",\"generic_keywords4\":\"\",\"generic_keywords5\":\"\",\"platinum_keywords1\":\"\",\"platinum_keywords2\":\"\",\"platinum_keywords3\":\"\",\"platinum_keywords4\":\"\",\"platinum_keywords5\":\"\",\"platinum_keywords6\":\"\",\"platinum_keywords7\":\"\",\"platinum_keywords8\":\"\",\"platinum_keywords9\":\"\",\"platinum_keywords10\":\"\",\"platinum_keywords11\":\"\",\"platinum_keywords12\":\"\",\"platinum_keywords13\":\"\",\"platinum_keywords14\":\"\",\"platinum_keywords15\":\"\",\"platinum_keywords16\":\"\",\"platinum_keywords17\":\"\",\"platinum_keywords18\":\"\",\"platinum_keywords19\":\"\",\"platinum_keywords20\":\"\",\"thesaurus_subject_keywords1\":\"\",\"thesaurus_subject_keywords2\":\"\",\"thesaurus_subject_keywords3\":\"\",\"thesaurus_subject_keywords4\":\"\",\"thesaurus_subject_keywords5\":\"\",\"thesaurus_attribute_keywords1\":\"\",\"thesaurus_attribute_keywords2\":\"\",\"thesaurus_attribute_keywords3\":\"\",\"thesaurus_attribute_keywords4\":\"\",\"thesaurus_attribute_keywords5\":\"\",\"specific_uses_keywords1\":\"Indoor Outdoor\",\"specific_uses_keywords2\":\"\",\"specific_uses_keywords3\":\"\",\"specific_uses_keywords4\":\"\",\"specific_uses_keywords5\":\"\",\"target_audience_keywords1\":\"adults\",\"target_audience_keywords2\":\"\",\"target_audience_keywords3\":\"\",\"target_audience_keywords4\":\"\",\"target_audience_keywords5\":\"\",\"list_price\":\"20.56\",\"is_discontinued_by_manufacturer\":\"false\",\"website_shipping_weight\":\"2.4\",\"website_shipping_weight_unit_of_measure\":\"ounces\",\"flavor_name\":\"\",\"pattern_name\":\"\",\"style_name\":\"\",\"model_name\":\"\",\"golf_club_flex\":\"\",\"grip_size\":\"\",\"grip_type\":\"\",\"shaft_material\":\"\",\"shaft_style_type\":\"\",\"head_size_name\":\"\",\"golf_club_loft\":\"\",\"golf_club_loft_unit_of_measure\":\"\",\"line_weight\":\"\",\"curvature\":\"\",\"caliber\":\"\",\"number_of_rounds\":\"\",\"boot_size\":\"\",\"calf_size\":\"\",\"fencing_pommel_type\":\"\",\"belt_style\":\"\",\"bottom_style\":\"\",\"collar_style\":\"\",\"cuff_type\":\"\",\"fabric_wash\":\"\",\"league_name\":\"\",\"leg_style\":\"\",\"neck_style\":\"\",\"pocket_description\":\"\",\"shoe_width\":\"\",\"theme\":\"\",\"top_style\":\"\",\"wheel_type\":\"\",\"product_site_launch_date\":\"\",\"package_length\":\"\",\"package_height\":\"\",\"package_width\":\"\",\"package_dimensions_unit_of_measure\":\"\",\"package_weight\":\"\",\"package_weight_unit_of_measure\":\"\",\"battery_type_lithium_ion\":\"\",\"battery_type_lithium_metal\":\"\",\"number_of_batteries\":\"\",\"battery_type\":\"\",\"number_of_lithium_ion_cells\":\"\",\"number_of_lithium_metal_cells\":\"\",\"lithium_battery_energy_content\":\"\",\"lithium_battery_energy_content_unit_of_measure\":\"\",\"lithium_battery_voltage\":\"\",\"lithium_battery_voltage_unit_of_measure\":\"\",\"lithium_battery_weight\":\"\",\"lithium_battery_weight_unit_of_measure\":\"\",\"lithium_battery_packaging\":\"\",\"temperature_rating_degrees\":\"\",\"temperature_rating_degrees_unit_of_measure\":\"\",\"cross_section_shape\":\"\",\"bike_type\":\"\",\"occupancy\":\"\",\"maximum_energy_output\":\"\",\"maximum_energy_output_unit_of_measure\":\"\",\"map_type\":\"\",\"team_name\":\"\",\"memory_storage_capacity\":\"\",\"memory_storage_capacity_unit_of_measure\":\"\",\"cap_type\":\"\",\"turn_radius\":\"\",\"turn_radius_unit_of_measure\":\"\",\"sleeve_length1\":\"\",\"sleeve_length_unit_of_measure1\":\"\",\"sleeve_length2\":\"\",\"sleeve_length_unit_of_measure2\":\"\",\"number_of_programs\":\"\",\"seat_height\":\"\",\"seat_height_unit_of_measure\":\"\",\"floor_width\":\"\",\"floor_width_unit_of_measure\":\"\",\"support_type\":\"\",\"front_style\":\"\",\"number_of_blades\":\"\",\"light_source_type\":\"\",\"minimum_compatible_boot_size\":\"\",\"minimum_compatible_boot_size_unit_of_measure\":\"\",\"display_color_support1\":\"\",\"display_color_support2\":\"\",\"display_color_support3\":\"\",\"display_color_support4\":\"\",\"display_color_support5\":\"\",\"cup_size\":\"\",\"speed_rating\":\"\",\"native_resolution\":\"\",\"hole_count\":\"\",\"item_area\":\"\",\"item_area_unit_of_measure\":\"\",\"static_elongation_percentage\":\"\",\"fuel_type\":\"\",\"included_features\":\"\",\"is_autographed\":\"false\",\"capacity\":\"\",\"capacity_unit_of_measure\":\"\",\"action\":\"\",\"is_memorabilia\":\"false\",\"display_resolution_maximum\":\"\",\"volume_capacity_name\":\"\",\"volume_capacity_name_unit_of_measure\":\"\",\"rim_size\":\"\",\"rim_size_unit_of_measure\":\"\",\"magnification_minimum\":\"\",\"magnification_minimum_unit_of_measure\":\"\",\"underwire_type\":\"\",\"number_of_carriage_positions\":\"\",\"battery_description\":\"\",\"light_source_operating_life\":\"\",\"light_source_operating_life_unit_of_measure\":\"\",\"minimum_compatible_rope_diameter\":\"\",\"minimum_compatible_rope_diameter_unit_of_measure\":\"\",\"number_of_power_levels\":\"\",\"grip_material_type\":\"\",\"compatible_devices1\":\"\",\"compatible_devices2\":\"\",\"compatible_devices3\":\"\",\"compatible_devices4\":\"\",\"compatible_devices5\":\"\",\"compatible_devices6\":\"\",\"compatible_devices7\":\"\",\"compatible_devices8\":\"\",\"compatible_devices9\":\"\",\"compatible_devices10\":\"\",\"compatible_devices11\":\"\",\"compatible_devices12\":\"\",\"compatible_devices13\":\"\",\"compatible_devices14\":\"\",\"compatible_devices15\":\"\",\"compatible_devices16\":\"\",\"compatible_devices17\":\"\",\"compatible_devices18\":\"\",\"compatible_devices19\":\"\",\"compatible_devices20\":\"\",\"compatible_devices21\":\"\",\"compatible_devices22\":\"\",\"compatible_devices23\":\"\",\"compatible_devices24\":\"\",\"compatible_devices25\":\"\",\"compatible_devices26\":\"\",\"compatible_devices27\":\"\",\"compatible_devices28\":\"\",\"compatible_devices29\":\"\",\"compatible_devices30\":\"\",\"guard_material_type\":\"\",\"customer_package_type\":\"\",\"athlete\":\"\",\"beam_width\":\"\",\"beam_width_unit_of_measure\":\"\",\"maximum_tension_load\":\"\",\"maximum_tension_load_unit_of_measure\":\"\",\"maximum_compatible_rope_diameter\":\"\",\"maximum_compatible_rope_diameter_unit_of_measure\":\"\",\"display_size\":\"\",\"display_size_unit_of_measure\":\"\",\"specific_uses_for_product\":\"\",\"number_of_exercises\":\"\",\"backing_line_capacity\":\"\",\"orientation\":\"\",\"minimum_torso_measurement\":\"\",\"fit_type1\":\"\",\"fit_type2\":\"\",\"fit_type3\":\"\",\"fit_type4\":\"\",\"fit_type5\":\"\",\"fit_type6\":\"\",\"fit_type7\":\"\",\"fit_type8\":\"\",\"fit_type9\":\"\",\"fit_type10\":\"\",\"fit_type11\":\"\",\"fit_type12\":\"\",\"fit_type13\":\"\",\"fit_type14\":\"\",\"fit_type15\":\"\",\"fit_type16\":\"\",\"fit_type17\":\"\",\"fit_type18\":\"\",\"fit_type19\":\"\",\"fit_type20\":\"\",\"fit_type21\":\"\",\"fit_type22\":\"\",\"fit_type23\":\"\",\"fit_type24\":\"\",\"fit_type25\":\"\",\"software_included\":\"\",\"seating_capacity\":\"\",\"fishing_line_type\":\"\",\"pattern_type\":\"\",\"top_tube_length\":\"\",\"top_tube_length_unit_of_measure\":\"\",\"target_zone_calculation_type\":\"\",\"sonar_type\":\"\",\"special_size_type\":\"\",\"motor_type\":\"\",\"construction_type\":\"\",\"engine_displacement\":\"\",\"engine_displacement_unit_of_measure\":\"\",\"uiaa_fall_rating\":\"\",\"event_name\":\"\",\"handle_type\":\"\",\"rise_style\":\"\",\"number_of_resistance_levels\":\"\",\"capacity_name\":\"\",\"ingredients\":\"\",\"skill_level\":\"\",\"number_of_doors\":\"\",\"floor_length\":\"\",\"floor_length_unit_of_measure\":\"\",\"power_source_type\":\"\",\"minimum_tension_rating\":\"\",\"minimum_tension_rating_unit_of_measure\":\"\",\"breaking_strength\":\"\",\"breaking_strength_unit_of_measure\":\"\",\"brake_style\":\"\",\"pages\":\"\",\"pages_unit_of_measure\":\"\",\"department_name1\":\"\",\"department_name2\":\"\",\"department_name3\":\"\",\"department_name4\":\"\",\"department_name5\":\"\",\"blade_length\":\"\",\"blade_length_unit_of_measure\":\"\",\"sleeve_type\":\"\",\"mounting_type\":\"\",\"state_string\":\"\",\"insulation_resistance\":\"\",\"insulation_resistance_unit_of_measure\":\"\",\"brake_width\":\"\",\"brake_width_unit_of_measure\":\"\",\"number_of_pockets\":\"\",\"unit_count1\":\"\",\"unit_count2\":\"\",\"lens_type\":\"\",\"rotation_direction\":\"\",\"wattage1\":\"\",\"wattage_unit_of_measure1\":\"\",\"wattage2\":\"\",\"wattage_unit_of_measure2\":\"\",\"wattage3\":\"\",\"wattage_unit_of_measure3\":\"\",\"waist_size\":\"\",\"waist_size_unit_of_measure\":\"\",\"bisac_subject_description\":\"\",\"objective_lens_diameter\":\"\",\"objective_lens_diameter_unit_of_measure\":\"\",\"floor_area\":\"\",\"floor_area_unit_of_measure\":\"\",\"load_capacity1\":\"\",\"load_capacity_unit_of_measure1\":\"\",\"load_capacity2\":\"\",\"load_capacity_unit_of_measure2\":\"\",\"number_of_head_positions\":\"\",\"number_of_gear_loops\":\"\",\"uniform_number\":\"\",\"lamp_type\":\"\",\"included_components\":\"\",\"special_features1\":\"\",\"special_features2\":\"\",\"special_features3\":\"\",\"special_features4\":\"\",\"special_features5\":\"\",\"special_features6\":\"\",\"special_features7\":\"\",\"special_features8\":\"\",\"special_features9\":\"\",\"special_features10\":\"\",\"special_features11\":\"\",\"special_features12\":\"\",\"special_features13\":\"\",\"special_features14\":\"\",\"special_features15\":\"\",\"special_features16\":\"\",\"special_features17\":\"\",\"special_features18\":\"\",\"special_features19\":\"\",\"special_features20\":\"\",\"special_features21\":\"\",\"special_features22\":\"\",\"special_features23\":\"\",\"special_features24\":\"\",\"special_features25\":\"\",\"special_features26\":\"\",\"special_features27\":\"\",\"special_features28\":\"\",\"special_features29\":\"\",\"special_features30\":\"\",\"inseam_length\":\"\",\"inseam_length_unit_of_measure\":\"\",\"item_volume1\":\"\",\"item_volume_unit_of_measure1\":\"\",\"item_volume2\":\"\",\"item_volume_unit_of_measure2\":\"\",\"frequency_bands_supported\":\"\",\"fitting_type\":\"\",\"effective_edge_length\":\"\",\"effective_edge_length_unit_of_measure\":\"\",\"fur_description\":\"\",\"tensile_strength\":\"\",\"tensile_strength_unit_of_measure\":\"\",\"number_of_foot_positions\":\"\",\"connector_type\":\"\",\"assembly_instructions\":\"\",\"maximum_resistance\":\"\",\"maximum_resistance_unit_of_measure\":\"\",\"frame_material_type\":\"\",\"display_type\":\"\",\"frame_type\":\"\",\"minimum_weight_recommendation\":\"\",\"minimum_weight_recommendation_unit_of_measure\":\"\",\"handle_material\":\"\",\"number_of_springs\":\"\",\"wheel_size\":\"\",\"wheel_size_unit_of_measure\":\"\",\"access_location\":\"\",\"resistance_mechanism\":\"\",\"fabric_type1\":\"\",\"fabric_type2\":\"\",\"fabric_type3\":\"\",\"folded_size\":\"\",\"insulation_material_type\":\"\",\"maximum_height_recommendation\":\"\",\"maximum_height_recommendation_unit_of_measure\":\"\",\"battery_average_life\":\"\",\"battery_average_life_unit_of_measure\":\"\",\"maximum_incline_percentage\":\"\",\"number_of_poles\":\"\",\"number_of_pieces\":\"\",\"glove_type\":\"\",\"blade_edge_type\":\"\",\"apparent_scale_size\":\"\",\"apparent_scale_size_unit_of_measure\":\"\",\"maximum_weight_capacity\":\"\",\"maximum_weight_capacity_unit_of_measure\":\"\",\"heat_output\":\"\",\"heat_output_unit_of_measure\":\"\",\"bearing_material_type\":\"\",\"crank_length\":\"\",\"crank_length_unit_of_measure\":\"\",\"number_of_speeds\":\"\",\"waypoints\":\"\",\"batteries_required\":\"false\",\"outer_material_type\":\"\",\"blade_shape\":\"\",\"maximum_tension_rating\":\"\",\"maximum_tension_rating_unit_of_measure\":\"\",\"ultraviolet_light_protection\":\"\",\"fuel_capacity\":\"\",\"fuel_capacity_unit_of_measure\":\"\",\"mfg_warranty_description_type\":\"\",\"navigation_routes\":\"\",\"amperage1\":\"\",\"amperage_unit_of_measure1\":\"\",\"amperage2\":\"\",\"amperage_unit_of_measure2\":\"\",\"pad_type\":\"\",\"seasons\":\"\",\"alarm\":\"\",\"control_program_name\":\"\",\"number_of_items\":\"\",\"boil_rate_description\":\"\",\"inner_material_type\":\"\",\"lock_type\":\"\",\"water_resistance_depth\":\"\",\"water_resistance_depth_unit_of_measure\":\"\",\"static_load_capacity\":\"\",\"static_load_capacity_unit_of_measure\":\"\",\"lens_material_type\":\"\",\"sport_type\":\"\",\"life_vest_type\":\"\",\"closure_type\":\"\",\"scale_name\":\"\",\"strap_type\":\"\",\"hull_shape\":\"\",\"frame_size\":\"\",\"fill_material_type\":\"\",\"operation_mode\":\"\",\"suspension_type\":\"\",\"item_thickness_derived\":\"\",\"item_thickness_unit_of_measure\":\"\",\"max_aggregate_ship_quantity\":\"\",\"are_batteries_included\":\"false\",\"watch_movement_type\":\"\",\"cpsia_cautionary_statement1\":\"\",\"cpsia_cautionary_statement2\":\"\",\"cpsia_cautionary_statement3\":\"\",\"cpsia_cautionary_statement4\":\"\",\"cpsia_cautionary_description\":\"\",\"instrumentationData\":\"{\\\"isSimpleSubmission\\\":true,\\\"isSimpleOnlySubmission\\\":true,\\\"clickToCriticalFeature\\\":7917,\\\"numProductImagesUploaded\\\":0,\\\"tabTimeOnTask\\\":{\\\"tang_vital_info\\\":2741,\\\"variations\\\":0,\\\"offer\\\":0,\\\"image\\\":358464,\\\"tang_description\\\":0,\\\"tang_keywords\\\":0,\\\"tang_more_details\\\":0},\\\"timeOnTask\\\":368126,\\\"browseNodeTimeOnTask\\\":0,\\\"browseNodeSelectionMethod\\\":\\\"\\\"}\",\"price\":\"12.45\",\"stock\":\"10\",\"variation_form\":\"\\\"<div class=\\\\\\\"variation-theme-menu\\\\\\\"><div class=\\\\\\\"elements-container\\\\\\\">\\\\n\\\\t\\\\t\\\\t\\\\t\\\\t<table class=\\\\\\\"elements one-by-one-table\\\\\\\">\\\\n\\\\t\\\\t\\\\t\\\\t\\\\t\\\\t<thead style=\\\\\\\"display: table-header-group;\\\\\\\">\\\\n\\\\t\\\\t\\\\t\\\\t\\\\t\\\\t\\\\t\\\\n\\\\t\\\\t<tr class=\\\\\\\"row\\\\\\\">\\\\n\\\\t\\\\t\\\\t<td><\\/td>\\\\n\\\\t\\\\t\\\\t<td data-attribute-name=\\\\\\\"color_name\\\\\\\">\\\\n\\\\t\\\\t\\\\t\\\\t\\\\t<label for=\\\\\\\"\\\\\\\" class=\\\\\\\"minor-attribute-label\\\\\\\" title=\\\\\\\"\\\\\\\">\\\\n\\\\t<span class=\\\\\\\"requiredAsterisk bold\\\\\\\"> <\\/span>\\\\n\\\\n\\\\t<span> Color<\\/span>\\\\n\\\\n\\\\t<\\/label>\\\\n<\\/td>\\\\n\\\\t\\\\t\\\\t<td data-attribute-name=\\\\\\\"color_map\\\\\\\">\\\\n\\\\t\\\\t\\\\t\\\\t\\\\t<label for=\\\\\\\"\\\\\\\" class=\\\\\\\"minor-attribute-label\\\\\\\" title=\\\\\\\"\\\\\\\">\\\\n\\\\t<span class=\\\\\\\"requiredAsterisk bold\\\\\\\"> <\\/span>\\\\n\\\\n\\\\t<span> Color Map<\\/span>\\\\n\\\\n\\\\t<\\/label>\\\\n<\\/td>\\\\n\\\\t\\\\t\\\\t<td data-attribute-name=\\\\\\\"item_sku\\\\\\\">\\\\n\\\\t\\\\t\\\\t\\\\t\\\\t<label for=\\\\\\\"\\\\\\\" class=\\\\\\\"minor-attribute-label\\\\\\\" title=\\\\\\\"\\\\\\\">\\\\n\\\\t<span class=\\\\\\\"requiredAsterisk bold\\\\\\\"> <\\/span>\\\\n\\\\n\\\\t<span> SKU<\\/span>\\\\n\\\\n\\\\t<\\/label>\\\\n<\\/td>\\\\n\\\\t\\\\t\\\\t<td data-attribute-name=\\\\\\\"external_product_id\\\\\\\">\\\\n\\\\t\\\\t\\\\t\\\\t\\\\t<label for=\\\\\\\"\\\\\\\" class=\\\\\\\"minor-attribute-label\\\\\\\" title=\\\\\\\"\\\\\\\">\\\\n\\\\t<span class=\\\\\\\"requiredAsterisk bold\\\\\\\"> <\\/span>\\\\n\\\\n\\\\t<span> Product ID<\\/span>\\\\n\\\\n\\\\t<\\/label>\\\\n<\\/td>\\\\n\\\\t\\\\t\\\\t<td data-attribute-name=\\\\\\\"external_product_id_type\\\\\\\">\\\\n\\\\t\\\\t\\\\t\\\\t\\\\t<label for=\\\\\\\"\\\\\\\" class=\\\\\\\"minor-attribute-label\\\\\\\" title=\\\\\\\"\\\\\\\">\\\\n\\\\t<span class=\\\\\\\"requiredAsterisk bold\\\\\\\"> <\\/span>\\\\n\\\\n\\\\t<span> Product ID Type<\\/span>\\\\n\\\\n\\\\t<\\/label>\\\\n<\\/td>\\\\n\\\\t\\\\t\\\\t<td data-attribute-name=\\\\\\\"condition_type\\\\\\\">\\\\n\\\\t\\\\t\\\\t\\\\t\\\\t<label for=\\\\\\\"\\\\\\\" class=\\\\\\\"minor-attribute-label\\\\\\\" title=\\\\\\\"\\\\\\\">\\\\n\\\\t<span class=\\\\\\\"requiredAsterisk bold\\\\\\\"> <\\/span>\\\\n\\\\n\\\\t<span> Condition<\\/span>\\\\n\\\\n\\\\t<\\/label>\\\\n<\\/td>\\\\n\\\\t\\\\t\\\\t<td data-attribute-name=\\\\\\\"condition_note\\\\\\\" style=\\\\\\\"display: none;\\\\\\\">\\\\n\\\\t\\\\t\\\\t\\\\t\\\\t<label for=\\\\\\\"\\\\\\\" class=\\\\\\\"minor-attribute-label\\\\\\\" title=\\\\\\\"\\\\\\\">\\\\n\\\\t<span class=\\\\\\\"requiredAsterisk bold\\\\\\\"> <\\/span>\\\\n\\\\n\\\\t<span> Condition Note<\\/span>\\\\n\\\\n\\\\t<\\/label>\\\\n<\\/td>\\\\n\\\\t\\\\t\\\\t<td data-attribute-name=\\\\\\\"standard_price\\\\\\\">\\\\n\\\\t\\\\t\\\\t\\\\t\\\\t<label for=\\\\\\\"\\\\\\\" class=\\\\\\\"minor-attribute-label\\\\\\\" title=\\\\\\\"\\\\\\\">\\\\n\\\\t<span class=\\\\\\\"requiredAsterisk bold\\\\\\\"> <\\/span>\\\\n\\\\n\\\\t<span> Your price<\\/span>\\\\n\\\\n\\\\t<\\/label>\\\\n<\\/td>\\\\n\\\\t\\\\t\\\\t<td data-attribute-name=\\\\\\\"sale_price\\\\\\\" style=\\\\\\\"display: none;\\\\\\\">\\\\n\\\\t\\\\t\\\\t\\\\t\\\\t<label for=\\\\\\\"\\\\\\\" class=\\\\\\\"minor-attribute-label\\\\\\\" title=\\\\\\\"\\\\\\\">\\\\n\\\\t<span class=\\\\\\\"requiredAsterisk bold\\\\\\\"> <\\/span>\\\\n\\\\n\\\\t<span> Sale Price<\\/span>\\\\n\\\\n\\\\t<\\/label>\\\\n<\\/td>\\\\n\\\\t\\\\t\\\\t<td data-attribute-name=\\\\\\\"sale_from_date\\\\\\\" style=\\\\\\\"display: none;\\\\\\\">\\\\n\\\\t\\\\t\\\\t\\\\t\\\\t<label for=\\\\\\\"\\\\\\\" class=\\\\\\\"minor-attribute-label\\\\\\\" title=\\\\\\\"\\\\\\\">\\\\n\\\\t<span class=\\\\\\\"requiredAsterisk bold\\\\\\\"> <\\/span>\\\\n\\\\n\\\\t<span> Sale Start Date<\\/span>\\\\n\\\\n\\\\t<\\/label>\\\\n<\\/td>\\\\n\\\\t\\\\t\\\\t<td data-attribute-name=\\\\\\\"sale_end_date\\\\\\\" style=\\\\\\\"display: none;\\\\\\\">\\\\n\\\\t\\\\t\\\\t\\\\t\\\\t<label for=\\\\\\\"\\\\\\\" class=\\\\\\\"minor-attribute-label\\\\\\\" title=\\\\\\\"\\\\\\\">\\\\n\\\\t<span class=\\\\\\\"requiredAsterisk bold\\\\\\\"> <\\/span>\\\\n\\\\n\\\\t<span> Sale End Date<\\/span>\\\\n\\\\n\\\\t<\\/label>\\\\n<\\/td>\\\\n\\\\t\\\\t\\\\t<td data-attribute-name=\\\\\\\"quantity\\\\\\\">\\\\n\\\\t\\\\t\\\\t\\\\t\\\\t<label for=\\\\\\\"\\\\\\\" class=\\\\\\\"minor-attribute-label\\\\\\\" title=\\\\\\\"\\\\\\\">\\\\n\\\\t<span class=\\\\\\\"requiredAsterisk bold\\\\\\\"> <\\/span>\\\\n\\\\n\\\\t<span> Quantity<\\/span>\\\\n\\\\n\\\\t<\\/label>\\\\n<\\/td>\\\\n\\\\t\\\\t\\\\t<td><\\/td>\\\\n\\\\t\\\\t<\\/tr>\\\\n\\\\t\\\\t<tr class=\\\\\\\"modify-all-row row\\\\\\\">\\\\n\\\\t\\\\t\\\\t<td class=\\\\\\\"attribute\\\\\\\" data-attribute-name=\\\\\\\"row-selection\\\\\\\">\\\\n\\\\t\\\\t\\\\t\\\\t<input class=\\\\\\\"row-selection\\\\\\\" type=\\\\\\\"checkbox\\\\\\\">\\\\n\\\\t\\\\t\\\\t<\\/td>\\\\n\\\\t\\\\t\\\\t<td class=\\\\\\\"attribute\\\\\\\" data-attribute-name=\\\\\\\"color_name\\\\\\\">\\\\n\\\\t\\\\t\\\\t\\\\t\\\\t<\\/td>\\\\n\\\\t\\\\t\\\\t<td class=\\\\\\\"attribute\\\\\\\" data-attribute-name=\\\\\\\"color_map\\\\\\\">\\\\n\\\\t\\\\t\\\\t\\\\t\\\\t<div id=\\\\\\\"Parent-color_map-first-row-div\\\\\\\" class=\\\\\\\"\\\\\\\" data-attribute-name=\\\\\\\"color_map\\\\\\\">\\\\n\\\\t\\\\t<input name=\\\\\\\"color_map-first-row\\\\\\\" id=\\\\\\\"color_map-first-row\\\\\\\" maxlength=\\\\\\\"2000\\\\\\\" value=\\\\\\\"\\\\\\\" size=\\\\\\\"65.0\\\\\\\" class=\\\\\\\"autocomplete charcounter ui-autocomplete-input\\\\\\\" placeholder=\\\\\\\"\\\\\\\" autocomplete=\\\\\\\"off\\\\\\\" type=\\\\\\\"text\\\\\\\"><div class=\\\\\\\"tiny character_counter\\\\\\\"><\\/div>\\\\n\\\\t<\\/div>\\\\n<\\/td>\\\\n\\\\t\\\\t\\\\t<td class=\\\\\\\"attribute\\\\\\\" data-attribute-name=\\\\\\\"item_sku\\\\\\\">\\\\n\\\\t\\\\t\\\\t\\\\t\\\\t<\\/td>\\\\n\\\\t\\\\t\\\\t<td class=\\\\\\\"attribute\\\\\\\" data-attribute-name=\\\\\\\"external_product_id\\\\\\\">\\\\n\\\\t\\\\t\\\\t\\\\t\\\\t<\\/td>\\\\n\\\\t\\\\t\\\\t<td class=\\\\\\\"attribute\\\\\\\" data-attribute-name=\\\\\\\"external_product_id_type\\\\\\\">\\\\n\\\\t\\\\t\\\\t\\\\t\\\\t<\\/td>\\\\n\\\\t\\\\t\\\\t<td class=\\\\\\\"attribute\\\\\\\" data-attribute-name=\\\\\\\"condition_type\\\\\\\">\\\\n\\\\t\\\\t\\\\t\\\\t\\\\t<div id=\\\\\\\"Parent-condition_type-first-row-div\\\\\\\" class=\\\\\\\"\\\\\\\" data-attribute-name=\\\\\\\"condition_type\\\\\\\">\\\\n\\\\t\\\\t<select id=\\\\\\\"condition_type-first-row\\\\\\\" name=\\\\\\\"condition_type-first-row\\\\\\\" class=\\\\\\\"\\\\\\\">\\\\n\\\\t<option value=\\\\\\\"\\\\\\\">\\\\n\\\\t\\\\t\\\\t- Select -<\\/option>\\\\n\\\\t<option value=\\\\\\\"new, new\\\\\\\">\\\\n\\\\t\\\\t\\\\tNew<\\/option>\\\\n\\\\t<option value=\\\\\\\"used, like_new\\\\\\\">\\\\n\\\\t\\\\t\\\\tUsed - Like New<\\/option>\\\\n\\\\t<option value=\\\\\\\"used, very_good\\\\\\\">\\\\n\\\\t\\\\t\\\\tUsed - Very Good<\\/option>\\\\n\\\\t<option value=\\\\\\\"used, good\\\\\\\">\\\\n\\\\t\\\\t\\\\tUsed - Good<\\/option>\\\\n\\\\t<option value=\\\\\\\"used, acceptable\\\\\\\">\\\\n\\\\t\\\\t\\\\tUsed - Acceptable<\\/option>\\\\n\\\\t<option value=\\\\\\\"collectible, like_new\\\\\\\">\\\\n\\\\t\\\\t\\\\tCollectible - Like New<\\/option>\\\\n\\\\t<option value=\\\\\\\"collectible, very_good\\\\\\\">\\\\n\\\\t\\\\t\\\\tCollectible - Very Good<\\/option>\\\\n\\\\t<option value=\\\\\\\"collectible, good\\\\\\\">\\\\n\\\\t\\\\t\\\\tCollectible - Good<\\/option>\\\\n\\\\t<option value=\\\\\\\"collectible, acceptable\\\\\\\">\\\\n\\\\t\\\\t\\\\tCollectible - Acceptable<\\/option>\\\\n\\\\t<option value=\\\\\\\"refurbished, refurbished\\\\\\\">\\\\n\\\\t\\\\t\\\\tRefurbished<\\/option>\\\\n\\\\t<\\/select>\\\\n<\\/div>\\\\n<\\/td>\\\\n\\\\t\\\\t\\\\t<td class=\\\\\\\"attribute\\\\\\\" data-attribute-name=\\\\\\\"condition_note\\\\\\\" style=\\\\\\\"display: none;\\\\\\\">\\\\n\\\\t\\\\t\\\\t\\\\t\\\\t<div id=\\\\\\\"Parent-condition_note-first-row-div\\\\\\\" class=\\\\\\\"\\\\\\\" data-attribute-name=\\\\\\\"condition_note\\\\\\\">\\\\n\\\\t\\\\t<textarea name=\\\\\\\"condition_note-first-row\\\\\\\" id=\\\\\\\"condition_note-first-row\\\\\\\" cols=\\\\\\\"50\\\\\\\" maxlength=\\\\\\\"2004\\\\\\\" class=\\\\\\\" charcounter\\\\\\\" placeholder=\\\\\\\"\\\\\\\" rows=\\\\\\\"5\\\\\\\">\\\\n\\\\t\\\\n\\\\n\\\\t\\\\t\\\\t\\\\n\\\\t\\\\t\\\\t\\\\t\\\\t\\\\n\\\\n\\\\t\\\\t\\\\t\\\\n\\\\t\\\\t\\\\t\\\\t\\\\t\\\\n\\\\n\\\\t\\\\t\\\\t\\\\n\\\\t\\\\t\\\\t\\\\t\\\\t\\\\n\\\\n\\\\t\\\\t\\\\t\\\\n\\\\t\\\\t\\\\t\\\\t\\\\t\\\\n\\\\n\\\\t\\\\t\\\\t\\\\n\\\\t\\\\t\\\\t\\\\t\\\\t\\\\n\\\\n\\\\t\\\\t\\\\t\\\\n\\\\t\\\\t\\\\n\\\\t\\\\n\\\\t\\\\t\\\\t\\\\t\\\\t\\\\t\\\\n\\\\t\\\\t\\\\t\\\\t\\\\t\\\\t\\\\n\\\\t\\\\t\\\\t\\\\n\\\\t\\\\t\\\\t\\\\t\\\\n\\\\t\\\\t\\\\t\\\\n\\\\t\\\\t\\\\t\\\\n\\\\t\\\\t\\\\t\\\\t\\\\t\\\\n\\\\t\\\\t\\\\t\\\\t\\\\t\\\\t\\\\t\\\\n\\\\t\\\\t\\\\t\\\\t\\\\t\\\\t\\\\n\\\\t\\\\t\\\\t\\\\n\\\\n\\\\t\\\\t\\\\t\\\\t\\\\t\\\\t\\\\t\\\\n\\\\t\\\\t\\\\t\\\\t\\\\t\\\\t\\\\t\\\\t\\\\n\\\\n\\\\t\\\\t\\\\t\\\\t\\\\t\\\\t\\\\t\\\\n\\\\t\\\\t\\\\t\\\\t\\\\t\\\\t\\\\n\\\\t\\\\t\\\\t\\\\n\\\\n\\\\t\\\\t\\\\t\\\\t\\\\t\\\\t\\\\t\\\\n\\\\t\\\\t\\\\t\\\\t\\\\t\\\\t\\\\t\\\\t\\\\n\\\\n\\\\t\\\\t\\\\t\\\\t\\\\t\\\\t\\\\t\\\\n\\\\t\\\\t\\\\t\\\\t\\\\t\\\\t\\\\n\\\\t\\\\t\\\\t\\\\n\\\\n\\\\t\\\\t\\\\t\\\\t\\\\t\\\\t\\\\t\\\\n\\\\t\\\\t\\\\t\\\\t\\\\t\\\\t\\\\t\\\\t\\\\n\\\\n\\\\t\\\\t\\\\t\\\\t\\\\t\\\\t\\\\t\\\\n\\\\t\\\\t\\\\t\\\\t\\\\t\\\\t\\\\n\\\\t\\\\t\\\\t\\\\n\\\\n\\\\t\\\\t\\\\t\\\\t\\\\t\\\\t\\\\t\\\\n\\\\t\\\\t\\\\t\\\\t\\\\t\\\\t\\\\t\\\\t\\\\n\\\\n\\\\t\\\\t\\\\t\\\\t\\\\t\\\\t\\\\t\\\\n\\\\t\\\\t\\\\t\\\\t\\\\t\\\\t\\\\n\\\\t\\\\t\\\\t\\\\n\\\\n\\\\t\\\\t\\\\t\\\\t\\\\t\\\\t\\\\t\\\\n\\\\t\\\\t\\\\t\\\\t\\\\t\\\\t\\\\t\\\\t\\\\n\\\\n\\\\t\\\\t\\\\t\\\\t\\\\t\\\\t\\\\t\\\\n\\\\t\\\\t\\\\t\\\\t\\\\t\\\\t\\\\n\\\\t\\\\t\\\\t\\\\n\\\\n\\\\t\\\\t\\\\t\\\\t\\\\t\\\\t\\\\t\\\\n\\\\t\\\\t\\\\t\\\\t\\\\t\\\\t\\\\t\\\\t\\\\n\\\\n\\\\t\\\\t\\\\t\\\\t\\\\t\\\\t\\\\t\\\\n\\\\t\\\\t\\\\t\\\\t\\\\t\\\\t\\\\n\\\\t\\\\t\\\\t\\\\n\\\\n\\\\t\\\\t\\\\t\\\\t\\\\t\\\\t\\\\t\\\\n\\\\t\\\\t\\\\t\\\\t\\\\t\\\\t\\\\t\\\\t\\\\n\\\\n\\\\t\\\\t\\\\t\\\\t\\\\t\\\\t\\\\t\\\\n\\\\t\\\\t\\\\t\\\\t\\\\t\\\\t\\\\n\\\\t\\\\t\\\\t\\\\n\\\\n\\\\t\\\\t\\\\t\\\\t\\\\t\\\\t\\\\t\\\\n\\\\t\\\\t\\\\t\\\\t\\\\t\\\\t\\\\t\\\\t\\\\n\\\\n\\\\t\\\\t\\\\t\\\\t\\\\t\\\\t\\\\t\\\\n\\\\t\\\\t\\\\t\\\\t\\\\t\\\\t\\\\n\\\\t\\\\t\\\\t\\\\n\\\\n\\\\t\\\\t\\\\t\\\\t\\\\t\\\\t\\\\t\\\\n\\\\t\\\\t\\\\t\\\\t\\\\t\\\\t\\\\t\\\\t\\\\n\\\\n\\\\t\\\\t\\\\t\\\\t\\\\t\\\\t\\\\t\\\\n\\\\t\\\\t\\\\t\\\\t\\\\t\\\\t\\\\n\\\\t\\\\t\\\\t\\\\n\\\\n\\\\t\\\\t\\\\t\\\\t\\\\t\\\\t\\\\t\\\\n\\\\t\\\\t\\\\t\\\\t\\\\t\\\\t\\\\t\\\\t\\\\n\\\\n\\\\t\\\\t\\\\t\\\\t\\\\t\\\\t\\\\t\\\\n\\\\t\\\\t\\\\t\\\\t\\\\t\\\\t\\\\n\\\\t\\\\t\\\\t\\\\n\\\\n\\\\t\\\\t\\\\t\\\\t\\\\t\\\\t\\\\t\\\\n\\\\t\\\\t\\\\t\\\\t\\\\t\\\\t\\\\t\\\\t\\\\n\\\\n\\\\t\\\\t\\\\t\\\\t\\\\t\\\\t\\\\t\\\\n\\\\t\\\\t\\\\t\\\\t\\\\t\\\\t\\\\n\\\\t\\\\t\\\\t\\\\n\\\\t\\\\t\\\\t\\\\t\\\\n\\\\t\\\\t\\\\t\\\\n\\\\t\\\\t\\\\t\\\\n\\\\t\\\\t\\\\n\\\\t\\\\t\\\\n\\\\t\\\\t\\\\t\\\\n\\\\t\\\\t\\\\n\\\\t\\\\t\\\\t\\\\t\\\\t\\\\n\\\\t\\\\t\\\\t\\\\t\\\"\",\"\\\\\\\"standard_price-first-row\\\\\\\"\":\"\\\\\\\"\\\\\\\"\",\"\\\\\\\"sale_price-first-row\\\\\\\"\":\"\\\\\\\"\\\\\\\"\",\"\\\\\\\"sale_from_date-first-row\\\\\\\"\":\"\\\\\\\"\\\\\\\"\",\"\\\\\\\"sale_end_date-first-row\\\\\\\"\":\"\\\\\\\"\\\\\\\"\",\"\\\\\\\"quantity-first-row\\\\\\\"\":\"\\\\\\\"\\\\\\\"\",\"\\\\\\\"color_name_gio_child_1\\\\\\\"\":\"\\\\\\\"blue\\\\\\\"\",\"\\\\\\\"color_map_gio_child_1\\\\\\\"\":\"\\\\\\\"\\\\\\\"\",\"\\\\\\\"item_sku_gio_child_1\\\\\\\"\":\"\\\\\\\"\\\\\\\"\",\"\\\\\\\"external_product_id_gio_child_1\\\\\\\"\":\"\\\\\\\"\\\\\\\"\",\"\\\\\\\"external_product_id_type_gio_child_1\\\\\\\"\":\"\\\\\\\"\\\\\\\"\",\"\\\\\\\"condition_type_gio_child_1\\\\\\\"\":\"\\\\\\\"\\\\\\\"\",\"\\\\\\\"condition_note_gio_child_1\\\\\\\"\":\"\",\"\\\\\\\"standard_price_gio_child_1\\\\\\\"\":\"\\\\\\\"\\\\\\\"\",\"\\\\\\\"sale_price_gio_child_1\\\\\\\"\":\"\\\\\\\"\\\\\\\"\",\"\\\\\\\"sale_from_date_gio_child_1\\\\\\\"\":\"\\\\\\\"\\\\\\\"\",\"\\\\\\\"sale_end_date_gio_child_1\\\\\\\"\":\"\\\\\\\"\\\\\\\"\",\"\\\\\\\"quantity_gio_child_1\\\\\\\"\":\"\\\\\\\"\\\\\\\"\",\"\\\\\\\"deleted_gio_child_1\\\\\\\"\":\"\\\\\\\"\\\\\\\"\",\"sku_name\":\" Color\",\"sku\":\"[{\\\"sku_name\\\":\\\"blue\\\",\\\"price\\\":\\\"12.45\\\",\\\"quantity\\\":\\\"10\\\"}]\",\"sku_price_max\":\"12.45\",\"sku_price_min\":\"12.45\"}','2016-09-30 07:58:47','2016-11-15 17:56:31',0,1,4),(279,42,0,0,1,'Men\'s Large Dual Dial Analog electronic Sport Watch Multifunction 24H Time Casual Black','❤ Original Japanese CITIZEN Quartz Movement: provide precise and accurate time keeping\r\n❤Stainless Steel Band Strap and Case Cover\r\n❤Double Locking Fold Over Clasp\r\n❤ 98FT / 30M Water Resistant - 3ATM: Daily Use Waterproof, Hand Wash, Shower, Swimming, NO Problem. (Please DONOT PULL OUT the button under water) \r\n❤ Classic Business Casual Dress Watch Design. Combines quality, leading edge fashion, and value. \r\n❤Calendar Date Window',100.00,6,'{\"item_name\":\"Men\'s Large Dual Dial Analog electronic Sport Watch Multifunction 24H Time Casual Black\",\"manufacturer\":\"Lagmeey Center\",\"model\":\"MW030\",\"item_package_quantity\":\"1\",\"color_name\":\"Black\",\"color_map\":\"Red\",\"brand_name\":\"LAGMEEY\",\"gtin_exemption_reason\":\"bundle\",\"related_product_id_type\":\"gtin\",\"related_product_id\":\"1030803086706\",\"display_dimensions\":\" 3.8\'\' x 3.6\\\"x 2.5\\\"\",\"screen_surface_description\":\"Glossy\",\"digital_audio_capacity\":\"20gb\",\"optimal_image_size\":\"0.83\",\"optimal_image_size_unit_of_measure\":\"inches\",\"maximum_image_size\":\"1.73\",\"maximum_image_size_unit_of_measure\":\"inches\",\"aspect_ratio\":\"1.77:1\",\"image_contrast_ratio\":\"2600:1\",\"horizontal_keystone_correction\":\"\",\"horizontal_keystone_correction_unit_of_measure\":\"degrees\",\"vertical_keystone_correction\":\"\",\"vertical_keystone_correction_unit_of_measure\":\"\",\"maximum_horizontal_refresh_rate\":\"\",\"maximum_horizontal_refresh_rate_unit_of_measure\":\"\",\"minimum_horizontal_refresh_rate\":\"\",\"minimum_horizontal_refresh_rate_unit_of_measure\":\"\",\"maximum_vertical_refresh_rate\":\"\",\"maximum_vertical_refresh_rate_unit_of_measure\":\"\",\"minimum_vertical_refresh_rate\":\"\",\"minimum_vertical_refresh_rate_unit_of_measure\":\"\",\"maximum_throw_distance\":\"\",\"maximum_throw_distance_unit_of_measure\":\"\",\"minimum_throw_distance\":\"\",\"minimum_throw_distance_unit_of_measure\":\"\",\"resolution_base\":\"\",\"trigger_voltage\":\"\",\"trigger_voltage_unit_of_measure\":\"volts\",\"maximum_effective_throw_ratio\":\"\",\"telephone_type\":\"\",\"antenna_description\":\"\",\"recommended_uses_for_product\":\"\",\"audio_output_effects1\":\"\",\"audio_output_effects2\":\"\",\"audio_output_effects3\":\"\",\"audio_output_effects4\":\"\",\"audio_output_effects5\":\"\",\"video_encoding\":\"\",\"camera_description1\":\"\",\"camera_description2\":\"\",\"camera_description3\":\"\",\"amplifier_connector_description\":\"\",\"image_brightness\":\"\",\"image_brightness_unit_of_measure\":\"lumen\",\"supported_devices_quantity\":\"0\",\"fit_type1\":\"\",\"fit_type2\":\"\",\"fit_type3\":\"\",\"fit_type4\":\"\",\"fit_type5\":\"\",\"fit_type6\":\"\",\"fit_type7\":\"\",\"fit_type8\":\"\",\"fit_type9\":\"\",\"fit_type10\":\"\",\"fit_type11\":\"\",\"fit_type12\":\"\",\"fit_type13\":\"\",\"fit_type14\":\"\",\"fit_type15\":\"\",\"fit_type16\":\"\",\"fit_type17\":\"\",\"fit_type18\":\"\",\"fit_type19\":\"\",\"fit_type20\":\"\",\"fit_type21\":\"\",\"fit_type22\":\"\",\"fit_type23\":\"\",\"fit_type24\":\"\",\"fit_type25\":\"\",\"headphones_form_factor\":\"\",\"off_state_passthrough\":\"\",\"movement_type\":\"\",\"traffic_features_description1\":\"Includes Real-Time Traffic\",\"traffic_features_description2\":\"\",\"traffic_features_description3\":\"\",\"base_length\":\"24.5\",\"base_length_unit_of_measure\":\"centimeters\",\"base_width\":\"2.1\",\"base_width_unit_of_measure\":\"centimeters\",\"speaker_maximum_input_power\":\"\",\"speaker_maximum_input_power_unit_of_measure\":\"\",\"power_source_type\":\"\",\"item_shape\":\"Round\",\"maximum_surge_rating\":\"\",\"maximum_surge_rating_unit_of_measure\":\"\",\"shielding_type1\":\"\",\"shielding_type2\":\"\",\"calibration_description\":\"\",\"write_speed\":\"\",\"projection_method\":\"\",\"number_of_zones\":\"\",\"minimum_image_size\":\"\",\"minimum_image_size_unit_of_measure\":\"\",\"maximum_weight_recommendation\":\"4.8\",\"maximum_weight_recommendation_unit_of_measure\":\"ounces\",\"subscription_term_name\":\"\",\"map_type1\":\"\",\"map_type2\":\"\",\"map_type3\":\"\",\"speaker_connectivity\":\"\",\"number_of_drivers\":\"\",\"item_display_diameter\":\"\",\"item_display_diameter_unit_of_measure\":\"\",\"tweeter_driver_diameter\":\"4.2\",\"tweeter_driver_diameter_unit_of_measure\":\"centimeters\",\"tweeter_driver_cone_material_type\":\"\",\"tweeter_driver_technology\":\"\",\"midrange_driver_diameter\":\"\",\"midrange_driver_diameter_unit_of_measure\":\"\",\"midrange_driver_cone_material_type\":\"\",\"woofer_driver_diameter\":\"\",\"woofer_driver_diameter_unit_of_measure\":\"\",\"woofer_driver_cone_material_type\":\"\",\"subwoofer_diameter\":\"\",\"subwoofer_diameter_unit_of_measure\":\"\",\"subwoofer_cone_material_type\":\"\",\"subwoofer_power_description\":\"\",\"subwoofer_amplifier_wattage\":\"\",\"subwoofer_amplifier_wattage_unit_of_measure\":\"\",\"total_subwoofer_outputs\":\"\",\"speaker_grille_material_type\":\"\",\"speaker_grille_description\":\"\",\"finish_type\":\"\",\"exterior_finish\":\"\",\"cable_feature1\":\"\",\"cable_feature2\":\"\",\"cable_feature3\":\"\",\"cable_feature4\":\"\",\"cable_feature5\":\"\",\"connector_gender1\":\"\",\"connector_gender2\":\"\",\"connector_gender3\":\"\",\"network_interface_description\":\"\",\"optical_digital_input\":\"\",\"total_preamp_outputs\":\"\",\"total_power_outlets\":\"\",\"light_source_wattage\":\"\",\"light_source_wattage_unit_of_measure\":\"\",\"operating_life\":\"\",\"operating_life_unit_of_measure\":\"\",\"size_name\":\"\",\"size_map\":\"\",\"external_product_id\":\"B01I1KT9QG\",\"external_product_id_type\":\"asin\",\"variation_theme\":\"\",\"dont_add_offer\":\"\",\"item_sku\":\"MW030\",\"country_of_origin\":\"CN\",\"inlineImage-main_offer_image-MAIN\":\"\",\"inlineImage-offer_image-PT01\":\"\",\"inlineImage-offer_image-PT02\":\"\",\"inlineImage-offer_image-PT03\":\"\",\"inlineImage-offer_image-PT04\":\"\",\"inlineImage-offer_image-PT05\":\"\",\"merchant_release_date\":\"2016-12-31\",\"seller_warranty_description\":\" 2-Year Amazon.com Warranty provided by Asurion, instead of the manufacturer.\",\"import_designation\":\"Made in USA or Imported\",\"country_as_labeled\":\"CN\",\"offering_can_be_giftwrapped\":\"false\",\"offering_can_be_gift_messaged\":\"false\",\"quantity\":\"1\",\"product_tax_code\":\"A_GEN_NOTAX\",\"condition_type\":\"new, new\",\"standard_price\":\"29.56\",\"fulfillment_latency\":\"1\",\"sale_price\":\"29\",\"sale_from_date\":\"2016-10-31\",\"sale_end_date\":\"2016-12-31\",\"restock_date\":\"\",\"condition_note\":\"Dust cover missing.some scratches on the front\",\"offering_start_date\":\"\",\"offerFulfillment\":\"\",\"rememberDefaultChannel\":\"false\",\"ProductImage__PT00\":\"\",\"file\":\"\",\"ProductImage_PT01\":\"\",\"ProductImage_PT02\":\"\",\"ProductImage_PT03\":\"\",\"ProductImage_PT04\":\"\",\"ProductImage_PT05\":\"\",\"ProductImage_PT06\":\"\",\"ProductImage_PT07\":\"\",\"ProductImage_PT08\":\"\",\"bullet_point1\":\" Please DONOT PULL OUT the Button Underwater. Use in extreme Hot or Cold temperature will shorter watch life. \",\"bullet_point2\":\"\",\"bullet_point3\":\"\",\"bullet_point4\":\"\",\"bullet_point5\":\"\",\"product_description\":\"\\u2764 Original Japanese CITIZEN Quartz Movement: provide precise and accurate time keeping\\r\\n\\u2764Stainless Steel Band Strap and Case Cover\\r\\n\\u2764Double Locking Fold Over Clasp\\r\\n\\u2764 98FT \\/ 30M Water Resistant - 3ATM: Daily Use Waterproof, Hand Wash, Shower, Swimming, NO Problem. (Please DONOT PULL OUT the button under water) \\r\\n\\u2764 Classic Business Casual Dress Watch Design. Combines quality, leading edge fashion, and value. \\r\\n\\u2764Calendar Date Window\",\"generic_keywords1\":\"Watch,Men\",\"generic_keywords2\":\"\",\"generic_keywords3\":\"\",\"generic_keywords4\":\"\",\"generic_keywords5\":\"\",\"platinum_keywords1\":\"\",\"platinum_keywords2\":\"\",\"platinum_keywords3\":\"\",\"platinum_keywords4\":\"\",\"platinum_keywords5\":\"\",\"target_audience_keywords1\":\"Men\",\"target_audience_keywords2\":\"\",\"target_audience_keywords3\":\"\",\"target_audience_keywords4\":\"\",\"target_audience_keywords5\":\"\",\"subject_keywords1\":\"Wrist watch \",\"subject_keywords2\":\"\",\"subject_keywords3\":\"\",\"subject_keywords4\":\"\",\"subject_keywords5\":\"\",\"subject_keywords6\":\"\",\"subject_keywords7\":\"\",\"subject_keywords8\":\"\",\"subject_keywords9\":\"\",\"subject_keywords10\":\"\",\"thesaurus_subject_keywords1\":\"\",\"thesaurus_subject_keywords2\":\"\",\"thesaurus_subject_keywords3\":\"\",\"thesaurus_subject_keywords4\":\"\",\"thesaurus_subject_keywords5\":\"\",\"thesaurus_attribute_keywords1\":\"\",\"thesaurus_attribute_keywords2\":\"\",\"thesaurus_attribute_keywords3\":\"\",\"thesaurus_attribute_keywords4\":\"\",\"thesaurus_attribute_keywords5\":\"\",\"specific_uses_keywords1\":\"\",\"specific_uses_keywords2\":\"\",\"specific_uses_keywords3\":\"\",\"specific_uses_keywords4\":\"\",\"specific_uses_keywords5\":\"\",\"special_features1\":\"feature hour marks and auto date\",\"special_features2\":\"\",\"hazmat_type\":\"\",\"prop_65\":\"false\",\"list_price\":\"\",\"is_discontinued_by_manufacturer\":\"false\",\"item_length\":\"3.8\",\"item_height\":\"3.6\",\"item_width\":\"2.5\",\"item_dimensions_unit_of_measure\":\"inches\",\"item_weight\":\"4.8\",\"item_weight_unit_of_measure\":\"ounces\",\"website_shipping_weight\":\"6.4\",\"website_shipping_weight_unit_of_measure\":\"ounces\",\"compatible_phone_models1\":\"\",\"compatible_phone_models2\":\"\",\"compatible_phone_models3\":\"\",\"compatible_phone_models4\":\"\",\"compatible_phone_models5\":\"\",\"phone_standby_time\":\"\",\"phone_standby_time_unit_of_measure\":\"\",\"phone_talk_time\":\"\",\"phone_talk_time_unit_of_measure\":\"\",\"antenna_type\":\"\",\"auxiliary\":\"false\",\"battery_cell_composition\":\"\",\"battery_charge_time\":\"\",\"battery_charge_time_unit_of_measure\":\"\",\"solar\":\"false\",\"slim\":\"false\",\"refillable\":\"false\",\"extended\":\"false\",\"part_number\":\"\",\"product_site_launch_date\":\"\",\"safety_warning\":\"Too much water contact will shorter watch life\",\"package_length\":\"5\",\"package_height\":\"4.6\",\"package_width\":\"3.2\",\"package_dimensions_unit_of_measure\":\"\",\"package_weight\":\"6.4\",\"package_weight_unit_of_measure\":\"\",\"max_aggregate_ship_quantity\":\"\",\"battery_type_lithium_ion\":\"\",\"battery_type_lithium_metal\":\"\",\"number_of_batteries\":\"\",\"battery_type\":\"\",\"number_of_lithium_ion_cells\":\"\",\"number_of_lithium_metal_cells\":\"\",\"lithium_battery_energy_content\":\"\",\"lithium_battery_energy_content_unit_of_measure\":\"\",\"lithium_battery_voltage\":\"\",\"lithium_battery_voltage_unit_of_measure\":\"\",\"lithium_battery_weight\":\"\",\"lithium_battery_weight_unit_of_measure\":\"\",\"lithium_battery_packaging\":\"\",\"display_type\":\"\",\"_3d_technology\":\"\",\"has_color_screen\":\"false\",\"display_size\":\"\",\"display_size_unit_of_measure\":\"inches\",\"maximum_compatible_size\":\"\",\"maximum_compatible_size_unit_of_measure\":\"\",\"native_resolution\":\"\",\"zoom_type\":\"\",\"zoom_ratio\":\"\",\"wireless_comm_standard1\":\"\",\"wireless_comm_standard2\":\"\",\"wireless_comm_standard3\":\"\",\"wireless_communication_technology1\":\"\",\"wireless_communication_technology2\":\"\",\"wireless_communication_technology3\":\"\",\"supported_standards1\":\"\",\"supported_standards2\":\"\",\"supported_standards3\":\"\",\"supported_standards4\":\"\",\"supported_standards5\":\"\",\"specification_met\":\"\",\"audio_encoding\":\"\",\"audio_encoding_sign_language\":\"\",\"audio_sensitivity\":\"\",\"audio_sensitivity_unit_of_measure\":\"\",\"software_included\":\"\",\"built_in_decoders1\":\"\",\"built_in_decoders2\":\"\",\"built_in_decoders3\":\"\",\"built_in_decoders4\":\"\",\"built_in_decoders5\":\"\",\"included_components1\":\"\",\"included_components2\":\"\",\"included_components3\":\"\",\"controller_type\":\"\",\"control_type\":\"\",\"data_transfer_rate\":\"\",\"data_transfer_rate_unit_of_measure\":\"\",\"frequency_response_curve\":\"\",\"gps_navigation\":\"\",\"impedance\":\"\",\"impedance_unit_of_measure\":\"\",\"lens_type\":\"\",\"includes_remote\":\"false\",\"programmability1\":\"\",\"programmability2\":\"\",\"programmability3\":\"\",\"programmability4\":\"\",\"programmability5\":\"\",\"universal_remote_code\":\"\",\"human_interface_input1\":\"\",\"human_interface_input2\":\"\",\"human_interface_input3\":\"\",\"cooling_method\":\"\",\"fan_count\":\"\",\"microphone_form_factor\":\"\",\"microphone_technology\":\"\",\"total_harmonic_distortion\":\"\",\"noise_level\":\"\",\"noise_level_unit_of_measure\":\"\",\"computer_cpu_manufacturer\":\"\",\"computer_cpu_type\":\"\",\"computer_cpu_speed\":\"\",\"computer_cpu_speed_unit_of_measure\":\"\",\"operating_system1\":\"\",\"operating_system2\":\"\",\"graphics_processor_manufacturer\":\"\",\"computer_memory_size\":\"\",\"computer_memory_size_unit_of_measure\":\"\",\"rom_size\":\"\",\"rom_size_unit_of_measure\":\"\",\"output_wattage\":\"\",\"output_wattage_unit_of_measure\":\"\",\"tuner_technology1\":\"\",\"tuner_technology2\":\"\",\"tuner_technology3\":\"\",\"tuner_technology4\":\"\",\"tuner_technology5\":\"\",\"parental_control_technology\":\"\",\"input_device_interface1\":\"\",\"input_device_interface2\":\"\",\"input_device_interface3\":\"\",\"input_device_interface4\":\"\",\"input_device_interface5\":\"\",\"media_structure_layers\":\"\",\"min_focal_length\":\"\",\"min_focal_length_unit_of_measure\":\"\",\"disc_holder_capacity\":\"\",\"minimum_compatible_size\":\"\",\"minimum_compatible_size_unit_of_measure\":\"\",\"media_type_base1\":\"\",\"media_type_base2\":\"\",\"media_type_base3\":\"\",\"media_type_base4\":\"\",\"media_type_base5\":\"\",\"hardware_platform\":\"\",\"memory_slots_available\":\"\",\"hard_disk_size\":\"\",\"hard_disk_size_unit_of_measure\":\"\",\"mounting_type\":\"\",\"mounting_hole_type\":\"\",\"pattern_name\":\"\",\"efficiency\":\"\",\"speaker_count\":\"\",\"surround_sound_channel_configuration\":\"\",\"vehicle_speaker_size\":\"\",\"speaker_type\":\"\",\"enclosure\":\"\",\"material_type1\":\"\",\"material_type2\":\"\",\"material_type3\":\"\",\"material_type4\":\"\",\"material_type5\":\"\",\"material_type6\":\"\",\"material_type7\":\"\",\"material_type8\":\"\",\"material_type9\":\"\",\"material_type10\":\"\",\"connectivity_technology\":\"\",\"headphones_jack\":\"\",\"cable_length\":\"\",\"cable_length_unit_of_measure\":\"\",\"connector_type\":\"\",\"total_hdmi_ports\":\"\",\"total_ethernet_ports\":\"\",\"total_component_in_ports\":\"\",\"total_video_out_ports\":\"\",\"total_composite_ports\":\"\",\"total_coaxial_inputs\":\"\",\"total_s_video_in_ports\":\"\",\"total_vga_in_ports\":\"\",\"s_video_connector_type\":\"\",\"signal_conversion_supported\":\"\",\"front_inputs_description1\":\"\",\"front_inputs_description2\":\"\",\"front_inputs_description3\":\"\",\"supported_internet_services1\":\"\",\"supported_internet_services2\":\"\",\"supported_internet_services3\":\"\",\"supported_internet_services4\":\"\",\"supported_internet_services5\":\"\",\"mfg_warranty_description_parts\":\"\",\"international_protection_rating\":\"\",\"water_resistance_depth\":\"\",\"water_resistance_depth_unit_of_measure\":\"\",\"water_resistance_level\":\"\",\"are_batteries_included\":\"false\",\"battery_description1\":\"\",\"battery_description2\":\"\",\"battery_description3\":\"\",\"battery_average_life\":\"\",\"battery_average_life_unit_of_measure\":\"\",\"battery_average_life_recharge\":\"\",\"battery_average_life_recharge_unit_of_measure\":\"\",\"included_features\":\"\",\"mfg_warranty_description_type\":\"\",\"mfg_warranty_description_labor\":\"\",\"display_technology\":\"\",\"focal_length_description\":\"\",\"display_resolution_maximum\":\"\",\"light_source_operating_life\":\"\",\"light_source_operating_life_unit_of_measure\":\"\",\"optical_zoom\":\"\",\"optical_zoom_unit_of_measure\":\"\",\"compatible_devices1\":\"\",\"compatible_devices2\":\"\",\"compatible_devices3\":\"\",\"compatible_devices4\":\"\",\"compatible_devices5\":\"\",\"compatible_devices6\":\"\",\"compatible_devices7\":\"\",\"compatible_devices8\":\"\",\"compatible_devices9\":\"\",\"compatible_devices10\":\"\",\"compatible_devices11\":\"\",\"compatible_devices12\":\"\",\"compatible_devices13\":\"\",\"compatible_devices14\":\"\",\"compatible_devices15\":\"\",\"compatible_devices16\":\"\",\"compatible_devices17\":\"\",\"compatible_devices18\":\"\",\"compatible_devices19\":\"\",\"compatible_devices20\":\"\",\"compatible_devices21\":\"\",\"compatible_devices22\":\"\",\"compatible_devices23\":\"\",\"compatible_devices24\":\"\",\"compatible_devices25\":\"\",\"compatible_devices26\":\"\",\"compatible_devices27\":\"\",\"compatible_devices28\":\"\",\"compatible_devices29\":\"\",\"compatible_devices30\":\"\",\"catalog_number\":\"\",\"optical_sensor_resolution\":\"\",\"optical_sensor_resolution_unit_of_measure\":\"\",\"fur_description\":\"\",\"fabric_type1\":\"\",\"fabric_type2\":\"\",\"fabric_type3\":\"\",\"warranty_description\":\"\",\"cpsia_cautionary_statement1\":\"\",\"cpsia_cautionary_statement2\":\"\",\"cpsia_cautionary_statement3\":\"\",\"cpsia_cautionary_statement4\":\"\",\"cpsia_cautionary_description\":\"\",\"instrumentationData\":\"{\\\"isSimpleSubmission\\\":true,\\\"isSimpleOnlySubmission\\\":true,\\\"clickToCriticalFeature\\\":1247,\\\"numProductImagesUploaded\\\":0,\\\"tabTimeOnTask\\\":{\\\"tang_vital_info\\\":4441,\\\"variations\\\":0,\\\"offer\\\":0,\\\"image\\\":97341,\\\"tang_description\\\":0,\\\"tang_keywords\\\":0,\\\"tang_more_details\\\":0},\\\"timeOnTask\\\":102068,\\\"browseNodeTimeOnTask\\\":0,\\\"browseNodeSelectionMethod\\\":\\\"\\\"}\",\"price\":\"29.56\",\"stock\":\"1\",\"variation_form\":\"\\\"<div class=\\\\\\\"variation-theme-menu\\\\\\\"><div class=\\\\\\\"elements-container\\\\\\\">undefined<\\/div><\\/div>\\\"\",\"sku\":\"[]\",\"sku_price_max\":\"-Infinity\",\"sku_price_min\":\"Infinity\"}','2016-10-09 07:49:45','2016-11-15 17:58:38',0,1,4),(321,12,0,0,1,'Men\'s Large Dual Dial Analog electronic Sport Watch Multifunction 24H Time Casual Black','<p><img src=\"/upload/image/20161116/1479259665587028.jpg\" title=\"1479259665587028.jpg\" alt=\"手表.jpg\"/></p><p><br/></p><p><br/></p><p><br/></p><p><br/></p><p><br/></p><p><br/></p><p><br/></p><p><br/></p><p><br/></p><p><br/></p><p><br/></p><p><br/></p><p><br/></p>',100.00,100,'{\"sell-by-unit\":\"sell_by_piece\",\"pack-num\":\"\",\"batch-price-input\":\"29.56\",\"batch-stock-input\":\"100\",\"size-radio\":\"on\",\"spu-price\":\"\",\"ws-support\":\"Y\",\"payment-success-deduct-stock\":\"payment_success_deduct\",\"delivery-days\":\"7\",\"spu-code\":\"201602001\",\"package-weight\":\"0.5\",\"package-length\":\"20\",\"package-width\":\"20\",\"package-height\":\"20\",\"tty-days\":\"30\",\"alipay\":\"Y\",\"unit-select\":\"100000015\",\"size-template-name\":\"-1\",\"deliver-template\":\"1\",\"service-select\":\"226106\",\"product-group\":\"506219501\"}','2016-10-26 03:46:06','2016-11-15 17:27:55',0,1,0),(323,16,0,0,1,'Generic Mini sport Multimedia MP3 Player Micro SD Blue USB Flash Disk','<p><img src=\"/upload/image/20161116/1479260106412113.jpg\" title=\"1479260106412113.jpg\" alt=\"mp3.jpg\"/></p><p><br/></p><p><br/></p><p><br/></p><p><br/></p><p><br/></p><p><br/></p><p><br/></p><p><br/></p><p><br/></p><p><br/></p><p><br/></p>',100.00,100,'{\"sell-by-unit\":\"sell_by_piece\",\"pack-num\":\"\",\"batch-price-input\":\"6.32\",\"batch-stock-input\":\"100\",\"size-radio\":\"on\",\"spu-price\":\"\",\"ws-support\":\"Y\",\"payment-success-deduct-stock\":\"payment_success_deduct\",\"delivery-days\":\"7\",\"spu-code\":\"201605001\",\"package-weight\":\"0.5\",\"package-length\":\"10\",\"package-width\":\"10\",\"package-height\":\"10\",\"tty-days\":\"30\",\"alipay\":\"Y\",\"unit-select\":\"100000015\",\"size-template-name\":\"-1\",\"deliver-template\":\"1\",\"service-select\":\"226106\",\"product-group\":\"506219501\"}','2016-10-26 17:18:48','2016-11-15 17:35:57',0,1,0),(324,32,0,0,1,' 7 Inches fashion Bangle Bracelet Made with Blue Artificial Crystal Gem, Fairytale Design','<p><img src=\"/upload/image/20161116/1479260376475786.jpg\" title=\"1479260376475786.jpg\" alt=\"手链.jpg\"/></p><p><br/></p>',100.00,100,'{\"sell-by-unit\":\"sell_by_piece\",\"pack-num\":\"\",\"batch-price-input\":\"23.62\",\"batch-stock-input\":\"100\",\"size-radio\":\"on\",\"spu-price\":\"\",\"payment-success-deduct-stock\":\"payment_success_deduct\",\"delivery-days\":\"7\",\"spu-code\":\"201607001\",\"package-weight\":\"0.3\",\"package-length\":\"10\",\"package-width\":\"10\",\"package-height\":\"10\",\"tty-days\":\"30\",\"alipay\":\"Y\",\"unit-select\":\"100000015\",\"size-template-name\":\"-1\",\"deliver-template\":\"1\",\"service-select\":\"226106\",\"product-group\":\"506219501\"}','2016-10-26 17:46:08','2016-11-15 17:39:56',0,1,0),(326,38,0,0,1,'Women\'s New Light Weight Go Easy Walking Casual Athletic Comfort Running Shoes Sneakers','<p><img src=\"/upload/image/20161116/1479260589466005.jpg\" title=\"1479260589466005.jpg\" alt=\"运动鞋.jpg\"/></p><p><br/></p><p><br/></p><p><br/></p><p><br/></p><p><br/></p><p><br/></p><p><br/></p><p><br/></p><p><br/></p>',26.00,100,'{\"sell-by-unit\":\"sell_by_piece\",\"pack-num\":\"\",\"batch-price-input\":\"14.99\",\"batch-stock-input\":\"100\",\"size-radio\":\"on\",\"spu-price\":\"26\",\"ws-support\":\"Y\",\"payment-success-deduct-stock\":\"payment_success_deduct\",\"delivery-days\":\"7\",\"spu-code\":\"201610001\",\"package-weight\":\"0.8\",\"package-length\":\"40\",\"package-width\":\"30\",\"package-height\":\"30\",\"tty-days\":\"30\",\"alipay\":\"Y\",\"unit-select\":\"100000015\",\"size-template-name\":\"-1\",\"deliver-template\":\"1\",\"service-select\":\"226106\",\"product-group\":\"506219501\"}','2016-10-26 23:46:57','2016-11-15 17:43:42',0,1,0),(327,44,0,0,1,'Thicken Iron Garden Hand Mini Trowel Home Garden Tools shovels','<p><img src=\"/upload/image/20161116/1479261564644453.jpg\" title=\"1479261564644453.jpg\" alt=\"铲子.jpg\"/></p><p><br/></p><p><br/></p><p><br/></p>',100.00,100,'{\"sell-by-unit\":\"sell_by_piece\",\"pack-num\":\"\",\"batch-price-input\":\"2.39\",\"batch-stock-input\":\"100\",\"size-radio\":\"on\",\"spu-price\":\"\",\"ws-support\":\"Y\",\"payment-success-deduct-stock\":\"payment_success_deduct\",\"delivery-days\":\"7\",\"spu-code\":\"201611001\",\"package-weight\":\"1\",\"package-length\":\"40\",\"package-width\":\"20\",\"package-height\":\"20\",\"tty-days\":\"30\",\"alipay\":\"Y\",\"unit-select\":\"100000015\",\"size-template-name\":\"-1\",\"deliver-template\":\"1\",\"service-select\":\"226106\",\"product-group\":\"506219501\"}','2016-10-27 00:46:14','2016-11-15 17:59:31',0,1,0),(329,13,0,0,1,'Japanese Manga Naruto Akatsuki Action Figures Set of 6 Pieces Set by kcslam','<p><img src=\"/upload/image/20161116/1479259752532641.jpg\" title=\"1479259752532641.jpg\"/></p><p><img src=\"/upload/image/20161116/1479259765519957.jpg\" title=\"1479259765519957.jpg\"/></p><p></p><p><br/></p>',20.00,100,'{\"sell-by-unit\":\"sell_by_piece\",\"pack-num\":\"\",\"batch-price-input\":\"98.98\",\"batch-stock-input\":\"100\",\"size-radio\":\"on\",\"spu-price\":\"20\",\"payment-success-deduct-stock\":\"payment_success_deduct\",\"delivery-days\":\"7\",\"spu-code\":\"201603001\",\"package-weight\":\"0.6\",\"package-length\":\"20\",\"package-width\":\"20\",\"package-height\":\"20\",\"tty-days\":\"30\",\"alipay\":\"Y\",\"unit-select\":\"100000015\",\"size-template-name\":\"-1\",\"deliver-template\":\"1\",\"service-select\":\"226106\",\"product-group\":\"506219501\"}','2016-10-27 01:20:28','2016-11-15 17:31:00',0,1,0),(330,34,0,0,1,' Men\'s Leather Belt Sliding Buckle 35mm business casual Ratchet Belt Black ','<p><img src=\"/upload/image/20161116/1479260457223623.jpg\" title=\"1479260457223623.jpg\" alt=\"皮带.jpg\"/></p>',15.00,100,'{\"sell-by-unit\":\"sell_by_piece\",\"pack-num\":\"\",\"batch-price-input\":\"11.29\",\"batch-stock-input\":\"100\",\"size-radio\":\"on\",\"spu-price\":\"15\",\"ws-support\":\"Y\",\"payment-success-deduct-stock\":\"payment_success_deduct\",\"delivery-days\":\"7\",\"spu-code\":\"201608001\",\"package-weight\":\"0.8\",\"package-length\":\"10\",\"package-width\":\"10\",\"package-height\":\"10\",\"tty-days\":\"30\",\"alipay\":\"Y\",\"unit-select\":\"100000015\",\"size-template-name\":\"-1\",\"deliver-template\":\"1\",\"service-select\":\"226106\",\"product-group\":\"506219501\"}','2016-10-27 02:48:24','2016-11-15 17:41:07',0,1,0),(332,15,0,0,1,'Apple iPhone 6/6S 4.7 inch Cover Clear Shell Slim Case Translucent Impact Resistant Flexible Soft  Case Protective Shell','<p><img src=\"/upload/image/20161116/1479259909525132.jpg\" title=\"1479259909525132.jpg\" alt=\"手机壳.jpg\"/></p><p><br/></p><p><br/></p><p><br/></p><p><br/></p><p><br/></p><p><br/></p>',8.00,100,'{\"sell-by-unit\":\"sell_by_piece\",\"pack-num\":\"\",\"batch-price-input\":\"2.68\",\"batch-stock-input\":\"100\",\"size-radio\":\"on\",\"spu-price\":\"8\",\"payment-success-deduct-stock\":\"payment_success_deduct\",\"delivery-days\":\"7\",\"spu-code\":\"201604001\",\"package-weight\":\"0.2\",\"package-length\":\"10\",\"package-width\":\"5\",\"package-height\":\"5\",\"tty-days\":\"30\",\"alipay\":\"Y\",\"unit-select\":\"100000015\",\"size-template-name\":\"-1\",\"deliver-template\":\"1\",\"service-select\":\"226106\",\"product-group\":\"506219501\"}','2016-10-27 03:28:16','2016-11-15 17:32:25',0,1,0),(334,37,0,0,1,'Arts Colored Pencils, Assorted Colors office school supplies (12Pack) ','<p><img src=\"/upload/image/20161116/1479260529323569.jpg\" title=\"1479260529323569.jpg\" alt=\"文具.jpg\"/></p><p><br/></p><p><br/></p>',12.63,100,'{\"sell-by-unit\":\"sell_by_piece\",\"pack-num\":\"\",\"batch-price-input\":\"\",\"batch-stock-input\":\"\",\"size-radio\":\"on\",\"spu-price\":\"12.63\",\"payment-success-deduct-stock\":\"payment_success_deduct\",\"delivery-days\":\"7\",\"spu-code\":\"201609001\",\"package-weight\":\"1\",\"package-length\":\"20\",\"package-width\":\"10\",\"package-height\":\"10\",\"tty-days\":\"30\",\"alipay\":\"Y\",\"unit-select\":\"100000015\",\"size-template-name\":\"-1\",\"deliver-template\":\"1\",\"service-select\":\"226106\",\"product-group\":\"506219501\"}','2016-10-27 03:55:04','2016-11-15 17:42:18',0,1,0),(335,31,0,0,1,'Nail Polish Awesome Metallic Full Size Lacquer Lot of 5-pc Set Body Care Beauty Care Bodycare','<p><img src=\"/upload/image/20161116/1479260295439954.jpg\" title=\"1479260295439954.jpg\" alt=\"指甲油.jpg\"/></p><p><br/></p><p><br/></p><p><br/></p><p><br/></p><p><br/></p><p><br/></p><p><br/></p><p><br/></p><p><br/></p><p><br/></p>',9.00,100,'{\"sell-by-unit\":\"sell_by_piece\",\"pack-num\":\"\",\"batch-price-input\":\"6.68\",\"batch-stock-input\":\"100\",\"size-radio\":\"on\",\"spu-price\":\"9\",\"ws-support\":\"Y\",\"payment-success-deduct-stock\":\"payment_success_deduct\",\"delivery-days\":\"7\",\"spu-code\":\"201606001\",\"package-weight\":\"0.6\",\"package-length\":\"15\",\"package-width\":\"10\",\"package-height\":\"10\",\"tty-days\":\"30\",\"alipay\":\"Y\",\"unit-select\":\"100000015\",\"size-template-name\":\"-1\",\"deliver-template\":\"1\",\"service-select\":\"226106\",\"product-group\":\"506219501\"}','2016-10-27 04:07:43','2016-11-15 17:38:28',0,1,0),(343,46,0,0,1,'Mini USB Table Desk Personal Fan  Metal Design Quiet Operation USB Cable High Compatibility ','<p><img src=\"/upload/image/20161116/1479261619769111.jpg\" title=\"1479261619769111.jpg\" alt=\"风扇.jpg\"/></p><p><br/></p><p><br/></p><p><br/></p><p><br/></p><p><br/></p><p><br/></p><p><br/></p><p><br/></p>',12.00,100,'{\"sell-by-unit\":\"sell_by_piece\",\"pack-num\":\"\",\"batch-price-input\":\"8.92\",\"batch-stock-input\":\"100\",\"size-radio\":\"on\",\"spu-price\":\"12\",\"ws-support\":\"Y\",\"payment-success-deduct-stock\":\"payment_success_deduct\",\"delivery-days\":\"7\",\"spu-code\":\"201612001\",\"package-weight\":\"1.1\",\"package-length\":\"40\",\"package-width\":\"30\",\"package-height\":\"30\",\"tty-days\":\"30\",\"alipay\":\"Y\",\"unit-select\":\"100000015\",\"size-template-name\":\"-1\",\"deliver-template\":\"1\",\"service-select\":\"226106\",\"product-group\":\"506219501\"}','2016-10-28 01:55:55','2016-11-15 18:00:34',0,1,0);
/*!40000 ALTER TABLE `test_cases` ENABLE KEYS */;
UNLOCK TABLES;
/*!40103 SET TIME_ZONE=@OLD_TIME_ZONE */;

/*!40101 SET SQL_MODE=@OLD_SQL_MODE */;
/*!40014 SET FOREIGN_KEY_CHECKS=@OLD_FOREIGN_KEY_CHECKS */;
/*!40014 SET UNIQUE_CHECKS=@OLD_UNIQUE_CHECKS */;
/*!40101 SET CHARACTER_SET_CLIENT=@OLD_CHARACTER_SET_CLIENT */;
/*!40101 SET CHARACTER_SET_RESULTS=@OLD_CHARACTER_SET_RESULTS */;
/*!40101 SET COLLATION_CONNECTION=@OLD_COLLATION_CONNECTION */;
/*!40111 SET SQL_NOTES=@OLD_SQL_NOTES */;

-- Dump completed on 2016-11-23 17:53:10
-- MySQL dump 10.13  Distrib 5.7.12, for Linux (x86_64)
--
-- Host: rdsnntwuizj75mjskmgr3.mysql.rds.aliyuncs.com    Database: ebiztop
-- ------------------------------------------------------
-- Server version	5.6.29

/*!40101 SET @OLD_CHARACTER_SET_CLIENT=@@CHARACTER_SET_CLIENT */;
/*!40101 SET @OLD_CHARACTER_SET_RESULTS=@@CHARACTER_SET_RESULTS */;
/*!40101 SET @OLD_COLLATION_CONNECTION=@@COLLATION_CONNECTION */;
/*!40101 SET NAMES utf8 */;
/*!40103 SET @OLD_TIME_ZONE=@@TIME_ZONE */;
/*!40103 SET TIME_ZONE='+00:00' */;
/*!40014 SET @OLD_UNIQUE_CHECKS=@@UNIQUE_CHECKS, UNIQUE_CHECKS=0 */;
/*!40014 SET @OLD_FOREIGN_KEY_CHECKS=@@FOREIGN_KEY_CHECKS, FOREIGN_KEY_CHECKS=0 */;
/*!40101 SET @OLD_SQL_MODE=@@SQL_MODE, SQL_MODE='NO_AUTO_VALUE_ON_ZERO' */;
/*!40111 SET @OLD_SQL_NOTES=@@SQL_NOTES, SQL_NOTES=0 */;

--
-- Table structure for table `test_case_attrs`
--

DROP TABLE IF EXISTS `test_case_attrs`;
/*!40101 SET @saved_cs_client     = @@character_set_client */;
/*!40101 SET character_set_client = utf8 */;
CREATE TABLE `test_case_attrs` (
  `id` int(10) unsigned NOT NULL AUTO_INCREMENT,
  `test_case_id` int(10) unsigned NOT NULL COMMENT '实验案例id',
  `catalog_id` int(10) unsigned NOT NULL COMMENT '属性类目id',
  `value` varchar(200) COLLATE utf8_unicode_ci NOT NULL COMMENT '实验案例实际选择的属性值，如果是多选，则以逗号分隔。',
  PRIMARY KEY (`id`),
  KEY `test_case_attrs_test_case_id_index` (`test_case_id`),
  KEY `test_case_attrs_catalog_id_foreign` (`catalog_id`),
  CONSTRAINT `test_case_attrs_catalog_id_foreign` FOREIGN KEY (`catalog_id`) REFERENCES `product_attr_catalogs` (`id`),
  CONSTRAINT `test_case_attrs_test_case_id_foreign` FOREIGN KEY (`test_case_id`) REFERENCES `test_cases` (`id`)
) ENGINE=InnoDB AUTO_INCREMENT=7742 DEFAULT CHARSET=utf8 COLLATE=utf8_unicode_ci COMMENT='实验案例具体选择属性值表';
/*!40101 SET character_set_client = @saved_cs_client */;

--
-- Dumping data for table `test_case_attrs`
--
-- WHERE:  test_case_id in (select id from test_cases where (school_id = 0 and type = 0 and test_id in (select test_id from school_tests where school_id=30)))

LOCK TABLES `test_case_attrs` WRITE;
/*!40000 ALTER TABLE `test_case_attrs` DISABLE KEYS */;
INSERT INTO `test_case_attrs` VALUES (7364,254,324,'Summer'),(7365,254,390,'Flat Platform'),(7366,254,389,'Buckle Strap'),(7367,254,331,'Animal Prints'),(7368,254,330,'EVA'),(7369,254,329,'Girls'),(7370,254,326,' Fits true to size, take your normal size'),(7371,254,407,'EVA'),(7372,254,406,'Buckle'),(7373,254,388,'MINISED'),(7374,321,351,'Classic'),(7375,321,472,'Belt Buckle'),(7376,321,456,'Stainless steel'),(7377,321,455,'50mm'),(7378,321,366,'  Ordinary'),(7379,321,365,'Ordinary glass mirror'),(7380,321,359,'Men '),(7381,321,358,'Analog'),(7382,321,357,'5mm'),(7383,321,356,''),(7384,321,355,''),(7385,321,354,'Round'),(7386,321,353,'  Metal'),(7387,321,473,'24 Hours Instructions'),(7388,321,483,'Large dial,Stainless steel'),(7389,321,457,'30m'),(7390,321,374,'105g'),(7391,321,372,'20000 H'),(7409,323,215,'No Screen'),(7410,323,432,'Touch Tone'),(7411,323,223,'No'),(7412,323,222,'≥ 50dB'),(7413,323,221,'Card'),(7414,323,220,'Others'),(7415,323,219,''),(7416,323,218,'Hard Disk'),(7417,323,217,'Others'),(7418,323,216,'None'),(7419,323,487,'TF Card'),(7420,323,431,'Unsupport'),(7421,323,225,'MP3'),(7422,323,224,'No'),(7431,324,383,'  Western Style'),(7432,324,384,'  Artificial crystal'),(7433,324,385,'Female'),(7434,324,386,'  Gem'),(7435,324,387,'Others'),(7436,324,446,'Fashion'),(7447,326,437,'Women'),(7448,326,438,'Lace-Up'),(7449,326,441,'Low'),(7450,326,474,'Breathable Technology'),(7451,326,439,'Mesh,Mesh (Air mesh),Rubber,Stretch Fabric'),(7452,326,440,'Anti-Slippery,Balanced,Breathable,Light Weight,Shock-Absorbant,Sweat-Absorbant,Waterproof'),(7453,326,475,'Others'),(7454,326,476,'Road,Runway'),(7455,327,443,'Iron'),(7456,327,477,'No'),(7457,327,442,'Garden Shovel'),(7392,329,244,'Boy'),(7393,329,245,'＞10 Year'),(7394,329,246,'Others'),(7395,329,247,'Others'),(7396,329,248,'Others'),(7397,329,249,'Figures'),(7398,329,484,'Mode'),(7399,329,250,'5cm'),(7437,330,408,'  Smooth Buckle'),(7438,330,409,'Business'),(7439,330,410,'  Leather Floor'),(7440,330,412,'Soft Cover'),(7441,330,413,'  Male'),(7442,330,447,'Leather Decoration'),(7443,330,414,'35mm'),(7400,332,229,'Apple'),(7401,332,230,'iPhone 6'),(7402,332,232,'  Plastic'),(7403,332,233,'Cartoon style'),(7404,332,234,'No'),(7405,332,235,'Unsupport'),(7406,332,236,'Unsupport'),(7407,332,485,'Protective shell'),(7408,332,231,'Anti-knock,Dirt-resistant'),(7444,334,434,'Colored Pencil'),(7445,334,435,'Wood'),(7446,334,436,'Carpenter Pencil'),(7423,335,376,'2016s'),(7424,335,377,'No'),(7425,335,378,'Any skin'),(7426,335,380,'3 years'),(7427,335,381,'Color Nail Polish'),(7428,335,488,'Normal specifications'),(7429,335,489,'Easy Dry'),(7430,335,382,'10ml'),(7458,343,479,'Metal'),(7459,343,490,'USB Fan');
/*!40000 ALTER TABLE `test_case_attrs` ENABLE KEYS */;
UNLOCK TABLES;
/*!40103 SET TIME_ZONE=@OLD_TIME_ZONE */;

/*!40101 SET SQL_MODE=@OLD_SQL_MODE */;
/*!40014 SET FOREIGN_KEY_CHECKS=@OLD_FOREIGN_KEY_CHECKS */;
/*!40014 SET UNIQUE_CHECKS=@OLD_UNIQUE_CHECKS */;
/*!40101 SET CHARACTER_SET_CLIENT=@OLD_CHARACTER_SET_CLIENT */;
/*!40101 SET CHARACTER_SET_RESULTS=@OLD_CHARACTER_SET_RESULTS */;
/*!40101 SET COLLATION_CONNECTION=@OLD_COLLATION_CONNECTION */;
/*!40111 SET SQL_NOTES=@OLD_SQL_NOTES */;

-- Dump completed on 2016-11-23 17:53:10
-- MySQL dump 10.13  Distrib 5.7.12, for Linux (x86_64)
--
-- Host: rdsnntwuizj75mjskmgr3.mysql.rds.aliyuncs.com    Database: ebiztop
-- ------------------------------------------------------
-- Server version	5.6.29

/*!40101 SET @OLD_CHARACTER_SET_CLIENT=@@CHARACTER_SET_CLIENT */;
/*!40101 SET @OLD_CHARACTER_SET_RESULTS=@@CHARACTER_SET_RESULTS */;
/*!40101 SET @OLD_COLLATION_CONNECTION=@@COLLATION_CONNECTION */;
/*!40101 SET NAMES utf8 */;
/*!40103 SET @OLD_TIME_ZONE=@@TIME_ZONE */;
/*!40103 SET TIME_ZONE='+00:00' */;
/*!40014 SET @OLD_UNIQUE_CHECKS=@@UNIQUE_CHECKS, UNIQUE_CHECKS=0 */;
/*!40014 SET @OLD_FOREIGN_KEY_CHECKS=@@FOREIGN_KEY_CHECKS, FOREIGN_KEY_CHECKS=0 */;
/*!40101 SET @OLD_SQL_MODE=@@SQL_MODE, SQL_MODE='NO_AUTO_VALUE_ON_ZERO' */;
/*!40111 SET @OLD_SQL_NOTES=@@SQL_NOTES, SQL_NOTES=0 */;

--
-- Table structure for table `test_case_specs`
--

DROP TABLE IF EXISTS `test_case_specs`;
/*!40101 SET @saved_cs_client     = @@character_set_client */;
/*!40101 SET character_set_client = utf8 */;
CREATE TABLE `test_case_specs` (
  `id` int(10) unsigned NOT NULL AUTO_INCREMENT,
  `test_case_id` int(10) unsigned NOT NULL COMMENT '实验案例id',
  `catalog_id` int(10) unsigned NOT NULL COMMENT '产品规格类目id',
  `value` varchar(500) COLLATE utf8_unicode_ci NOT NULL COMMENT '实验案例具体选择的值，如果选择了多个，则以逗号分隔',
  `custom_value` varchar(100) COLLATE utf8_unicode_ci DEFAULT NULL COMMENT '自定义的规格显示值，比如：颜色#00ff00，显示为，戏红色。',
  `custom_pic` varchar(500) COLLATE utf8_unicode_ci DEFAULT NULL COMMENT '自定义的规格图片，目前只用于颜色。如果设置了图片，则前端显示时就用图片代替，而不是文字或css颜色。',
  `custom_pic_id` int(10) unsigned DEFAULT NULL COMMENT '自定义图片的id',
  PRIMARY KEY (`id`),
  KEY `test_case_specs_test_case_id_index` (`test_case_id`),
  KEY `test_case_specs_catalog_id_index` (`catalog_id`),
  CONSTRAINT `test_case_specs_catalog_id_foreign` FOREIGN KEY (`catalog_id`) REFERENCES `product_spec_catalogs` (`id`),
  CONSTRAINT `test_case_specs_test_case_id_foreign` FOREIGN KEY (`test_case_id`) REFERENCES `test_cases` (`id`)
) ENGINE=InnoDB AUTO_INCREMENT=2127 DEFAULT CHARSET=utf8 COLLATE=utf8_unicode_ci COMMENT='实验案例规格表';
/*!40101 SET character_set_client = @saved_cs_client */;

--
-- Dumping data for table `test_case_specs`
--
-- WHERE:  test_case_id in (select id from test_cases where (school_id = 0 and type = 0 and test_id in (select test_id from school_tests where school_id=30)))

LOCK TABLES `test_case_specs` WRITE;
/*!40000 ALTER TABLE `test_case_specs` DISABLE KEYS */;
INSERT INTO `test_case_specs` VALUES (2036,254,61,'3370','',NULL,NULL),(2037,254,67,'3373',NULL,NULL,NULL),(2038,254,67,'3374',NULL,NULL,NULL),(2039,254,67,'3375',NULL,NULL,NULL),(2040,254,67,'3376',NULL,NULL,NULL),(2041,254,67,'3377',NULL,NULL,NULL),(2042,254,67,'3378',NULL,NULL,NULL),(2043,254,67,'3379',NULL,NULL,NULL),(2044,254,67,'3380',NULL,NULL,NULL),(2045,254,67,'3381',NULL,NULL,NULL),(2046,254,67,'3382',NULL,NULL,NULL),(2047,254,67,'3383',NULL,NULL,NULL),(2048,254,67,'3384',NULL,NULL,NULL),(2049,254,92,'3518',NULL,NULL,NULL),(2050,321,90,'3509','',NULL,NULL),(2051,321,91,'3514',NULL,NULL,NULL),(2054,323,49,'3339','Blue',NULL,NULL),(2055,323,95,'3531',NULL,NULL,NULL),(2062,324,66,'3061','silver',NULL,NULL),(2064,326,102,'3565',NULL,NULL,NULL),(2065,326,102,'3566',NULL,NULL,NULL),(2066,326,102,'3567',NULL,NULL,NULL),(2067,326,102,'3568',NULL,NULL,NULL),(2068,326,102,'3569',NULL,NULL,NULL),(2069,326,102,'3570',NULL,NULL,NULL),(2070,326,103,'3591','',NULL,NULL),(2071,326,104,'3596',NULL,NULL,NULL),(2072,327,105,'3599','',NULL,NULL),(2073,327,105,'3600','',NULL,NULL),(2052,329,93,'3524',NULL,NULL,NULL),(2063,330,69,'3217','',NULL,NULL),(2053,332,94,'3526',NULL,NULL,NULL),(2056,335,64,'3617','',NULL,NULL),(2057,335,64,'3618','',NULL,NULL),(2058,335,64,'3619','',NULL,NULL),(2059,335,64,'3620','',NULL,NULL),(2060,335,64,'3621','',NULL,NULL),(2061,335,97,'3538',NULL,NULL,NULL),(2074,343,107,'3607','',NULL,NULL);
/*!40000 ALTER TABLE `test_case_specs` ENABLE KEYS */;
UNLOCK TABLES;
/*!40103 SET TIME_ZONE=@OLD_TIME_ZONE */;

/*!40101 SET SQL_MODE=@OLD_SQL_MODE */;
/*!40014 SET FOREIGN_KEY_CHECKS=@OLD_FOREIGN_KEY_CHECKS */;
/*!40014 SET UNIQUE_CHECKS=@OLD_UNIQUE_CHECKS */;
/*!40101 SET CHARACTER_SET_CLIENT=@OLD_CHARACTER_SET_CLIENT */;
/*!40101 SET CHARACTER_SET_RESULTS=@OLD_CHARACTER_SET_RESULTS */;
/*!40101 SET COLLATION_CONNECTION=@OLD_COLLATION_CONNECTION */;
/*!40111 SET SQL_NOTES=@OLD_SQL_NOTES */;

-- Dump completed on 2016-11-23 17:53:10
-- MySQL dump 10.13  Distrib 5.7.12, for Linux (x86_64)
--
-- Host: rdsnntwuizj75mjskmgr3.mysql.rds.aliyuncs.com    Database: ebiztop
-- ------------------------------------------------------
-- Server version	5.6.29

/*!40101 SET @OLD_CHARACTER_SET_CLIENT=@@CHARACTER_SET_CLIENT */;
/*!40101 SET @OLD_CHARACTER_SET_RESULTS=@@CHARACTER_SET_RESULTS */;
/*!40101 SET @OLD_COLLATION_CONNECTION=@@COLLATION_CONNECTION */;
/*!40101 SET NAMES utf8 */;
/*!40103 SET @OLD_TIME_ZONE=@@TIME_ZONE */;
/*!40103 SET TIME_ZONE='+00:00' */;
/*!40014 SET @OLD_UNIQUE_CHECKS=@@UNIQUE_CHECKS, UNIQUE_CHECKS=0 */;
/*!40014 SET @OLD_FOREIGN_KEY_CHECKS=@@FOREIGN_KEY_CHECKS, FOREIGN_KEY_CHECKS=0 */;
/*!40101 SET @OLD_SQL_MODE=@@SQL_MODE, SQL_MODE='NO_AUTO_VALUE_ON_ZERO' */;
/*!40111 SET @OLD_SQL_NOTES=@@SQL_NOTES, SQL_NOTES=0 */;

--
-- Table structure for table `test_case_pics`
--

DROP TABLE IF EXISTS `test_case_pics`;
/*!40101 SET @saved_cs_client     = @@character_set_client */;
/*!40101 SET character_set_client = utf8 */;
CREATE TABLE `test_case_pics` (
  `id` int(10) unsigned NOT NULL AUTO_INCREMENT,
  `test_case_id` int(10) unsigned NOT NULL COMMENT '实验案例id',
  `pic_id` bigint(20) unsigned NOT NULL COMMENT '图片id',
  `pic_url` varchar(500) COLLATE utf8_unicode_ci NOT NULL COMMENT '图片地址，结合阿里云的OSS',
  `pic_order` smallint(6) NOT NULL COMMENT '图片显示顺序',
  `pic_type` int(10) unsigned NOT NULL COMMENT '图片类型，1=普通图片，2=颜色规格自定义图片',
  PRIMARY KEY (`id`),
  KEY `test_case_pics_test_case_id_index` (`test_case_id`),
  KEY `test_case_pics_pic_id_foreign` (`pic_id`),
  CONSTRAINT `test_case_pics_pic_id_foreign` FOREIGN KEY (`pic_id`) REFERENCES `user_pics` (`id`),
  CONSTRAINT `test_case_pics_test_case_id_foreign` FOREIGN KEY (`test_case_id`) REFERENCES `test_cases` (`id`)
) ENGINE=InnoDB AUTO_INCREMENT=3895 DEFAULT CHARSET=utf8 COLLATE=utf8_unicode_ci COMMENT='实验案例图片表';
/*!40101 SET character_set_client = @saved_cs_client */;

--
-- Dumping data for table `test_case_pics`
--
-- WHERE:  test_case_id in (select id from test_cases where (school_id = 0 and type = 0 and test_id in (select test_id from school_tests where school_id=30)))

LOCK TABLES `test_case_pics` WRITE;
/*!40000 ALTER TABLE `test_case_pics` DISABLE KEYS */;
INSERT INTO `test_case_pics` VALUES (3738,254,5119,'/upload/image/20161116/1479259395806477.jpg',0,1),(3739,254,5120,'/upload/image/20161116/1479259395521504.jpg',1,1),(3740,254,5121,'/upload/image/20161116/1479259395390531.jpg',2,1),(3741,254,5122,'/upload/image/20161116/1479259395625718.jpg',3,1),(3742,254,5123,'/upload/image/20161116/1479259395818009.jpg',4,1),(3743,254,5124,'/upload/image/20161116/1479259396804449.jpg',5,1),(3798,271,5191,'/upload/image/20161116/1479260741735260.jpg',0,1),(3799,271,5192,'/upload/image/20161116/1479260745570648.jpg',1,1),(3800,271,5193,'/upload/image/20161116/1479260751218389.jpg',2,1),(3801,271,5194,'/upload/image/20161116/1479260755941264.jpg',3,1),(3802,271,5196,'/upload/image/20161116/1479260777829234.jpg',4,1),(3803,271,5197,'/upload/image/20161116/1479260780989460.jpg',5,1),(3804,271,5198,'/upload/image/20161116/1479260783355911.jpg',6,1),(3805,271,5199,'/upload/image/20161116/1479260787280864.jpg',7,1),(3806,271,5200,'/upload/image/20161116/1479260791815599.jpg',8,1),(3807,272,5201,'/upload/image/20161116/1479261350626929.jpg',0,1),(3808,272,5202,'/upload/image/20161116/1479261357614989.jpg',1,1),(3809,272,5203,'/upload/image/20161116/1479261364774510.jpg',2,1),(3810,272,5204,'/upload/image/20161116/1479261370480976.jpg',3,1),(3811,272,5205,'/upload/image/20161116/1479261374259876.jpg',4,1),(3812,272,5206,'/upload/image/20161116/1479261377149731.jpg',5,1),(3813,272,5207,'/upload/image/20161116/1479261383517469.jpg',6,1),(3814,272,5208,'/upload/image/20161116/1479261387535384.jpg',7,1),(3815,272,5209,'/upload/image/20161116/1479261390198679.jpg',8,1),(3816,279,5210,'/upload/image/20161116/1479261461385768.jpg',0,1),(3817,279,5211,'/upload/image/20161116/1479261466755561.jpg',1,1),(3818,279,5212,'/upload/image/20161116/1479261470910311.jpg',2,1),(3819,279,5215,'/upload/image/20161116/1479261487381713.jpg',3,1),(3820,279,5214,'/upload/image/20161116/1479261477353018.jpg',4,1),(3821,279,5216,'/upload/image/20161116/1479261491973877.jpg',5,1),(3822,279,5220,'/upload/image/20161116/1479261512829569.jpg',6,1),(3823,279,5218,'/upload/image/20161116/1479261503250644.jpg',7,1),(3824,279,5221,'/upload/image/20161116/1479261517396116.jpg',8,1),(3744,321,5126,'/upload/image/20161116/1479259654225054.jpg',0,1),(3745,321,5127,'/upload/image/20161116/1479259654925483.jpg',1,1),(3746,321,5128,'/upload/image/20161116/1479259654946188.jpg',2,1),(3747,321,5129,'/upload/image/20161116/1479259654957808.jpg',3,1),(3748,321,5130,'/upload/image/20161116/1479259654561568.jpg',4,1),(3749,321,5131,'/upload/image/20161116/1479259654179203.jpg',5,1),(3762,323,5148,'/upload/image/20161116/1479260092834001.jpg',0,1),(3763,323,5149,'/upload/image/20161116/1479260092261349.jpg',1,1),(3764,323,5150,'/upload/image/20161116/1479260092532233.jpg',2,1),(3765,323,5151,'/upload/image/20161116/1479260092540160.jpg',3,1),(3766,323,5152,'/upload/image/20161116/1479260092297107.jpg',4,1),(3767,323,5153,'/upload/image/20161116/1479260092128842.jpg',5,1),(3774,324,5162,'/upload/image/20161116/1479260364756693.jpg',0,1),(3775,324,5163,'/upload/image/20161116/1479260364867313.jpg',1,1),(3776,324,5164,'/upload/image/20161116/1479260364382430.jpg',2,1),(3777,324,5165,'/upload/image/20161116/1479260365246037.jpg',3,1),(3778,324,5166,'/upload/image/20161116/1479260365520760.jpg',4,1),(3779,324,5167,'/upload/image/20161116/1479260365556868.jpg',5,1),(3792,326,5183,'/upload/image/20161116/1479260574221344.jpg',0,1),(3793,326,5184,'/upload/image/20161116/1479260574678027.jpg',1,1),(3794,326,5185,'/upload/image/20161116/1479260575244956.jpg',2,1),(3795,326,5186,'/upload/image/20161116/1479260575464192.jpg',3,1),(3796,326,5187,'/upload/image/20161116/1479260575681860.jpg',4,1),(3797,326,5188,'/upload/image/20161116/1479260575508808.jpg',5,1),(3825,327,5222,'/upload/image/20161116/1479261552834982.jpg',0,1),(3826,327,5223,'/upload/image/20161116/1479261553150052.jpg',1,1),(3827,327,5224,'/upload/image/20161116/1479261553893096.jpg',2,1),(3828,327,5225,'/upload/image/20161116/1479261553920978.jpg',3,1),(3829,327,5226,'/upload/image/20161116/1479261553722011.jpg',4,1),(3830,327,5227,'/upload/image/20161116/1479261553122042.jpg',5,1),(3750,329,5133,'/upload/image/20161116/1479259730617201.jpg',0,1),(3751,329,5134,'/upload/image/20161116/1479259730901608.jpg',1,1),(3752,329,5135,'/upload/image/20161116/1479259730365263.jpg',2,1),(3753,329,5136,'/upload/image/20161116/1479259731170232.jpg',3,1),(3754,329,5137,'/upload/image/20161116/1479259731621236.jpg',4,1),(3755,329,5138,'/upload/image/20161116/1479259731352030.jpg',5,1),(3780,330,5169,'/upload/image/20161116/1479260442261485.jpg',0,1),(3781,330,5170,'/upload/image/20161116/1479260443304590.jpg',1,1),(3782,330,5171,'/upload/image/20161116/1479260443531317.jpg',2,1),(3783,330,5172,'/upload/image/20161116/1479260443919387.jpg',3,1),(3784,330,5173,'/upload/image/20161116/1479260443816699.jpg',4,1),(3785,330,5174,'/upload/image/20161116/1479260443723135.jpg',5,1),(3756,332,5141,'/upload/image/20161116/1479259897352996.jpg',0,1),(3757,332,5142,'/upload/image/20161116/1479259897534792.jpg',1,1),(3758,332,5143,'/upload/image/20161116/1479259897955634.jpg',2,1),(3759,332,5144,'/upload/image/20161116/1479259898462729.jpg',3,1),(3760,332,5145,'/upload/image/20161116/1479259898483889.jpg',4,1),(3761,332,5146,'/upload/image/20161116/1479259898514672.jpg',5,1),(3786,334,5176,'/upload/image/20161116/1479260517418110.jpg',0,1),(3787,334,5177,'/upload/image/20161116/1479260517929448.jpg',1,1),(3788,334,5178,'/upload/image/20161116/1479260517939595.jpg',2,1),(3789,334,5179,'/upload/image/20161116/1479260517706310.jpg',3,1),(3790,334,5180,'/upload/image/20161116/1479260517439168.jpg',4,1),(3791,334,5181,'/upload/image/20161116/1479260517430604.jpg',5,1),(3768,335,5155,'/upload/image/20161116/1479260281896301.jpg',0,1),(3769,335,5156,'/upload/image/20161116/1479260281925258.jpg',1,1),(3770,335,5157,'/upload/image/20161116/1479260281390410.jpg',2,1),(3771,335,5158,'/upload/image/20161116/1479260282752513.jpg',3,1),(3772,335,5159,'/upload/image/20161116/1479260282134257.jpg',4,1),(3773,335,5160,'/upload/image/20161116/1479260282618431.jpg',5,1),(3831,343,5229,'/upload/image/20161116/1479261609136580.jpg',0,1),(3832,343,5230,'/upload/image/20161116/1479261609715263.jpg',1,1),(3833,343,5231,'/upload/image/20161116/1479261609210140.jpg',2,1),(3834,343,5232,'/upload/image/20161116/1479261609893870.jpg',3,1),(3835,343,5233,'/upload/image/20161116/1479261609630468.jpg',4,1),(3836,343,5234,'/upload/image/20161116/1479261610107238.jpg',5,1);
/*!40000 ALTER TABLE `test_case_pics` ENABLE KEYS */;
UNLOCK TABLES;
/*!40103 SET TIME_ZONE=@OLD_TIME_ZONE */;

/*!40101 SET SQL_MODE=@OLD_SQL_MODE */;
/*!40014 SET FOREIGN_KEY_CHECKS=@OLD_FOREIGN_KEY_CHECKS */;
/*!40014 SET UNIQUE_CHECKS=@OLD_UNIQUE_CHECKS */;
/*!40101 SET CHARACTER_SET_CLIENT=@OLD_CHARACTER_SET_CLIENT */;
/*!40101 SET CHARACTER_SET_RESULTS=@OLD_CHARACTER_SET_RESULTS */;
/*!40101 SET COLLATION_CONNECTION=@OLD_COLLATION_CONNECTION */;
/*!40111 SET SQL_NOTES=@OLD_SQL_NOTES */;

-- Dump completed on 2016-11-23 17:53:10
-- MySQL dump 10.13  Distrib 5.7.12, for Linux (x86_64)
--
-- Host: rdsnntwuizj75mjskmgr3.mysql.rds.aliyuncs.com    Database: ebiztop
-- ------------------------------------------------------
-- Server version	5.6.29

/*!40101 SET @OLD_CHARACTER_SET_CLIENT=@@CHARACTER_SET_CLIENT */;
/*!40101 SET @OLD_CHARACTER_SET_RESULTS=@@CHARACTER_SET_RESULTS */;
/*!40101 SET @OLD_COLLATION_CONNECTION=@@COLLATION_CONNECTION */;
/*!40101 SET NAMES utf8 */;
/*!40103 SET @OLD_TIME_ZONE=@@TIME_ZONE */;
/*!40103 SET TIME_ZONE='+00:00' */;
/*!40014 SET @OLD_UNIQUE_CHECKS=@@UNIQUE_CHECKS, UNIQUE_CHECKS=0 */;
/*!40014 SET @OLD_FOREIGN_KEY_CHECKS=@@FOREIGN_KEY_CHECKS, FOREIGN_KEY_CHECKS=0 */;
/*!40101 SET @OLD_SQL_MODE=@@SQL_MODE, SQL_MODE='NO_AUTO_VALUE_ON_ZERO' */;
/*!40111 SET @OLD_SQL_NOTES=@@SQL_NOTES, SQL_NOTES=0 */;

--
-- Table structure for table `test_case_spec_prices`
--

DROP TABLE IF EXISTS `test_case_spec_prices`;
/*!40101 SET @saved_cs_client     = @@character_set_client */;
/*!40101 SET character_set_client = utf8 */;
CREATE TABLE `test_case_spec_prices` (
  `id` int(10) unsigned NOT NULL AUTO_INCREMENT,
  `test_case_id` int(10) unsigned NOT NULL COMMENT '实验案例id',
  `spec_price` text COLLATE utf8_unicode_ci NOT NULL COMMENT '以JSON格式保存，规格矩阵的价格和库存，编码信息。',
  PRIMARY KEY (`id`),
  KEY `test_case_spec_prices_test_case_id_index` (`test_case_id`),
  CONSTRAINT `test_case_spec_prices_test_case_id_foreign` FOREIGN KEY (`test_case_id`) REFERENCES `test_cases` (`id`)
) ENGINE=InnoDB AUTO_INCREMENT=959 DEFAULT CHARSET=utf8 COLLATE=utf8_unicode_ci COMMENT='实验案例规格价格表';
/*!40101 SET character_set_client = @saved_cs_client */;

--
-- Dumping data for table `test_case_spec_prices`
--
-- WHERE:  test_case_id in (select id from test_cases where (school_id = 0 and type = 0 and test_id in (select test_id from school_tests where school_id=30)))

LOCK TABLES `test_case_spec_prices` WRITE;
/*!40000 ALTER TABLE `test_case_spec_prices` DISABLE KEYS */;
INSERT INTO `test_case_spec_prices` VALUES (909,254,'[{\"spec\":[{\"id\":\"3370\",\"text\":\"\"},{\"id\":\"3373\",\"text\":\"8\"},{\"id\":\"3518\",\"text\":\"China\"}],\"tid\":\"spec-tr-3370-3373-3518\",\"price\":4.9,\"quantity\":100,\"income\":\"0\",\"code\":\"201601001\"},{\"spec\":[{\"id\":\"3370\",\"text\":\"\"},{\"id\":\"3374\",\"text\":\"8.5\"},{\"id\":\"3518\",\"text\":\"China\"}],\"tid\":\"spec-tr-3370-3374-3518\",\"price\":4.9,\"quantity\":100,\"income\":\"0\",\"code\":\"201601002\"},{\"spec\":[{\"id\":\"3370\",\"text\":\"\"},{\"id\":\"3375\",\"text\":\"9\"},{\"id\":\"3518\",\"text\":\"China\"}],\"tid\":\"spec-tr-3370-3375-3518\",\"price\":4.9,\"quantity\":100,\"income\":\"0\",\"code\":\"201601003\"},{\"spec\":[{\"id\":\"3370\",\"text\":\"\"},{\"id\":\"3376\",\"text\":\"9.5\"},{\"id\":\"3518\",\"text\":\"China\"}],\"tid\":\"spec-tr-3370-3376-3518\",\"price\":4.9,\"quantity\":100,\"income\":\"0\",\"code\":\"201601004\"},{\"spec\":[{\"id\":\"3370\",\"text\":\"\"},{\"id\":\"3377\",\"text\":\"10\"},{\"id\":\"3518\",\"text\":\"China\"}],\"tid\":\"spec-tr-3370-3377-3518\",\"price\":4.9,\"quantity\":100,\"income\":\"0\",\"code\":\"201601005\"},{\"spec\":[{\"id\":\"3370\",\"text\":\"\"},{\"id\":\"3378\",\"text\":\"10.5\"},{\"id\":\"3518\",\"text\":\"China\"}],\"tid\":\"spec-tr-3370-3378-3518\",\"price\":4.9,\"quantity\":100,\"income\":\"0\",\"code\":\"201601006\"},{\"spec\":[{\"id\":\"3370\",\"text\":\"\"},{\"id\":\"3379\",\"text\":\"11\"},{\"id\":\"3518\",\"text\":\"China\"}],\"tid\":\"spec-tr-3370-3379-3518\",\"price\":4.9,\"quantity\":100,\"income\":\"0\",\"code\":\"201601007\"},{\"spec\":[{\"id\":\"3370\",\"text\":\"\"},{\"id\":\"3380\",\"text\":\"11.5\"},{\"id\":\"3518\",\"text\":\"China\"}],\"tid\":\"spec-tr-3370-3380-3518\",\"price\":4.9,\"quantity\":100,\"income\":\"0\",\"code\":\"201601008\"},{\"spec\":[{\"id\":\"3370\",\"text\":\"\"},{\"id\":\"3381\",\"text\":\"12\"},{\"id\":\"3518\",\"text\":\"China\"}],\"tid\":\"spec-tr-3370-3381-3518\",\"price\":4.9,\"quantity\":100,\"income\":\"0\",\"code\":\"201601009\"},{\"spec\":[{\"id\":\"3370\",\"text\":\"\"},{\"id\":\"3382\",\"text\":\"12.5\"},{\"id\":\"3518\",\"text\":\"China\"}],\"tid\":\"spec-tr-3370-3382-3518\",\"price\":4.9,\"quantity\":100,\"income\":\"0\",\"code\":\"201601010\"},{\"spec\":[{\"id\":\"3370\",\"text\":\"\"},{\"id\":\"3383\",\"text\":\"13\"},{\"id\":\"3518\",\"text\":\"China\"}],\"tid\":\"spec-tr-3370-3383-3518\",\"price\":4.9,\"quantity\":100,\"income\":\"0\",\"code\":\"201601011\"},{\"spec\":[{\"id\":\"3370\",\"text\":\"\"},{\"id\":\"3384\",\"text\":\"13.5\"},{\"id\":\"3518\",\"text\":\"China\"}],\"tid\":\"spec-tr-3370-3384-3518\",\"price\":4.9,\"quantity\":100,\"income\":\"0\",\"code\":\"201601012\"}]'),(919,271,'4.9'),(920,272,'12.45'),(921,279,'29.56'),(910,321,'[{\"spec\":[{\"id\":\"3509\",\"text\":\"\"},{\"id\":\"3514\",\"text\":\"China\"}],\"tid\":\"spec-tr-3509-3514\",\"price\":29.56,\"quantity\":100,\"income\":\"0\",\"code\":\"201602001\"}]'),(913,323,'[{\"spec\":[{\"id\":\"3339\",\"text\":\"\"},{\"id\":\"3531\",\"text\":\"Canada\"}],\"tid\":\"spec-tr-3339-3531\",\"price\":6.32,\"quantity\":100,\"income\":\"0\",\"code\":\"201605001\"}]'),(915,324,'[{\"spec\":[{\"id\":\"3061\",\"text\":\"\"}],\"tid\":\"spec-tr-3061\",\"price\":23.62,\"quantity\":100,\"income\":\"0\",\"code\":\"201607001\"}]'),(918,326,'[{\"spec\":[{\"id\":\"3565\",\"text\":\"3.5\"},{\"id\":\"3591\",\"text\":\"red\"},{\"id\":\"3596\",\"text\":\"China\"}],\"tid\":\"spec-tr-3565-3591-3596\",\"price\":14.99,\"quantity\":100,\"income\":\"0\",\"code\":\"201610001\"},{\"spec\":[{\"id\":\"3566\",\"text\":\"4\"},{\"id\":\"3591\",\"text\":\"red\"},{\"id\":\"3596\",\"text\":\"China\"}],\"tid\":\"spec-tr-3566-3591-3596\",\"price\":14.99,\"quantity\":100,\"income\":\"0\",\"code\":\"201610002\"},{\"spec\":[{\"id\":\"3567\",\"text\":\"4.5\"},{\"id\":\"3591\",\"text\":\"red\"},{\"id\":\"3596\",\"text\":\"China\"}],\"tid\":\"spec-tr-3567-3591-3596\",\"price\":14.99,\"quantity\":100,\"income\":\"0\",\"code\":\"201610003\"},{\"spec\":[{\"id\":\"3568\",\"text\":\"5.5\"},{\"id\":\"3591\",\"text\":\"red\"},{\"id\":\"3596\",\"text\":\"China\"}],\"tid\":\"spec-tr-3568-3591-3596\",\"price\":14.99,\"quantity\":100,\"income\":\"0\",\"code\":\"201610004\"},{\"spec\":[{\"id\":\"3569\",\"text\":\"6.5\"},{\"id\":\"3591\",\"text\":\"red\"},{\"id\":\"3596\",\"text\":\"China\"}],\"tid\":\"spec-tr-3569-3591-3596\",\"price\":14.99,\"quantity\":100,\"income\":\"0\",\"code\":\"201610005\"},{\"spec\":[{\"id\":\"3570\",\"text\":\"7.5\"},{\"id\":\"3591\",\"text\":\"red\"},{\"id\":\"3596\",\"text\":\"China\"}],\"tid\":\"spec-tr-3570-3591-3596\",\"price\":14.99,\"quantity\":100,\"income\":\"0\",\"code\":\"201610006\"}]'),(922,327,'[{\"spec\":[{\"id\":\"3599\",\"text\":\"green\"}],\"tid\":\"spec-tr-3599\",\"price\":2.39,\"quantity\":100,\"income\":\"0\",\"code\":\"201611001\"},{\"spec\":[{\"id\":\"3600\",\"text\":\"red\"}],\"tid\":\"spec-tr-3600\",\"price\":2.39,\"quantity\":100,\"income\":\"0\",\"code\":\"201611002\"}]'),(911,329,'[{\"spec\":[{\"id\":\"3524\",\"text\":\"Others\"}],\"tid\":\"spec-tr-3524\",\"price\":98.98,\"quantity\":100,\"income\":\"0\",\"code\":\"201603001\"}]'),(916,330,'[{\"spec\":[{\"id\":\"3217\",\"text\":\"\"}],\"tid\":\"spec-tr-3217\",\"price\":11.29,\"quantity\":100,\"income\":\"0\",\"code\":\"201608001\"}]'),(912,332,'[{\"spec\":[{\"id\":\"3526\",\"text\":\"Canada\"}],\"tid\":\"spec-tr-3526\",\"price\":2.68,\"quantity\":100,\"income\":\"0\",\"code\":\"201604001\"}]'),(917,334,'[]'),(914,335,'[{\"spec\":[{\"id\":\"3617\",\"text\":\"Black\"},{\"id\":\"3538\",\"text\":\"China\"}],\"tid\":\"spec-tr-3617-3538\",\"price\":6.68,\"quantity\":100,\"income\":\"0\",\"code\":\"201606001\"},{\"spec\":[{\"id\":\"3618\",\"text\":\"Pink\"},{\"id\":\"3538\",\"text\":\"China\"}],\"tid\":\"spec-tr-3618-3538\",\"price\":6.68,\"quantity\":100,\"income\":\"0\",\"code\":\"201606002\"},{\"spec\":[{\"id\":\"3619\",\"text\":\"Blue\"},{\"id\":\"3538\",\"text\":\"China\"}],\"tid\":\"spec-tr-3619-3538\",\"price\":6.68,\"quantity\":100,\"income\":\"0\",\"code\":\"201606003\"},{\"spec\":[{\"id\":\"3620\",\"text\":\"Nude\"},{\"id\":\"3538\",\"text\":\"China\"}],\"tid\":\"spec-tr-3620-3538\",\"price\":6.68,\"quantity\":100,\"income\":\"0\",\"code\":\"201606004\"},{\"spec\":[{\"id\":\"3621\",\"text\":\"Wine Red\"},{\"id\":\"3538\",\"text\":\"China\"}],\"tid\":\"spec-tr-3621-3538\",\"price\":6.68,\"quantity\":100,\"income\":\"0\",\"code\":\"201606005\"}]'),(923,343,'[{\"spec\":[{\"id\":\"3607\",\"text\":\"pink\"}],\"tid\":\"spec-tr-3607\",\"price\":8.92,\"quantity\":100,\"income\":\"0\",\"code\":\"201612001\"}]');
/*!40000 ALTER TABLE `test_case_spec_prices` ENABLE KEYS */;
UNLOCK TABLES;
/*!40103 SET TIME_ZONE=@OLD_TIME_ZONE */;

/*!40101 SET SQL_MODE=@OLD_SQL_MODE */;
/*!40014 SET FOREIGN_KEY_CHECKS=@OLD_FOREIGN_KEY_CHECKS */;
/*!40014 SET UNIQUE_CHECKS=@OLD_UNIQUE_CHECKS */;
/*!40101 SET CHARACTER_SET_CLIENT=@OLD_CHARACTER_SET_CLIENT */;
/*!40101 SET CHARACTER_SET_RESULTS=@OLD_CHARACTER_SET_RESULTS */;
/*!40101 SET COLLATION_CONNECTION=@OLD_COLLATION_CONNECTION */;
/*!40111 SET SQL_NOTES=@OLD_SQL_NOTES */;

-- Dump completed on 2016-11-23 17:53:10
